MARKET,METRIC,PRODUCT,ROW_TYPE,NON_APPROVED_FLAG,WEEK_ENDING,TRX_ADJUSTED
SI Market + Oral,TRx (Adjusted),SI Market + Oral,MARKET_TOTAL,N,2024-05-03,58947.645929170976
SI Market + Oral,TRx (Adjusted),SI Market + Oral,MARKET_TOTAL,N,2024-05-10,52067.5153649748
SI Market + Oral,TRx (Adjusted),SI Market + Oral,MARKET_TOTAL,N,2024-05-17,56920.80857171112
SI Market + Oral,TRx (Adjusted),SI Market + Oral,MARKET_TOTAL,N,2024-05-24,71463.26615181394
SI Market + Oral,TRx (Adjusted),SI Market + Oral,MARKET_TOTAL,N,2024-05-31,46715.79510231814
SI Market + Oral,TRx (Adjusted),SI Market + Oral,MARKET_TOTAL,N,2024-06-07,65038.79434653598
SI Market + Oral,TRx (Adjusted),SI Market + Oral,MARKET_TOTAL,N,2024-06-14,64747.7744620596
SI Market + Oral,TRx (Adjusted),SI Market + Oral,MARKET_TOTAL,N,2024-06-21,56186.39285468147
SI Market + Oral,TRx (Adjusted),SI Market + Oral,MARKET_TOTAL,N,2024-06-28,38361.21283923372
SI Market + Oral,TRx (Adjusted),SI Market + Oral,MARKET_TOTAL,N,2024-07-05,49506.89392846276
SI Market + Oral,TRx (Adjusted),SI Market + Oral,MARKET_TOTAL,N,2024-07-12,62457.15247981338
SI Market + Oral,TRx (Adjusted),SI Market + Oral,MARKET_TOTAL,N,2024-07-19,60368.954572310446
SI Market + Oral,TRx (Adjusted),SI Market + Oral,MARKET_TOTAL,N,2024-07-26,64460.99086268041
SI Market + Oral,TRx (Adjusted),SI Market + Oral,MARKET_TOTAL,N,2024-08-02,68819.11502745158
SI Market + Oral,TRx (Adjusted),SI Market + Oral,MARKET_TOTAL,N,2024-08-09,50597.18962983469
SI Market + Oral,TRx (Adjusted),SI Market + Oral,MARKET_TOTAL,N,2024-08-16,62843.7533181196
SI Market + Oral,TRx (Adjusted),SI Market + Oral,MARKET_TOTAL,N,2024-08-23,48982.215812874194
SI Market + Oral,TRx (Adjusted),SI Market + Oral,MARKET_TOTAL,N,2024-08-30,41175.63334146202
SI Market + Oral,TRx (Adjusted),SI Market + Oral,MARKET_TOTAL,N,2024-09-06,63674.46766526266
SI Market + Oral,TRx (Adjusted),SI Market + Oral,MARKET_TOTAL,N,2024-09-13,60810.31586945199
SI Market + Oral,TRx (Adjusted),SI Market + Oral,MARKET_TOTAL,N,2024-09-20,64121.73403404364
SI Market + Oral,TRx (Adjusted),SI Market + Oral,MARKET_TOTAL,N,2024-09-27,45946.75473800601
SI Market + Oral,TRx (Adjusted),SI Market + Oral,MARKET_TOTAL,N,2024-10-04,57712.41859854343
SI Market + Oral,TRx (Adjusted),SI Market + Oral,MARKET_TOTAL,N,2024-10-11,64020.64740324129
SI Market + Oral,TRx (Adjusted),SI Market + Oral,MARKET_TOTAL,N,2024-10-18,56799.84924450527
SI Market + Oral,TRx (Adjusted),SI Market + Oral,MARKET_TOTAL,N,2024-10-25,53270.63200228306
SI Market + Oral,TRx (Adjusted),SI Market + Oral,MARKET_TOTAL,N,2024-11-01,51071.471223398665
SI Market + Oral,TRx (Adjusted),SI Market + Oral,MARKET_TOTAL,N,2024-11-08,50226.432588741205
SI Market + Oral,TRx (Adjusted),SI Market + Oral,MARKET_TOTAL,N,2024-11-15,64631.22113194447
SI Market + Oral,TRx (Adjusted),SI Market + Oral,MARKET_TOTAL,N,2024-11-22,66772.53757041584
SI Market + Oral,TRx (Adjusted),SI Market + Oral,MARKET_TOTAL,N,2024-11-29,55613.23011818247
SI Market + Oral,TRx (Adjusted),SI Market + Oral,MARKET_TOTAL,N,2024-12-06,77156.3284199191
SI Market + Oral,TRx (Adjusted),SI Market + Oral,MARKET_TOTAL,N,2024-12-13,60048.42736146704
SI Market + Oral,TRx (Adjusted),SI Market + Oral,MARKET_TOTAL,N,2024-12-20,66995.95102908222
SI Market + Oral,TRx (Adjusted),SI Market + Oral,MARKET_TOTAL,N,2024-12-27,38668.03331443534
SI Market + Oral,TRx (Adjusted),SI Market + Oral,MARKET_TOTAL,N,2025-01-03,41189.011638474825
SI Market + Oral,TRx (Adjusted),SI Market + Oral,MARKET_TOTAL,N,2025-01-10,70999.80565550498
SI Market + Oral,TRx (Adjusted),SI Market + Oral,MARKET_TOTAL,N,2025-01-17,63352.81664723177
SI Market + Oral,TRx (Adjusted),SI Market + Oral,MARKET_TOTAL,N,2025-01-24,51909.397920757925
SI Market + Oral,TRx (Adjusted),SI Market + Oral,MARKET_TOTAL,N,2025-01-31,65102.58635961196
SI Market + Oral,TRx (Adjusted),SI Market + Oral,MARKET_TOTAL,N,2025-02-07,60591.765723697215
SI Market + Oral,TRx (Adjusted),SI Market + Oral,MARKET_TOTAL,N,2025-02-14,66704.91448264956
SI Market + Oral,TRx (Adjusted),SI Market + Oral,MARKET_TOTAL,N,2025-02-21,74262.69932347912
SI Market + Oral,TRx (Adjusted),SI Market + Oral,MARKET_TOTAL,N,2025-02-28,55531.79818218126
SI Market + Oral,TRx (Adjusted),SI Market + Oral,MARKET_TOTAL,N,2025-03-07,72692.1552654029
SI Market + Oral,TRx (Adjusted),SI Market + Oral,MARKET_TOTAL,N,2025-03-14,64355.65795027495
SI Market + Oral,TRx (Adjusted),SI Market + Oral,MARKET_TOTAL,N,2025-03-21,79896.75999569628
SI Market + Oral,TRx (Adjusted),SI Market + Oral,MARKET_TOTAL,N,2025-03-28,67161.06683881997
SI Market + Oral,TRx (Adjusted),SI Market + Oral,MARKET_TOTAL,N,2025-04-04,75985.26601536722
SI Market + Oral,TRx (Adjusted),SI Market + Oral,MARKET_TOTAL,N,2025-04-11,52413.18989398368
SI Market + Oral,TRx (Adjusted),SI Market + Oral,MARKET_TOTAL,N,2025-04-18,57761.06169164967
SI Market + Oral,TRx (Adjusted),SI Market + Oral,MARKET_TOTAL,N,2025-04-25,47701.95346075441
SI Market + Oral,TRx (Adjusted),SI Market + Oral,MARKET_TOTAL,N,2025-05-02,58238.39254532422
SI Market + Oral,TRx (Adjusted),SI Market + Oral,MARKET_TOTAL,N,2025-05-09,55860.32594884325
SI Market + Oral,TRx (Adjusted),SI Market + Oral,MARKET_TOTAL,N,2025-05-16,55493.333202535
SI Market + Oral,TRx (Adjusted),SI Market + Oral,MARKET_TOTAL,N,2025-05-23,78486.4668458233
SI Market + Oral,TRx (Adjusted),SI Market + Oral,MARKET_TOTAL,N,2025-05-30,57597.31656176485
SI Market + Oral,TRx (Adjusted),SI Market + Oral,MARKET_TOTAL,N,2025-06-06,66885.25981015837
SI Market + Oral,TRx (Adjusted),SI Market + Oral,MARKET_TOTAL,N,2025-06-13,58182.47391780299
SI Market + Oral,TRx (Adjusted),SI Market + Oral,MARKET_TOTAL,N,2025-06-20,53581.38647999088
SI Market + Oral,TRx (Adjusted),SI Market + Oral,MARKET_TOTAL,N,2025-06-27,88460.4335896271
SI Market + Oral,TRx (Adjusted),SI Market + Oral,MARKET_TOTAL,N,2025-07-04,52582.0449713803
SI Market + Oral,TRx (Adjusted),SI Market + Oral,MARKET_TOTAL,N,2025-07-11,77481.08809803287
SI Market + Oral,TRx (Adjusted),SI Market + Oral,MARKET_TOTAL,N,2025-07-18,83107.30348844727
SI Market + Oral,TRx (Adjusted),SI Market + Oral,MARKET_TOTAL,N,2025-07-25,77239.84031436873
SI Market + Oral,TRx (Adjusted),SI Market + Oral,MARKET_TOTAL,N,2025-08-01,57144.85413524735
SI Market + Oral,TRx (Adjusted),SI Market + Oral,MARKET_TOTAL,N,2025-08-08,69388.15995663441
SI Market + Oral,TRx (Adjusted),SI Market + Oral,MARKET_TOTAL,N,2025-08-15,82685.2723041708
SI Market + Oral,TRx (Adjusted),SI Market + Oral,MARKET_TOTAL,N,2025-08-22,57109.65305355159
SI Market + Oral,TRx (Adjusted),SI Market + Oral,MARKET_TOTAL,N,2025-08-29,52576.53311115583
SI Market + Oral,TRx (Adjusted),SI Market + Oral,MARKET_TOTAL,N,2025-09-05,58643.89002738188
SI Market + Oral,TRx (Adjusted),SI Market + Oral,MARKET_TOTAL,N,2025-09-12,80291.32502218548
SI Market + Oral,TRx (Adjusted),SI Market + Oral,MARKET_TOTAL,N,2025-09-19,79555.46471736064
SI Market + Oral,TRx (Adjusted),SI Market + Oral,MARKET_TOTAL,N,2025-09-26,85281.65534671397
SI Market + Oral,TRx (Adjusted),SI Market + Oral,MARKET_TOTAL,N,2025-10-03,79110.06706247086
SI Market + Oral,TRx (Adjusted),SI Market + Oral,MARKET_TOTAL,N,2025-10-10,72852.35313008467
SI Market + Oral,TRx (Adjusted),SI Market + Oral,MARKET_TOTAL,N,2025-10-17,77876.38676326444
SI Market + Oral,TRx (Adjusted),SI Market + Oral,MARKET_TOTAL,N,2025-10-24,65242.86888288491
SI Market + Oral,TRx (Adjusted),SI Market + Oral,MARKET_TOTAL,N,2025-10-31,74426.62209645998
SI Market + Oral,TRx (Adjusted),SI Market + Oral,MARKET_TOTAL,N,2025-11-07,72577.43716752192
SI Market + Oral,TRx (Adjusted),SI Market + Oral,MARKET_TOTAL,N,2025-11-14,76414.31959009575
SI Market + Oral,TRx (Adjusted),SI Market + Oral,MARKET_TOTAL,N,2025-11-21,69239.91263421618
SI Market + Oral,TRx (Adjusted),SI Market + Oral,MARKET_TOTAL,N,2025-11-28,67975.07135564715
SI Market + Oral,TRx (Adjusted),SI Market + Oral,MARKET_TOTAL,N,2025-12-05,72396.77505540327
SI Market + Oral,TRx (Adjusted),SI Market + Oral,MARKET_TOTAL,N,2025-12-12,72966.64064600752
SI Market + Oral,TRx (Adjusted),SI Market + Oral,MARKET_TOTAL,N,2025-12-19,58081.808766375165
SI Market + Oral,TRx (Adjusted),SI Market + Oral,MARKET_TOTAL,N,2025-12-26,55939.679242571074
SI Market + Oral,TRx (Adjusted),SI Market + Oral,MARKET_TOTAL,N,2026-01-02,61049.53375103243
SI Market + Oral,TRx (Adjusted),SI Market + Oral,MARKET_TOTAL,N,2026-01-09,66581.35040813002
SI Market + Oral,TRx (Adjusted),SI Market + Oral,MARKET_TOTAL,N,2026-01-16,70044.85623641845
SI Market + Oral,TRx (Adjusted),SI Market + Oral,MARKET_TOTAL,N,2026-01-23,60305.75604017206
SI Market + Oral,TRx (Adjusted),SI Market + Oral,MARKET_TOTAL,N,2026-01-30,65093.86786133399
SI Market + Oral,TRx (Adjusted),SI Market + Oral,MARKET_TOTAL,N,2026-02-06,82685.39733405478
SI Market + Oral,TRx (Adjusted),SI Market + Oral,MARKET_TOTAL,N,2026-02-13,69511.01558729146
SI Market + Oral,TRx (Adjusted),SI Market + Oral,MARKET_TOTAL,N,2026-02-20,80590.44677494338
SI Market + Oral,TRx (Adjusted),SI Market + Oral,MARKET_TOTAL,N,2026-02-27,93290.2471586028
SI Market + Oral,TRx (Adjusted),SI Market + Oral,MARKET_TOTAL,N,2026-03-06,63687.95044379872
SI Market + Oral,TRx (Adjusted),SI Market + Oral,MARKET_TOTAL,N,2026-03-13,53517.839473745305
SI Market + Oral,TRx (Adjusted),SI Market + Oral,MARKET_TOTAL,N,2026-03-20,64776.10942308917
SI Market + Oral,TRx (Adjusted),SI Market + Oral,MARKET_TOTAL,N,2026-03-27,87011.53034033187
SI Market + Oral,TRx (Adjusted),SI Market + Oral,MARKET_TOTAL,N,2026-04-03,78076.13510899524
SI Market + Oral,TRx (Adjusted),SI Market + Oral,MARKET_TOTAL,N,2026-04-10,75602.07830965257
SI Market + Oral,TRx (Adjusted),SI Market + Oral,MARKET_TOTAL,N,2026-04-17,54510.60929994172
SI Market + Oral,TRx (Adjusted),SI Market + Oral,MARKET_TOTAL,N,2026-04-24,87443.7495305314
SI Market + Oral,TRx (Adjusted),SI Market + Oral,MARKET_TOTAL,N,2026-05-01,74531.13660297901
SI Market + Oral,TRx (Adjusted),SI Market + Oral,MARKET_TOTAL,N,2026-05-08,77163.85884000004
SI Market + Oral,TRx (Adjusted),HUMIRA (Including Citrate Free),PRODUCT,N,2024-05-03,25449.773826765133
SI Market + Oral,TRx (Adjusted),HUMIRA (Including Citrate Free),PRODUCT,N,2024-05-10,18440.394765540044
SI Market + Oral,TRx (Adjusted),HUMIRA (Including Citrate Free),PRODUCT,N,2024-05-17,31690.98861019837
SI Market + Oral,TRx (Adjusted),HUMIRA (Including Citrate Free),PRODUCT,N,2024-05-24,20215.86520874187
SI Market + Oral,TRx (Adjusted),HUMIRA (Including Citrate Free),PRODUCT,N,2024-05-31,13938.766198466386
SI Market + Oral,TRx (Adjusted),HUMIRA (Including Citrate Free),PRODUCT,N,2024-06-07,26257.595914695987
SI Market + Oral,TRx (Adjusted),HUMIRA (Including Citrate Free),PRODUCT,N,2024-06-14,32857.82474183307
SI Market + Oral,TRx (Adjusted),HUMIRA (Including Citrate Free),PRODUCT,N,2024-06-21,21920.80732997801
SI Market + Oral,TRx (Adjusted),HUMIRA (Including Citrate Free),PRODUCT,N,2024-06-28,10732.35402727855
SI Market + Oral,TRx (Adjusted),HUMIRA (Including Citrate Free),PRODUCT,N,2024-07-05,14949.006800611536
SI Market + Oral,TRx (Adjusted),HUMIRA (Including Citrate Free),PRODUCT,N,2024-07-12,20921.625902643264
SI Market + Oral,TRx (Adjusted),HUMIRA (Including Citrate Free),PRODUCT,N,2024-07-19,24644.503715945302
SI Market + Oral,TRx (Adjusted),HUMIRA (Including Citrate Free),PRODUCT,N,2024-07-26,26338.84347530739
SI Market + Oral,TRx (Adjusted),HUMIRA (Including Citrate Free),PRODUCT,N,2024-08-02,30996.185288964545
SI Market + Oral,TRx (Adjusted),HUMIRA (Including Citrate Free),PRODUCT,N,2024-08-09,21382.951409448106
SI Market + Oral,TRx (Adjusted),HUMIRA (Including Citrate Free),PRODUCT,N,2024-08-16,16984.853580113857
SI Market + Oral,TRx (Adjusted),HUMIRA (Including Citrate Free),PRODUCT,N,2024-08-23,15923.954577603245
SI Market + Oral,TRx (Adjusted),HUMIRA (Including Citrate Free),PRODUCT,N,2024-08-30,11661.600629830556
SI Market + Oral,TRx (Adjusted),HUMIRA (Including Citrate Free),PRODUCT,N,2024-09-06,24119.51392119053
SI Market + Oral,TRx (Adjusted),HUMIRA (Including Citrate Free),PRODUCT,N,2024-09-13,27347.981559629327
SI Market + Oral,TRx (Adjusted),HUMIRA (Including Citrate Free),PRODUCT,N,2024-09-20,21360.6667490865
SI Market + Oral,TRx (Adjusted),HUMIRA (Including Citrate Free),PRODUCT,N,2024-09-27,19004.92918573694
SI Market + Oral,TRx (Adjusted),HUMIRA (Including Citrate Free),PRODUCT,N,2024-10-04,24796.45097634524
SI Market + Oral,TRx (Adjusted),HUMIRA (Including Citrate Free),PRODUCT,N,2024-10-11,23730.619795561528
SI Market + Oral,TRx (Adjusted),HUMIRA (Including Citrate Free),PRODUCT,N,2024-10-18,29434.945065466127
SI Market + Oral,TRx (Adjusted),HUMIRA (Including Citrate Free),PRODUCT,N,2024-10-25,15683.154838180888
SI Market + Oral,TRx (Adjusted),HUMIRA (Including Citrate Free),PRODUCT,N,2024-11-01,18686.28690263711
SI Market + Oral,TRx (Adjusted),HUMIRA (Including Citrate Free),PRODUCT,N,2024-11-08,9638.599883300594
SI Market + Oral,TRx (Adjusted),HUMIRA (Including Citrate Free),PRODUCT,N,2024-11-15,15161.523857155084
SI Market + Oral,TRx (Adjusted),HUMIRA (Including Citrate Free),PRODUCT,N,2024-11-22,22008.028507079587
SI Market + Oral,TRx (Adjusted),HUMIRA (Including Citrate Free),PRODUCT,N,2024-11-29,16708.186060872402
SI Market + Oral,TRx (Adjusted),HUMIRA (Including Citrate Free),PRODUCT,N,2024-12-06,30682.05659721247
SI Market + Oral,TRx (Adjusted),HUMIRA (Including Citrate Free),PRODUCT,N,2024-12-13,17479.547854300286
SI Market + Oral,TRx (Adjusted),HUMIRA (Including Citrate Free),PRODUCT,N,2024-12-20,20057.662633271902
SI Market + Oral,TRx (Adjusted),HUMIRA (Including Citrate Free),PRODUCT,N,2024-12-27,11761.759255603947
SI Market + Oral,TRx (Adjusted),HUMIRA (Including Citrate Free),PRODUCT,N,2025-01-03,11960.707597799366
SI Market + Oral,TRx (Adjusted),HUMIRA (Including Citrate Free),PRODUCT,N,2025-01-10,8604.46018790926
SI Market + Oral,TRx (Adjusted),HUMIRA (Including Citrate Free),PRODUCT,N,2025-01-17,15929.671082757935
SI Market + Oral,TRx (Adjusted),HUMIRA (Including Citrate Free),PRODUCT,N,2025-01-24,10639.304137297457
SI Market + Oral,TRx (Adjusted),HUMIRA (Including Citrate Free),PRODUCT,N,2025-01-31,19566.658077112395
SI Market + Oral,TRx (Adjusted),HUMIRA (Including Citrate Free),PRODUCT,N,2025-02-07,13783.64332983718
SI Market + Oral,TRx (Adjusted),HUMIRA (Including Citrate Free),PRODUCT,N,2025-02-14,19420.141131634533
SI Market + Oral,TRx (Adjusted),HUMIRA (Including Citrate Free),PRODUCT,N,2025-02-21,18931.764422082877
SI Market + Oral,TRx (Adjusted),HUMIRA (Including Citrate Free),PRODUCT,N,2025-02-28,15547.059819744693
SI Market + Oral,TRx (Adjusted),HUMIRA (Including Citrate Free),PRODUCT,N,2025-03-07,25584.533683762234
SI Market + Oral,TRx (Adjusted),HUMIRA (Including Citrate Free),PRODUCT,N,2025-03-14,22571.63079767962
SI Market + Oral,TRx (Adjusted),HUMIRA (Including Citrate Free),PRODUCT,N,2025-03-21,16243.626490844346
SI Market + Oral,TRx (Adjusted),HUMIRA (Including Citrate Free),PRODUCT,N,2025-03-28,12310.693212555248
SI Market + Oral,TRx (Adjusted),HUMIRA (Including Citrate Free),PRODUCT,N,2025-04-04,19678.699870857992
SI Market + Oral,TRx (Adjusted),HUMIRA (Including Citrate Free),PRODUCT,N,2025-04-11,12170.49216809942
SI Market + Oral,TRx (Adjusted),HUMIRA (Including Citrate Free),PRODUCT,N,2025-04-18,9401.638882217618
SI Market + Oral,TRx (Adjusted),HUMIRA (Including Citrate Free),PRODUCT,N,2025-04-25,6636.058501930517
SI Market + Oral,TRx (Adjusted),HUMIRA (Including Citrate Free),PRODUCT,N,2025-05-02,16005.838083471504
SI Market + Oral,TRx (Adjusted),HUMIRA (Including Citrate Free),PRODUCT,N,2025-05-09,15825.294144656204
SI Market + Oral,TRx (Adjusted),HUMIRA (Including Citrate Free),PRODUCT,N,2025-05-16,20599.32241325352
SI Market + Oral,TRx (Adjusted),HUMIRA (Including Citrate Free),PRODUCT,N,2025-05-23,19964.870230178363
SI Market + Oral,TRx (Adjusted),HUMIRA (Including Citrate Free),PRODUCT,N,2025-05-30,16750.52056168112
SI Market + Oral,TRx (Adjusted),HUMIRA (Including Citrate Free),PRODUCT,N,2025-06-06,20358.65834990095
SI Market + Oral,TRx (Adjusted),HUMIRA (Including Citrate Free),PRODUCT,N,2025-06-13,7901.329817778103
SI Market + Oral,TRx (Adjusted),HUMIRA (Including Citrate Free),PRODUCT,N,2025-06-20,8247.652581911267
SI Market + Oral,TRx (Adjusted),HUMIRA (Including Citrate Free),PRODUCT,N,2025-06-27,15283.258555043729
SI Market + Oral,TRx (Adjusted),HUMIRA (Including Citrate Free),PRODUCT,N,2025-07-04,10973.125943168
SI Market + Oral,TRx (Adjusted),HUMIRA (Including Citrate Free),PRODUCT,N,2025-07-11,18097.14950869421
SI Market + Oral,TRx (Adjusted),HUMIRA (Including Citrate Free),PRODUCT,N,2025-07-18,19906.6130808226
SI Market + Oral,TRx (Adjusted),HUMIRA (Including Citrate Free),PRODUCT,N,2025-07-25,17975.70234544972
SI Market + Oral,TRx (Adjusted),HUMIRA (Including Citrate Free),PRODUCT,N,2025-08-01,10671.949613853129
SI Market + Oral,TRx (Adjusted),HUMIRA (Including Citrate Free),PRODUCT,N,2025-08-08,17928.76429079016
SI Market + Oral,TRx (Adjusted),HUMIRA (Including Citrate Free),PRODUCT,N,2025-08-15,9703.41417342114
SI Market + Oral,TRx (Adjusted),HUMIRA (Including Citrate Free),PRODUCT,N,2025-08-22,8933.125892955979
SI Market + Oral,TRx (Adjusted),HUMIRA (Including Citrate Free),PRODUCT,N,2025-08-29,10145.606330458537
SI Market + Oral,TRx (Adjusted),HUMIRA (Including Citrate Free),PRODUCT,N,2025-09-05,6871.812532317565
SI Market + Oral,TRx (Adjusted),HUMIRA (Including Citrate Free),PRODUCT,N,2025-09-12,12778.865307613274
SI Market + Oral,TRx (Adjusted),HUMIRA (Including Citrate Free),PRODUCT,N,2025-09-19,19451.54771502468
SI Market + Oral,TRx (Adjusted),HUMIRA (Including Citrate Free),PRODUCT,N,2025-09-26,9405.745012964237
SI Market + Oral,TRx (Adjusted),HUMIRA (Including Citrate Free),PRODUCT,N,2025-10-03,6265.874539284577
SI Market + Oral,TRx (Adjusted),HUMIRA (Including Citrate Free),PRODUCT,N,2025-10-10,10893.049412750765
SI Market + Oral,TRx (Adjusted),HUMIRA (Including Citrate Free),PRODUCT,N,2025-10-17,7436.931675476741
SI Market + Oral,TRx (Adjusted),HUMIRA (Including Citrate Free),PRODUCT,N,2025-10-24,17639.836229623004
SI Market + Oral,TRx (Adjusted),HUMIRA (Including Citrate Free),PRODUCT,N,2025-10-31,14845.88206967394
SI Market + Oral,TRx (Adjusted),HUMIRA (Including Citrate Free),PRODUCT,N,2025-11-07,14131.215951836648
SI Market + Oral,TRx (Adjusted),HUMIRA (Including Citrate Free),PRODUCT,N,2025-11-14,16999.541010327073
SI Market + Oral,TRx (Adjusted),HUMIRA (Including Citrate Free),PRODUCT,N,2025-11-21,12295.77755155387
SI Market + Oral,TRx (Adjusted),HUMIRA (Including Citrate Free),PRODUCT,N,2025-11-28,13613.640933902192
SI Market + Oral,TRx (Adjusted),HUMIRA (Including Citrate Free),PRODUCT,N,2025-12-05,9530.537608527078
SI Market + Oral,TRx (Adjusted),HUMIRA (Including Citrate Free),PRODUCT,N,2025-12-12,6040.209957506431
SI Market + Oral,TRx (Adjusted),HUMIRA (Including Citrate Free),PRODUCT,N,2025-12-19,8461.893914411736
SI Market + Oral,TRx (Adjusted),HUMIRA (Including Citrate Free),PRODUCT,N,2025-12-26,9606.864578463994
SI Market + Oral,TRx (Adjusted),HUMIRA (Including Citrate Free),PRODUCT,N,2026-01-02,10176.696576697368
SI Market + Oral,TRx (Adjusted),HUMIRA (Including Citrate Free),PRODUCT,N,2026-01-09,6674.146308102019
SI Market + Oral,TRx (Adjusted),HUMIRA (Including Citrate Free),PRODUCT,N,2026-01-16,10027.883192859104
SI Market + Oral,TRx (Adjusted),HUMIRA (Including Citrate Free),PRODUCT,N,2026-01-23,5102.254151843222
SI Market + Oral,TRx (Adjusted),HUMIRA (Including Citrate Free),PRODUCT,N,2026-01-30,10248.84058236542
SI Market + Oral,TRx (Adjusted),HUMIRA (Including Citrate Free),PRODUCT,N,2026-02-06,10915.900838503076
SI Market + Oral,TRx (Adjusted),HUMIRA (Including Citrate Free),PRODUCT,N,2026-02-13,7237.682148636953
SI Market + Oral,TRx (Adjusted),HUMIRA (Including Citrate Free),PRODUCT,N,2026-02-20,6931.518849681705
SI Market + Oral,TRx (Adjusted),HUMIRA (Including Citrate Free),PRODUCT,N,2026-02-27,8225.819639761909
SI Market + Oral,TRx (Adjusted),HUMIRA (Including Citrate Free),PRODUCT,N,2026-03-06,5623.34296677017
SI Market + Oral,TRx (Adjusted),HUMIRA (Including Citrate Free),PRODUCT,N,2026-03-13,4895.511105424775
SI Market + Oral,TRx (Adjusted),HUMIRA (Including Citrate Free),PRODUCT,N,2026-03-20,5576.930924052958
SI Market + Oral,TRx (Adjusted),HUMIRA (Including Citrate Free),PRODUCT,N,2026-03-27,12043.111281487922
SI Market + Oral,TRx (Adjusted),HUMIRA (Including Citrate Free),PRODUCT,N,2026-04-03,9583.898980093749
SI Market + Oral,TRx (Adjusted),HUMIRA (Including Citrate Free),PRODUCT,N,2026-04-10,6814.034750483159
SI Market + Oral,TRx (Adjusted),HUMIRA (Including Citrate Free),PRODUCT,N,2026-04-17,4163.268340242551
SI Market + Oral,TRx (Adjusted),HUMIRA (Including Citrate Free),PRODUCT,N,2026-04-24,8225.564085021324
SI Market + Oral,TRx (Adjusted),HUMIRA (Including Citrate Free),PRODUCT,N,2026-05-01,8234.665602823265
SI Market + Oral,TRx (Adjusted),HUMIRA (Including Citrate Free),PRODUCT,N,2026-05-08,9487.981767508538
SI Market + Oral,TRx (Adjusted),ADALIMUMAB,PRODUCT,N,2024-05-03,3873.959664472479
SI Market + Oral,TRx (Adjusted),ADALIMUMAB,PRODUCT,N,2024-05-10,3157.432409369302
SI Market + Oral,TRx (Adjusted),ADALIMUMAB,PRODUCT,N,2024-05-17,2882.485742559861
SI Market + Oral,TRx (Adjusted),ADALIMUMAB,PRODUCT,N,2024-05-24,8762.182554428939
SI Market + Oral,TRx (Adjusted),ADALIMUMAB,PRODUCT,N,2024-05-31,3497.945613220748
SI Market + Oral,TRx (Adjusted),ADALIMUMAB,PRODUCT,N,2024-06-07,4490.725403352594
SI Market + Oral,TRx (Adjusted),ADALIMUMAB,PRODUCT,N,2024-06-14,5236.721228653035
SI Market + Oral,TRx (Adjusted),ADALIMUMAB,PRODUCT,N,2024-06-21,6060.32007528482
SI Market + Oral,TRx (Adjusted),ADALIMUMAB,PRODUCT,N,2024-06-28,3070.958308635787
SI Market + Oral,TRx (Adjusted),ADALIMUMAB,PRODUCT,N,2024-07-05,7655.339002019063
SI Market + Oral,TRx (Adjusted),ADALIMUMAB,PRODUCT,N,2024-07-12,6405.886223975293
SI Market + Oral,TRx (Adjusted),ADALIMUMAB,PRODUCT,N,2024-07-19,7154.548264079857
SI Market + Oral,TRx (Adjusted),ADALIMUMAB,PRODUCT,N,2024-07-26,4448.455742941977
SI Market + Oral,TRx (Adjusted),ADALIMUMAB,PRODUCT,N,2024-08-02,6579.201488518446
SI Market + Oral,TRx (Adjusted),ADALIMUMAB,PRODUCT,N,2024-08-09,5039.099863236475
SI Market + Oral,TRx (Adjusted),ADALIMUMAB,PRODUCT,N,2024-08-16,6993.032385973787
SI Market + Oral,TRx (Adjusted),ADALIMUMAB,PRODUCT,N,2024-08-23,2785.1727997974194
SI Market + Oral,TRx (Adjusted),ADALIMUMAB,PRODUCT,N,2024-08-30,6490.819262678295
SI Market + Oral,TRx (Adjusted),ADALIMUMAB,PRODUCT,N,2024-09-06,2956.2805609715115
SI Market + Oral,TRx (Adjusted),ADALIMUMAB,PRODUCT,N,2024-09-13,6207.825580078123
SI Market + Oral,TRx (Adjusted),ADALIMUMAB,PRODUCT,N,2024-09-20,5851.780404537426
SI Market + Oral,TRx (Adjusted),ADALIMUMAB,PRODUCT,N,2024-09-27,3013.254300594318
SI Market + Oral,TRx (Adjusted),ADALIMUMAB,PRODUCT,N,2024-10-04,4000.1040891920215
SI Market + Oral,TRx (Adjusted),ADALIMUMAB,PRODUCT,N,2024-10-11,7742.6011503488735
SI Market + Oral,TRx (Adjusted),ADALIMUMAB,PRODUCT,N,2024-10-18,4809.187367652823
SI Market + Oral,TRx (Adjusted),ADALIMUMAB,PRODUCT,N,2024-10-25,7041.485794580593
SI Market + Oral,TRx (Adjusted),ADALIMUMAB,PRODUCT,N,2024-11-01,5765.517078463519
SI Market + Oral,TRx (Adjusted),ADALIMUMAB,PRODUCT,N,2024-11-08,5602.182568226709
SI Market + Oral,TRx (Adjusted),ADALIMUMAB,PRODUCT,N,2024-11-15,6686.960911488884
SI Market + Oral,TRx (Adjusted),ADALIMUMAB,PRODUCT,N,2024-11-22,2976.1362127275224
SI Market + Oral,TRx (Adjusted),ADALIMUMAB,PRODUCT,N,2024-11-29,7436.850572283229
SI Market + Oral,TRx (Adjusted),ADALIMUMAB,PRODUCT,N,2024-12-06,8444.518883209515
SI Market + Oral,TRx (Adjusted),ADALIMUMAB,PRODUCT,N,2024-12-13,7405.735650360391
SI Market + Oral,TRx (Adjusted),ADALIMUMAB,PRODUCT,N,2024-12-20,3669.5337950266135
SI Market + Oral,TRx (Adjusted),ADALIMUMAB,PRODUCT,N,2024-12-27,4617.160987739946
SI Market + Oral,TRx (Adjusted),ADALIMUMAB,PRODUCT,N,2025-01-03,6331.1788868818685
SI Market + Oral,TRx (Adjusted),ADALIMUMAB,PRODUCT,N,2025-01-10,10151.742881774271
SI Market + Oral,TRx (Adjusted),ADALIMUMAB,PRODUCT,N,2025-01-17,8136.995946579424
SI Market + Oral,TRx (Adjusted),ADALIMUMAB,PRODUCT,N,2025-01-24,6416.395458828003
SI Market + Oral,TRx (Adjusted),ADALIMUMAB,PRODUCT,N,2025-01-31,5749.638271687033
SI Market + Oral,TRx (Adjusted),ADALIMUMAB,PRODUCT,N,2025-02-07,6740.612408276558
SI Market + Oral,TRx (Adjusted),ADALIMUMAB,PRODUCT,N,2025-02-14,5943.20061311645
SI Market + Oral,TRx (Adjusted),ADALIMUMAB,PRODUCT,N,2025-02-21,7341.935675584236
SI Market + Oral,TRx (Adjusted),ADALIMUMAB,PRODUCT,N,2025-02-28,5351.958262121808
SI Market + Oral,TRx (Adjusted),ADALIMUMAB,PRODUCT,N,2025-03-07,11267.175250788789
SI Market + Oral,TRx (Adjusted),ADALIMUMAB,PRODUCT,N,2025-03-14,11345.74374734293
SI Market + Oral,TRx (Adjusted),ADALIMUMAB,PRODUCT,N,2025-03-21,5873.668236791581
SI Market + Oral,TRx (Adjusted),ADALIMUMAB,PRODUCT,N,2025-03-28,10646.667308736967
SI Market + Oral,TRx (Adjusted),ADALIMUMAB,PRODUCT,N,2025-04-04,4298.283085743652
SI Market + Oral,TRx (Adjusted),ADALIMUMAB,PRODUCT,N,2025-04-11,9569.408695671516
SI Market + Oral,TRx (Adjusted),ADALIMUMAB,PRODUCT,N,2025-04-18,6888.088885573464
SI Market + Oral,TRx (Adjusted),ADALIMUMAB,PRODUCT,N,2025-04-25,7859.830712270427
SI Market + Oral,TRx (Adjusted),ADALIMUMAB,PRODUCT,N,2025-05-02,11460.995739180207
SI Market + Oral,TRx (Adjusted),ADALIMUMAB,PRODUCT,N,2025-05-09,13886.703011029203
SI Market + Oral,TRx (Adjusted),ADALIMUMAB,PRODUCT,N,2025-05-16,6389.529523818834
SI Market + Oral,TRx (Adjusted),ADALIMUMAB,PRODUCT,N,2025-05-23,17181.107822107613
SI Market + Oral,TRx (Adjusted),ADALIMUMAB,PRODUCT,N,2025-05-30,6603.359785723051
SI Market + Oral,TRx (Adjusted),ADALIMUMAB,PRODUCT,N,2025-06-06,4868.862601309306
SI Market + Oral,TRx (Adjusted),ADALIMUMAB,PRODUCT,N,2025-06-13,8309.192636811538
SI Market + Oral,TRx (Adjusted),ADALIMUMAB,PRODUCT,N,2025-06-20,9599.503120125197
SI Market + Oral,TRx (Adjusted),ADALIMUMAB,PRODUCT,N,2025-06-27,16031.887020347283
SI Market + Oral,TRx (Adjusted),ADALIMUMAB,PRODUCT,N,2025-07-04,13023.070670424988
SI Market + Oral,TRx (Adjusted),ADALIMUMAB,PRODUCT,N,2025-07-11,11259.943364342553
SI Market + Oral,TRx (Adjusted),ADALIMUMAB,PRODUCT,N,2025-07-18,17265.500586814658
SI Market + Oral,TRx (Adjusted),ADALIMUMAB,PRODUCT,N,2025-07-25,8865.920060064263
SI Market + Oral,TRx (Adjusted),ADALIMUMAB,PRODUCT,N,2025-08-01,13515.907867562564
SI Market + Oral,TRx (Adjusted),ADALIMUMAB,PRODUCT,N,2025-08-08,8506.267320510067
SI Market + Oral,TRx (Adjusted),ADALIMUMAB,PRODUCT,N,2025-08-15,15378.45361329511
SI Market + Oral,TRx (Adjusted),ADALIMUMAB,PRODUCT,N,2025-08-22,7316.211465228568
SI Market + Oral,TRx (Adjusted),ADALIMUMAB,PRODUCT,N,2025-08-29,6055.37152042737
SI Market + Oral,TRx (Adjusted),ADALIMUMAB,PRODUCT,N,2025-09-05,9372.241117830888
SI Market + Oral,TRx (Adjusted),ADALIMUMAB,PRODUCT,N,2025-09-12,18640.315284136388
SI Market + Oral,TRx (Adjusted),ADALIMUMAB,PRODUCT,N,2025-09-19,13960.571842382147
SI Market + Oral,TRx (Adjusted),ADALIMUMAB,PRODUCT,N,2025-09-26,16563.79084363011
SI Market + Oral,TRx (Adjusted),ADALIMUMAB,PRODUCT,N,2025-10-03,15352.63856702118
SI Market + Oral,TRx (Adjusted),ADALIMUMAB,PRODUCT,N,2025-10-10,21243.115826273835
SI Market + Oral,TRx (Adjusted),ADALIMUMAB,PRODUCT,N,2025-10-17,14508.8267086118
SI Market + Oral,TRx (Adjusted),ADALIMUMAB,PRODUCT,N,2025-10-24,8898.16547140094
SI Market + Oral,TRx (Adjusted),ADALIMUMAB,PRODUCT,N,2025-10-31,14711.321921535036
SI Market + Oral,TRx (Adjusted),ADALIMUMAB,PRODUCT,N,2025-11-07,16135.27257662345
SI Market + Oral,TRx (Adjusted),ADALIMUMAB,PRODUCT,N,2025-11-14,8518.87510229158
SI Market + Oral,TRx (Adjusted),ADALIMUMAB,PRODUCT,N,2025-11-21,9100.231117784322
SI Market + Oral,TRx (Adjusted),ADALIMUMAB,PRODUCT,N,2025-11-28,12972.667685718903
SI Market + Oral,TRx (Adjusted),ADALIMUMAB,PRODUCT,N,2025-12-05,13310.78788497746
SI Market + Oral,TRx (Adjusted),ADALIMUMAB,PRODUCT,N,2025-12-12,21599.81115101158
SI Market + Oral,TRx (Adjusted),ADALIMUMAB,PRODUCT,N,2025-12-19,7812.828185602565
SI Market + Oral,TRx (Adjusted),ADALIMUMAB,PRODUCT,N,2025-12-26,6431.1514850336725
SI Market + Oral,TRx (Adjusted),ADALIMUMAB,PRODUCT,N,2026-01-02,12636.426244636776
SI Market + Oral,TRx (Adjusted),ADALIMUMAB,PRODUCT,N,2026-01-09,8348.339314499704
SI Market + Oral,TRx (Adjusted),ADALIMUMAB,PRODUCT,N,2026-01-16,11104.43146901573
SI Market + Oral,TRx (Adjusted),ADALIMUMAB,PRODUCT,N,2026-01-23,14475.6750571063
SI Market + Oral,TRx (Adjusted),ADALIMUMAB,PRODUCT,N,2026-01-30,12908.43058315062
SI Market + Oral,TRx (Adjusted),ADALIMUMAB,PRODUCT,N,2026-02-06,11269.01972289041
SI Market + Oral,TRx (Adjusted),ADALIMUMAB,PRODUCT,N,2026-02-13,13029.926892780188
SI Market + Oral,TRx (Adjusted),ADALIMUMAB,PRODUCT,N,2026-02-20,20613.72460614181
SI Market + Oral,TRx (Adjusted),ADALIMUMAB,PRODUCT,N,2026-02-27,21656.23094019453
SI Market + Oral,TRx (Adjusted),ADALIMUMAB,PRODUCT,N,2026-03-06,13167.372551042272
SI Market + Oral,TRx (Adjusted),ADALIMUMAB,PRODUCT,N,2026-03-13,8820.011587892077
SI Market + Oral,TRx (Adjusted),ADALIMUMAB,PRODUCT,N,2026-03-20,6286.944129487832
SI Market + Oral,TRx (Adjusted),ADALIMUMAB,PRODUCT,N,2026-03-27,11107.967022273328
SI Market + Oral,TRx (Adjusted),ADALIMUMAB,PRODUCT,N,2026-04-03,9756.888744412838
SI Market + Oral,TRx (Adjusted),ADALIMUMAB,PRODUCT,N,2026-04-10,15296.578360882637
SI Market + Oral,TRx (Adjusted),ADALIMUMAB,PRODUCT,N,2026-04-17,8149.6243112708835
SI Market + Oral,TRx (Adjusted),ADALIMUMAB,PRODUCT,N,2026-04-24,19866.19973089829
SI Market + Oral,TRx (Adjusted),ADALIMUMAB,PRODUCT,N,2026-05-01,18054.632295446063
SI Market + Oral,TRx (Adjusted),ADALIMUMAB,PRODUCT,N,2026-05-08,19114.65007775124
SI Market + Oral,TRx (Adjusted),CIMZIA,PRODUCT,N,2024-05-03,637.7761182923211
SI Market + Oral,TRx (Adjusted),CIMZIA,PRODUCT,N,2024-05-10,1321.169541016514
SI Market + Oral,TRx (Adjusted),CIMZIA,PRODUCT,N,2024-05-17,1040.7538120728022
SI Market + Oral,TRx (Adjusted),CIMZIA,PRODUCT,N,2024-05-24,956.1707475694456
SI Market + Oral,TRx (Adjusted),CIMZIA,PRODUCT,N,2024-05-31,600.7534992360892
SI Market + Oral,TRx (Adjusted),CIMZIA,PRODUCT,N,2024-06-07,592.4067698601268
SI Market + Oral,TRx (Adjusted),CIMZIA,PRODUCT,N,2024-06-14,1014.2223641066056
SI Market + Oral,TRx (Adjusted),CIMZIA,PRODUCT,N,2024-06-21,668.9711010593168
SI Market + Oral,TRx (Adjusted),CIMZIA,PRODUCT,N,2024-06-28,768.6002742379322
SI Market + Oral,TRx (Adjusted),CIMZIA,PRODUCT,N,2024-07-05,542.8991801718748
SI Market + Oral,TRx (Adjusted),CIMZIA,PRODUCT,N,2024-07-12,1060.213560025238
SI Market + Oral,TRx (Adjusted),CIMZIA,PRODUCT,N,2024-07-19,1106.9669630980204
SI Market + Oral,TRx (Adjusted),CIMZIA,PRODUCT,N,2024-07-26,755.917818214201
SI Market + Oral,TRx (Adjusted),CIMZIA,PRODUCT,N,2024-08-02,1285.3962353550312
SI Market + Oral,TRx (Adjusted),CIMZIA,PRODUCT,N,2024-08-09,374.0504796750148
SI Market + Oral,TRx (Adjusted),CIMZIA,PRODUCT,N,2024-08-16,967.3959368966152
SI Market + Oral,TRx (Adjusted),CIMZIA,PRODUCT,N,2024-08-23,708.6103589520013
SI Market + Oral,TRx (Adjusted),CIMZIA,PRODUCT,N,2024-08-30,466.3229823013716
SI Market + Oral,TRx (Adjusted),CIMZIA,PRODUCT,N,2024-09-06,446.4272754714686
SI Market + Oral,TRx (Adjusted),CIMZIA,PRODUCT,N,2024-09-13,660.9893920657212
SI Market + Oral,TRx (Adjusted),CIMZIA,PRODUCT,N,2024-09-20,1064.5588679261948
SI Market + Oral,TRx (Adjusted),CIMZIA,PRODUCT,N,2024-09-27,981.2187169719738
SI Market + Oral,TRx (Adjusted),CIMZIA,PRODUCT,N,2024-10-04,1154.1689318372005
SI Market + Oral,TRx (Adjusted),CIMZIA,PRODUCT,N,2024-10-11,1134.850014580601
SI Market + Oral,TRx (Adjusted),CIMZIA,PRODUCT,N,2024-10-18,736.5352658232075
SI Market + Oral,TRx (Adjusted),CIMZIA,PRODUCT,N,2024-10-25,811.5998611382656
SI Market + Oral,TRx (Adjusted),CIMZIA,PRODUCT,N,2024-11-01,535.5324278318052
SI Market + Oral,TRx (Adjusted),CIMZIA,PRODUCT,N,2024-11-08,644.7004375956931
SI Market + Oral,TRx (Adjusted),CIMZIA,PRODUCT,N,2024-11-15,1150.782422764789
SI Market + Oral,TRx (Adjusted),CIMZIA,PRODUCT,N,2024-11-22,1312.9163068405371
SI Market + Oral,TRx (Adjusted),CIMZIA,PRODUCT,N,2024-11-29,517.5462160153464
SI Market + Oral,TRx (Adjusted),CIMZIA,PRODUCT,N,2024-12-06,852.8695320155492
SI Market + Oral,TRx (Adjusted),CIMZIA,PRODUCT,N,2024-12-13,858.0050860629295
SI Market + Oral,TRx (Adjusted),CIMZIA,PRODUCT,N,2024-12-20,1195.0993940995213
SI Market + Oral,TRx (Adjusted),CIMZIA,PRODUCT,N,2024-12-27,500.9716891161571
SI Market + Oral,TRx (Adjusted),CIMZIA,PRODUCT,N,2025-01-03,561.8564165881423
SI Market + Oral,TRx (Adjusted),CIMZIA,PRODUCT,N,2025-01-10,684.0218816004046
SI Market + Oral,TRx (Adjusted),CIMZIA,PRODUCT,N,2025-01-17,809.4186202531379
SI Market + Oral,TRx (Adjusted),CIMZIA,PRODUCT,N,2025-01-24,735.5472015029306
SI Market + Oral,TRx (Adjusted),CIMZIA,PRODUCT,N,2025-01-31,991.5490449807276
SI Market + Oral,TRx (Adjusted),CIMZIA,PRODUCT,N,2025-02-07,691.6908603724122
SI Market + Oral,TRx (Adjusted),CIMZIA,PRODUCT,N,2025-02-14,486.2620711622436
SI Market + Oral,TRx (Adjusted),CIMZIA,PRODUCT,N,2025-02-21,429.2748413115045
SI Market + Oral,TRx (Adjusted),CIMZIA,PRODUCT,N,2025-02-28,1294.333024668419
SI Market + Oral,TRx (Adjusted),CIMZIA,PRODUCT,N,2025-03-07,1292.797184381904
SI Market + Oral,TRx (Adjusted),CIMZIA,PRODUCT,N,2025-03-14,399.6200600996805
SI Market + Oral,TRx (Adjusted),CIMZIA,PRODUCT,N,2025-03-21,370.62012433763744
SI Market + Oral,TRx (Adjusted),CIMZIA,PRODUCT,N,2025-03-28,867.4537605386652
SI Market + Oral,TRx (Adjusted),CIMZIA,PRODUCT,N,2025-04-04,533.0748388918357
SI Market + Oral,TRx (Adjusted),CIMZIA,PRODUCT,N,2025-04-11,1295.460876331734
SI Market + Oral,TRx (Adjusted),CIMZIA,PRODUCT,N,2025-04-18,561.056759535773
SI Market + Oral,TRx (Adjusted),CIMZIA,PRODUCT,N,2025-04-25,586.2714314602057
SI Market + Oral,TRx (Adjusted),CIMZIA,PRODUCT,N,2025-05-02,1239.5396359189235
SI Market + Oral,TRx (Adjusted),CIMZIA,PRODUCT,N,2025-05-09,424.3590885761153
SI Market + Oral,TRx (Adjusted),CIMZIA,PRODUCT,N,2025-05-16,568.0101045929755
SI Market + Oral,TRx (Adjusted),CIMZIA,PRODUCT,N,2025-05-23,639.2371770327275
SI Market + Oral,TRx (Adjusted),CIMZIA,PRODUCT,N,2025-05-30,389.438464181424
SI Market + Oral,TRx (Adjusted),CIMZIA,PRODUCT,N,2025-06-06,507.56681932239707
SI Market + Oral,TRx (Adjusted),CIMZIA,PRODUCT,N,2025-06-13,405.6991591384494
SI Market + Oral,TRx (Adjusted),CIMZIA,PRODUCT,N,2025-06-20,477.27431432990704
SI Market + Oral,TRx (Adjusted),CIMZIA,PRODUCT,N,2025-06-27,438.4346059169165
SI Market + Oral,TRx (Adjusted),CIMZIA,PRODUCT,N,2025-07-04,595.8676519917273
SI Market + Oral,TRx (Adjusted),CIMZIA,PRODUCT,N,2025-07-11,945.7028783809482
SI Market + Oral,TRx (Adjusted),CIMZIA,PRODUCT,N,2025-07-18,711.2066728478904
SI Market + Oral,TRx (Adjusted),CIMZIA,PRODUCT,N,2025-07-25,665.0245612995622
SI Market + Oral,TRx (Adjusted),CIMZIA,PRODUCT,N,2025-08-01,601.8443497750503
SI Market + Oral,TRx (Adjusted),CIMZIA,PRODUCT,N,2025-08-08,1036.5626209810555
SI Market + Oral,TRx (Adjusted),CIMZIA,PRODUCT,N,2025-08-15,955.9658051443162
SI Market + Oral,TRx (Adjusted),CIMZIA,PRODUCT,N,2025-08-22,395.2937516851311
SI Market + Oral,TRx (Adjusted),CIMZIA,PRODUCT,N,2025-08-29,425.34669921546526
SI Market + Oral,TRx (Adjusted),CIMZIA,PRODUCT,N,2025-09-05,400.318101084298
SI Market + Oral,TRx (Adjusted),CIMZIA,PRODUCT,N,2025-09-12,380.9676651943826
SI Market + Oral,TRx (Adjusted),CIMZIA,PRODUCT,N,2025-09-19,679.0819139841077
SI Market + Oral,TRx (Adjusted),CIMZIA,PRODUCT,N,2025-09-26,495.5881060306757
SI Market + Oral,TRx (Adjusted),CIMZIA,PRODUCT,N,2025-10-03,382.0612146294855
SI Market + Oral,TRx (Adjusted),CIMZIA,PRODUCT,N,2025-10-10,414.5053076559938
SI Market + Oral,TRx (Adjusted),CIMZIA,PRODUCT,N,2025-10-17,602.2016477847676
SI Market + Oral,TRx (Adjusted),CIMZIA,PRODUCT,N,2025-10-24,424.9698217661905
SI Market + Oral,TRx (Adjusted),CIMZIA,PRODUCT,N,2025-10-31,870.8420708185729
SI Market + Oral,TRx (Adjusted),CIMZIA,PRODUCT,N,2025-11-07,327.9173440543946
SI Market + Oral,TRx (Adjusted),CIMZIA,PRODUCT,N,2025-11-14,959.7801416685512
SI Market + Oral,TRx (Adjusted),CIMZIA,PRODUCT,N,2025-11-21,377.1936236005124
SI Market + Oral,TRx (Adjusted),CIMZIA,PRODUCT,N,2025-11-28,563.7208483402493
SI Market + Oral,TRx (Adjusted),CIMZIA,PRODUCT,N,2025-12-05,941.2241864614656
SI Market + Oral,TRx (Adjusted),CIMZIA,PRODUCT,N,2025-12-12,1082.5812768572805
SI Market + Oral,TRx (Adjusted),CIMZIA,PRODUCT,N,2025-12-19,617.9272341218752
SI Market + Oral,TRx (Adjusted),CIMZIA,PRODUCT,N,2025-12-26,540.0145627194161
SI Market + Oral,TRx (Adjusted),CIMZIA,PRODUCT,N,2026-01-02,436.0075426482609
SI Market + Oral,TRx (Adjusted),CIMZIA,PRODUCT,N,2026-01-09,959.3743518775954
SI Market + Oral,TRx (Adjusted),CIMZIA,PRODUCT,N,2026-01-16,475.3846380420351
SI Market + Oral,TRx (Adjusted),CIMZIA,PRODUCT,N,2026-01-23,582.7970935466006
SI Market + Oral,TRx (Adjusted),CIMZIA,PRODUCT,N,2026-01-30,552.8036458947435
SI Market + Oral,TRx (Adjusted),CIMZIA,PRODUCT,N,2026-02-06,868.4058430701439
SI Market + Oral,TRx (Adjusted),CIMZIA,PRODUCT,N,2026-02-13,546.5397401432429
SI Market + Oral,TRx (Adjusted),CIMZIA,PRODUCT,N,2026-02-20,475.27043722712335
SI Market + Oral,TRx (Adjusted),CIMZIA,PRODUCT,N,2026-02-27,624.871320280711
SI Market + Oral,TRx (Adjusted),CIMZIA,PRODUCT,N,2026-03-06,383.6620560955692
SI Market + Oral,TRx (Adjusted),CIMZIA,PRODUCT,N,2026-03-13,405.3847614532148
SI Market + Oral,TRx (Adjusted),CIMZIA,PRODUCT,N,2026-03-20,534.3017201321449
SI Market + Oral,TRx (Adjusted),CIMZIA,PRODUCT,N,2026-03-27,423.0706698414097
SI Market + Oral,TRx (Adjusted),CIMZIA,PRODUCT,N,2026-04-03,519.1492727001789
SI Market + Oral,TRx (Adjusted),CIMZIA,PRODUCT,N,2026-04-10,569.2747127400554
SI Market + Oral,TRx (Adjusted),CIMZIA,PRODUCT,N,2026-04-17,565.0917963068754
SI Market + Oral,TRx (Adjusted),CIMZIA,PRODUCT,N,2026-04-24,553.7603102427503
SI Market + Oral,TRx (Adjusted),CIMZIA,PRODUCT,N,2026-05-01,479.5323491032509
SI Market + Oral,TRx (Adjusted),CIMZIA,PRODUCT,N,2026-05-08,825.9727260397154
SI Market + Oral,TRx (Adjusted),ENTYVIO SQ,PRODUCT,N,2024-05-03,206.6795838923736
SI Market + Oral,TRx (Adjusted),ENTYVIO SQ,PRODUCT,N,2024-05-10,485.2050215769401
SI Market + Oral,TRx (Adjusted),ENTYVIO SQ,PRODUCT,N,2024-05-17,516.1352593649251
SI Market + Oral,TRx (Adjusted),ENTYVIO SQ,PRODUCT,N,2024-05-24,276.74304287222424
SI Market + Oral,TRx (Adjusted),ENTYVIO SQ,PRODUCT,N,2024-05-31,323.4960611625329
SI Market + Oral,TRx (Adjusted),ENTYVIO SQ,PRODUCT,N,2024-06-07,454.38322442049673
SI Market + Oral,TRx (Adjusted),ENTYVIO SQ,PRODUCT,N,2024-06-14,445.578397951099
SI Market + Oral,TRx (Adjusted),ENTYVIO SQ,PRODUCT,N,2024-06-21,403.1567696955393
SI Market + Oral,TRx (Adjusted),ENTYVIO SQ,PRODUCT,N,2024-06-28,691.9506600883672
SI Market + Oral,TRx (Adjusted),ENTYVIO SQ,PRODUCT,N,2024-07-05,280.4309724921162
SI Market + Oral,TRx (Adjusted),ENTYVIO SQ,PRODUCT,N,2024-07-12,677.7112715081528
SI Market + Oral,TRx (Adjusted),ENTYVIO SQ,PRODUCT,N,2024-07-19,442.574009220134
SI Market + Oral,TRx (Adjusted),ENTYVIO SQ,PRODUCT,N,2024-07-26,749.6765656556852
SI Market + Oral,TRx (Adjusted),ENTYVIO SQ,PRODUCT,N,2024-08-02,345.2924688462684
SI Market + Oral,TRx (Adjusted),ENTYVIO SQ,PRODUCT,N,2024-08-09,794.0706591758108
SI Market + Oral,TRx (Adjusted),ENTYVIO SQ,PRODUCT,N,2024-08-16,834.1561131938237
SI Market + Oral,TRx (Adjusted),ENTYVIO SQ,PRODUCT,N,2024-08-23,481.9944662343094
SI Market + Oral,TRx (Adjusted),ENTYVIO SQ,PRODUCT,N,2024-08-30,704.6054525858125
SI Market + Oral,TRx (Adjusted),ENTYVIO SQ,PRODUCT,N,2024-09-06,321.68030825461346
SI Market + Oral,TRx (Adjusted),ENTYVIO SQ,PRODUCT,N,2024-09-13,862.2236351981496
SI Market + Oral,TRx (Adjusted),ENTYVIO SQ,PRODUCT,N,2024-09-20,419.7117979661866
SI Market + Oral,TRx (Adjusted),ENTYVIO SQ,PRODUCT,N,2024-09-27,1101.9831927238952
SI Market + Oral,TRx (Adjusted),ENTYVIO SQ,PRODUCT,N,2024-10-04,561.7205376471964
SI Market + Oral,TRx (Adjusted),ENTYVIO SQ,PRODUCT,N,2024-10-11,1033.6302881323852
SI Market + Oral,TRx (Adjusted),ENTYVIO SQ,PRODUCT,N,2024-10-18,991.3630870027616
SI Market + Oral,TRx (Adjusted),ENTYVIO SQ,PRODUCT,N,2024-10-25,1125.405336845071
SI Market + Oral,TRx (Adjusted),ENTYVIO SQ,PRODUCT,N,2024-11-01,872.7265301129859
SI Market + Oral,TRx (Adjusted),ENTYVIO SQ,PRODUCT,N,2024-11-08,1265.5748531826598
SI Market + Oral,TRx (Adjusted),ENTYVIO SQ,PRODUCT,N,2024-11-15,1112.703291026497
SI Market + Oral,TRx (Adjusted),ENTYVIO SQ,PRODUCT,N,2024-11-22,914.7817275634663
SI Market + Oral,TRx (Adjusted),ENTYVIO SQ,PRODUCT,N,2024-11-29,966.7787539536912
SI Market + Oral,TRx (Adjusted),ENTYVIO SQ,PRODUCT,N,2024-12-06,499.7561557989344
SI Market + Oral,TRx (Adjusted),ENTYVIO SQ,PRODUCT,N,2024-12-13,948.4390567881464
SI Market + Oral,TRx (Adjusted),ENTYVIO SQ,PRODUCT,N,2024-12-20,794.024155415294
SI Market + Oral,TRx (Adjusted),ENTYVIO SQ,PRODUCT,N,2024-12-27,668.0111204054115
SI Market + Oral,TRx (Adjusted),ENTYVIO SQ,PRODUCT,N,2025-01-03,854.252531718791
SI Market + Oral,TRx (Adjusted),ENTYVIO SQ,PRODUCT,N,2025-01-10,775.493340420304
SI Market + Oral,TRx (Adjusted),ENTYVIO SQ,PRODUCT,N,2025-01-17,1259.291077135127
SI Market + Oral,TRx (Adjusted),ENTYVIO SQ,PRODUCT,N,2025-01-24,893.0597783961814
SI Market + Oral,TRx (Adjusted),ENTYVIO SQ,PRODUCT,N,2025-01-31,1401.4674366083782
SI Market + Oral,TRx (Adjusted),ENTYVIO SQ,PRODUCT,N,2025-02-07,938.8867227301134
SI Market + Oral,TRx (Adjusted),ENTYVIO SQ,PRODUCT,N,2025-02-14,1285.3078720288238
SI Market + Oral,TRx (Adjusted),ENTYVIO SQ,PRODUCT,N,2025-02-21,1851.9583492448612
SI Market + Oral,TRx (Adjusted),ENTYVIO SQ,PRODUCT,N,2025-02-28,891.654373276377
SI Market + Oral,TRx (Adjusted),ENTYVIO SQ,PRODUCT,N,2025-03-07,719.3078639912616
SI Market + Oral,TRx (Adjusted),ENTYVIO SQ,PRODUCT,N,2025-03-14,599.8602208355314
SI Market + Oral,TRx (Adjusted),ENTYVIO SQ,PRODUCT,N,2025-03-21,1408.8826666498412
SI Market + Oral,TRx (Adjusted),ENTYVIO SQ,PRODUCT,N,2025-03-28,1024.0460542113765
SI Market + Oral,TRx (Adjusted),ENTYVIO SQ,PRODUCT,N,2025-04-04,1283.581667115867
SI Market + Oral,TRx (Adjusted),ENTYVIO SQ,PRODUCT,N,2025-04-11,1533.3219289770875
SI Market + Oral,TRx (Adjusted),ENTYVIO SQ,PRODUCT,N,2025-04-18,1056.3164186039544
SI Market + Oral,TRx (Adjusted),ENTYVIO SQ,PRODUCT,N,2025-04-25,2522.4498615521425
SI Market + Oral,TRx (Adjusted),ENTYVIO SQ,PRODUCT,N,2025-05-02,2035.410002301476
SI Market + Oral,TRx (Adjusted),ENTYVIO SQ,PRODUCT,N,2025-05-09,1011.1520783752768
SI Market + Oral,TRx (Adjusted),ENTYVIO SQ,PRODUCT,N,2025-05-16,1066.932033433663
SI Market + Oral,TRx (Adjusted),ENTYVIO SQ,PRODUCT,N,2025-05-23,1199.014344573737
SI Market + Oral,TRx (Adjusted),ENTYVIO SQ,PRODUCT,N,2025-05-30,863.6334601681086
SI Market + Oral,TRx (Adjusted),ENTYVIO SQ,PRODUCT,N,2025-06-06,1274.0097167495985
SI Market + Oral,TRx (Adjusted),ENTYVIO SQ,PRODUCT,N,2025-06-13,2916.1240599034427
SI Market + Oral,TRx (Adjusted),ENTYVIO SQ,PRODUCT,N,2025-06-20,1348.892710775831
SI Market + Oral,TRx (Adjusted),ENTYVIO SQ,PRODUCT,N,2025-06-27,1661.144394284903
SI Market + Oral,TRx (Adjusted),ENTYVIO SQ,PRODUCT,N,2025-07-04,1754.9754863081837
SI Market + Oral,TRx (Adjusted),ENTYVIO SQ,PRODUCT,N,2025-07-11,1964.319872990612
SI Market + Oral,TRx (Adjusted),ENTYVIO SQ,PRODUCT,N,2025-07-18,2380.429150703111
SI Market + Oral,TRx (Adjusted),ENTYVIO SQ,PRODUCT,N,2025-07-25,2940.381529261898
SI Market + Oral,TRx (Adjusted),ENTYVIO SQ,PRODUCT,N,2025-08-01,1281.41564723153
SI Market + Oral,TRx (Adjusted),ENTYVIO SQ,PRODUCT,N,2025-08-08,2201.382014132408
SI Market + Oral,TRx (Adjusted),ENTYVIO SQ,PRODUCT,N,2025-08-15,3173.6109795816697
SI Market + Oral,TRx (Adjusted),ENTYVIO SQ,PRODUCT,N,2025-08-22,2680.149446337164
SI Market + Oral,TRx (Adjusted),ENTYVIO SQ,PRODUCT,N,2025-08-29,2966.3362621730626
SI Market + Oral,TRx (Adjusted),ENTYVIO SQ,PRODUCT,N,2025-09-05,1366.013489033938
SI Market + Oral,TRx (Adjusted),ENTYVIO SQ,PRODUCT,N,2025-09-12,2703.4270978135205
SI Market + Oral,TRx (Adjusted),ENTYVIO SQ,PRODUCT,N,2025-09-19,2721.030606493486
SI Market + Oral,TRx (Adjusted),ENTYVIO SQ,PRODUCT,N,2025-09-26,1279.4582986581938
SI Market + Oral,TRx (Adjusted),ENTYVIO SQ,PRODUCT,N,2025-10-03,2732.0031702663828
SI Market + Oral,TRx (Adjusted),ENTYVIO SQ,PRODUCT,N,2025-10-10,2149.8911774066687
SI Market + Oral,TRx (Adjusted),ENTYVIO SQ,PRODUCT,N,2025-10-17,1154.3817124322538
SI Market + Oral,TRx (Adjusted),ENTYVIO SQ,PRODUCT,N,2025-10-24,1885.7188908438857
SI Market + Oral,TRx (Adjusted),ENTYVIO SQ,PRODUCT,N,2025-10-31,2486.93735228627
SI Market + Oral,TRx (Adjusted),ENTYVIO SQ,PRODUCT,N,2025-11-07,1608.6904869771483
SI Market + Oral,TRx (Adjusted),ENTYVIO SQ,PRODUCT,N,2025-11-14,2739.1927969010776
SI Market + Oral,TRx (Adjusted),ENTYVIO SQ,PRODUCT,N,2025-11-21,2284.168057312358
SI Market + Oral,TRx (Adjusted),ENTYVIO SQ,PRODUCT,N,2025-11-28,1452.942563663765
SI Market + Oral,TRx (Adjusted),ENTYVIO SQ,PRODUCT,N,2025-12-05,3184.8902812509464
SI Market + Oral,TRx (Adjusted),ENTYVIO SQ,PRODUCT,N,2025-12-12,2752.392632344414
SI Market + Oral,TRx (Adjusted),ENTYVIO SQ,PRODUCT,N,2025-12-19,1471.4484190030864
SI Market + Oral,TRx (Adjusted),ENTYVIO SQ,PRODUCT,N,2025-12-26,2431.6412378528626
SI Market + Oral,TRx (Adjusted),ENTYVIO SQ,PRODUCT,N,2026-01-02,2836.7408325639626
SI Market + Oral,TRx (Adjusted),ENTYVIO SQ,PRODUCT,N,2026-01-09,2360.82290968242
SI Market + Oral,TRx (Adjusted),ENTYVIO SQ,PRODUCT,N,2026-01-16,3879.2844632804527
SI Market + Oral,TRx (Adjusted),ENTYVIO SQ,PRODUCT,N,2026-01-23,1189.874933099102
SI Market + Oral,TRx (Adjusted),ENTYVIO SQ,PRODUCT,N,2026-01-30,3383.92067883164
SI Market + Oral,TRx (Adjusted),ENTYVIO SQ,PRODUCT,N,2026-02-06,4060.892940712568
SI Market + Oral,TRx (Adjusted),ENTYVIO SQ,PRODUCT,N,2026-02-13,3398.913967736168
SI Market + Oral,TRx (Adjusted),ENTYVIO SQ,PRODUCT,N,2026-02-20,1307.1089612897358
SI Market + Oral,TRx (Adjusted),ENTYVIO SQ,PRODUCT,N,2026-02-27,4843.75717395899
SI Market + Oral,TRx (Adjusted),ENTYVIO SQ,PRODUCT,N,2026-03-06,1849.120551519344
SI Market + Oral,TRx (Adjusted),ENTYVIO SQ,PRODUCT,N,2026-03-13,2273.824867800009
SI Market + Oral,TRx (Adjusted),ENTYVIO SQ,PRODUCT,N,2026-03-20,1677.7709058663995
SI Market + Oral,TRx (Adjusted),ENTYVIO SQ,PRODUCT,N,2026-03-27,3083.610697756438
SI Market + Oral,TRx (Adjusted),ENTYVIO SQ,PRODUCT,N,2026-04-03,3019.2683807069857
SI Market + Oral,TRx (Adjusted),ENTYVIO SQ,PRODUCT,N,2026-04-10,4807.508274802151
SI Market + Oral,TRx (Adjusted),ENTYVIO SQ,PRODUCT,N,2026-04-17,2917.9624743764643
SI Market + Oral,TRx (Adjusted),ENTYVIO SQ,PRODUCT,N,2026-04-24,1442.4310888356924
SI Market + Oral,TRx (Adjusted),ENTYVIO SQ,PRODUCT,N,2026-05-01,1755.1143897840884
SI Market + Oral,TRx (Adjusted),ENTYVIO SQ,PRODUCT,N,2026-05-08,2189.6545533295503
SI Market + Oral,TRx (Adjusted),OMVOH SQ,PRODUCT,N,2024-05-03,29.11866430207807
SI Market + Oral,TRx (Adjusted),OMVOH SQ,PRODUCT,N,2024-05-10,40.388809611834816
SI Market + Oral,TRx (Adjusted),OMVOH SQ,PRODUCT,N,2024-05-17,40.65586032025
SI Market + Oral,TRx (Adjusted),OMVOH SQ,PRODUCT,N,2024-05-24,81.79358369609076
SI Market + Oral,TRx (Adjusted),OMVOH SQ,PRODUCT,N,2024-05-31,15.30119133551798
SI Market + Oral,TRx (Adjusted),OMVOH SQ,PRODUCT,N,2024-06-07,78.19874516466363
SI Market + Oral,TRx (Adjusted),OMVOH SQ,PRODUCT,N,2024-06-14,64.76852346845064
SI Market + Oral,TRx (Adjusted),OMVOH SQ,PRODUCT,N,2024-06-21,104.15600660104342
SI Market + Oral,TRx (Adjusted),OMVOH SQ,PRODUCT,N,2024-06-28,76.9367989232575
SI Market + Oral,TRx (Adjusted),OMVOH SQ,PRODUCT,N,2024-07-05,80.78183586861078
SI Market + Oral,TRx (Adjusted),OMVOH SQ,PRODUCT,N,2024-07-12,37.31470453811415
SI Market + Oral,TRx (Adjusted),OMVOH SQ,PRODUCT,N,2024-07-19,54.79672180157642
SI Market + Oral,TRx (Adjusted),OMVOH SQ,PRODUCT,N,2024-07-26,74.98720422272783
SI Market + Oral,TRx (Adjusted),OMVOH SQ,PRODUCT,N,2024-08-02,142.73319450486127
SI Market + Oral,TRx (Adjusted),OMVOH SQ,PRODUCT,N,2024-08-09,86.46186700158887
SI Market + Oral,TRx (Adjusted),OMVOH SQ,PRODUCT,N,2024-08-16,136.64764108275162
SI Market + Oral,TRx (Adjusted),OMVOH SQ,PRODUCT,N,2024-08-23,163.49123539083578
SI Market + Oral,TRx (Adjusted),OMVOH SQ,PRODUCT,N,2024-08-30,90.78802962441522
SI Market + Oral,TRx (Adjusted),OMVOH SQ,PRODUCT,N,2024-09-06,145.4206500716778
SI Market + Oral,TRx (Adjusted),OMVOH SQ,PRODUCT,N,2024-09-13,96.406760871779
SI Market + Oral,TRx (Adjusted),OMVOH SQ,PRODUCT,N,2024-09-20,155.00602822448317
SI Market + Oral,TRx (Adjusted),OMVOH SQ,PRODUCT,N,2024-09-27,124.39006865745046
SI Market + Oral,TRx (Adjusted),OMVOH SQ,PRODUCT,N,2024-10-04,267.98606700280504
SI Market + Oral,TRx (Adjusted),OMVOH SQ,PRODUCT,N,2024-10-11,151.75438935146943
SI Market + Oral,TRx (Adjusted),OMVOH SQ,PRODUCT,N,2024-10-18,93.79334083441309
SI Market + Oral,TRx (Adjusted),OMVOH SQ,PRODUCT,N,2024-10-25,154.4688179898804
SI Market + Oral,TRx (Adjusted),OMVOH SQ,PRODUCT,N,2024-11-01,114.76720370572092
SI Market + Oral,TRx (Adjusted),OMVOH SQ,PRODUCT,N,2024-11-08,286.3091970938766
SI Market + Oral,TRx (Adjusted),OMVOH SQ,PRODUCT,N,2024-11-15,273.4117253945557
SI Market + Oral,TRx (Adjusted),OMVOH SQ,PRODUCT,N,2024-11-22,160.7358572826437
SI Market + Oral,TRx (Adjusted),OMVOH SQ,PRODUCT,N,2024-11-29,68.06973451170919
SI Market + Oral,TRx (Adjusted),OMVOH SQ,PRODUCT,N,2024-12-06,165.62450079292182
SI Market + Oral,TRx (Adjusted),OMVOH SQ,PRODUCT,N,2024-12-13,315.20777903247546
SI Market + Oral,TRx (Adjusted),OMVOH SQ,PRODUCT,N,2024-12-20,241.74486923877356
SI Market + Oral,TRx (Adjusted),OMVOH SQ,PRODUCT,N,2024-12-27,117.56772059351852
SI Market + Oral,TRx (Adjusted),OMVOH SQ,PRODUCT,N,2025-01-03,152.7740783015348
SI Market + Oral,TRx (Adjusted),OMVOH SQ,PRODUCT,N,2025-01-10,177.25040789906683
SI Market + Oral,TRx (Adjusted),OMVOH SQ,PRODUCT,N,2025-01-17,137.34199294717675
SI Market + Oral,TRx (Adjusted),OMVOH SQ,PRODUCT,N,2025-01-24,262.4000121118112
SI Market + Oral,TRx (Adjusted),OMVOH SQ,PRODUCT,N,2025-01-31,168.08565913509707
SI Market + Oral,TRx (Adjusted),OMVOH SQ,PRODUCT,N,2025-02-07,175.38608909922277
SI Market + Oral,TRx (Adjusted),OMVOH SQ,PRODUCT,N,2025-02-14,184.66541895290484
SI Market + Oral,TRx (Adjusted),OMVOH SQ,PRODUCT,N,2025-02-21,197.99719048680495
SI Market + Oral,TRx (Adjusted),OMVOH SQ,PRODUCT,N,2025-02-28,299.29954614668816
SI Market + Oral,TRx (Adjusted),OMVOH SQ,PRODUCT,N,2025-03-07,128.9936487611539
SI Market + Oral,TRx (Adjusted),OMVOH SQ,PRODUCT,N,2025-03-14,146.06141927149977
SI Market + Oral,TRx (Adjusted),OMVOH SQ,PRODUCT,N,2025-03-21,117.50324104491888
SI Market + Oral,TRx (Adjusted),OMVOH SQ,PRODUCT,N,2025-03-28,222.34065206738487
SI Market + Oral,TRx (Adjusted),OMVOH SQ,PRODUCT,N,2025-04-04,115.3668135375342
SI Market + Oral,TRx (Adjusted),OMVOH SQ,PRODUCT,N,2025-04-11,102.8150534440841
SI Market + Oral,TRx (Adjusted),OMVOH SQ,PRODUCT,N,2025-04-18,162.23301402996336
SI Market + Oral,TRx (Adjusted),OMVOH SQ,PRODUCT,N,2025-04-25,120.1155677302228
SI Market + Oral,TRx (Adjusted),OMVOH SQ,PRODUCT,N,2025-05-02,125.58759465663135
SI Market + Oral,TRx (Adjusted),OMVOH SQ,PRODUCT,N,2025-05-09,224.56241986136752
SI Market + Oral,TRx (Adjusted),OMVOH SQ,PRODUCT,N,2025-05-16,265.17696416967283
SI Market + Oral,TRx (Adjusted),OMVOH SQ,PRODUCT,N,2025-05-23,140.41067830049866
SI Market + Oral,TRx (Adjusted),OMVOH SQ,PRODUCT,N,2025-05-30,192.42508711479775
SI Market + Oral,TRx (Adjusted),OMVOH SQ,PRODUCT,N,2025-06-06,137.0356394552008
SI Market + Oral,TRx (Adjusted),OMVOH SQ,PRODUCT,N,2025-06-13,278.8973845621725
SI Market + Oral,TRx (Adjusted),OMVOH SQ,PRODUCT,N,2025-06-20,203.8183283357145
SI Market + Oral,TRx (Adjusted),OMVOH SQ,PRODUCT,N,2025-06-27,115.894644536872
SI Market + Oral,TRx (Adjusted),OMVOH SQ,PRODUCT,N,2025-07-04,188.06770610150704
SI Market + Oral,TRx (Adjusted),OMVOH SQ,PRODUCT,N,2025-07-11,239.3899916020505
SI Market + Oral,TRx (Adjusted),OMVOH SQ,PRODUCT,N,2025-07-18,181.18427830661983
SI Market + Oral,TRx (Adjusted),OMVOH SQ,PRODUCT,N,2025-07-25,217.34459357196005
SI Market + Oral,TRx (Adjusted),OMVOH SQ,PRODUCT,N,2025-08-01,201.9409692659558
SI Market + Oral,TRx (Adjusted),OMVOH SQ,PRODUCT,N,2025-08-08,203.8984484546316
SI Market + Oral,TRx (Adjusted),OMVOH SQ,PRODUCT,N,2025-08-15,303.4899393080516
SI Market + Oral,TRx (Adjusted),OMVOH SQ,PRODUCT,N,2025-08-22,277.8590524423343
SI Market + Oral,TRx (Adjusted),OMVOH SQ,PRODUCT,N,2025-08-29,221.3384908524418
SI Market + Oral,TRx (Adjusted),OMVOH SQ,PRODUCT,N,2025-09-05,264.3026042443642
SI Market + Oral,TRx (Adjusted),OMVOH SQ,PRODUCT,N,2025-09-12,266.7194654900917
SI Market + Oral,TRx (Adjusted),OMVOH SQ,PRODUCT,N,2025-09-19,270.56661800933864
SI Market + Oral,TRx (Adjusted),OMVOH SQ,PRODUCT,N,2025-09-26,315.94347113129515
SI Market + Oral,TRx (Adjusted),OMVOH SQ,PRODUCT,N,2025-10-03,250.74573558444467
SI Market + Oral,TRx (Adjusted),OMVOH SQ,PRODUCT,N,2025-10-10,241.71379171234852
SI Market + Oral,TRx (Adjusted),OMVOH SQ,PRODUCT,N,2025-10-17,401.42422310031407
SI Market + Oral,TRx (Adjusted),OMVOH SQ,PRODUCT,N,2025-10-24,364.20049318923935
SI Market + Oral,TRx (Adjusted),OMVOH SQ,PRODUCT,N,2025-10-31,382.916832248154
SI Market + Oral,TRx (Adjusted),OMVOH SQ,PRODUCT,N,2025-11-07,249.35358949677112
SI Market + Oral,TRx (Adjusted),OMVOH SQ,PRODUCT,N,2025-11-14,247.3221493766617
SI Market + Oral,TRx (Adjusted),OMVOH SQ,PRODUCT,N,2025-11-21,351.2878076587511
SI Market + Oral,TRx (Adjusted),OMVOH SQ,PRODUCT,N,2025-11-28,127.24483571830844
SI Market + Oral,TRx (Adjusted),OMVOH SQ,PRODUCT,N,2025-12-05,393.2081362446392
SI Market + Oral,TRx (Adjusted),OMVOH SQ,PRODUCT,N,2025-12-12,382.1256825226573
SI Market + Oral,TRx (Adjusted),OMVOH SQ,PRODUCT,N,2025-12-19,206.0108058853037
SI Market + Oral,TRx (Adjusted),OMVOH SQ,PRODUCT,N,2025-12-26,106.5907167990326
SI Market + Oral,TRx (Adjusted),OMVOH SQ,PRODUCT,N,2026-01-02,311.2828648362261
SI Market + Oral,TRx (Adjusted),OMVOH SQ,PRODUCT,N,2026-01-09,171.57584978555624
SI Market + Oral,TRx (Adjusted),OMVOH SQ,PRODUCT,N,2026-01-16,292.6087190434185
SI Market + Oral,TRx (Adjusted),OMVOH SQ,PRODUCT,N,2026-01-23,251.17160896143827
SI Market + Oral,TRx (Adjusted),OMVOH SQ,PRODUCT,N,2026-01-30,183.07628049703555
SI Market + Oral,TRx (Adjusted),OMVOH SQ,PRODUCT,N,2026-02-06,323.7580511222182
SI Market + Oral,TRx (Adjusted),OMVOH SQ,PRODUCT,N,2026-02-13,328.99240153770216
SI Market + Oral,TRx (Adjusted),OMVOH SQ,PRODUCT,N,2026-02-20,142.44181457830857
SI Market + Oral,TRx (Adjusted),OMVOH SQ,PRODUCT,N,2026-02-27,393.5546873415402
SI Market + Oral,TRx (Adjusted),OMVOH SQ,PRODUCT,N,2026-03-06,355.0006291075195
SI Market + Oral,TRx (Adjusted),OMVOH SQ,PRODUCT,N,2026-03-13,286.33250790244773
SI Market + Oral,TRx (Adjusted),OMVOH SQ,PRODUCT,N,2026-03-20,180.18599382242311
SI Market + Oral,TRx (Adjusted),OMVOH SQ,PRODUCT,N,2026-03-27,327.2932553019251
SI Market + Oral,TRx (Adjusted),OMVOH SQ,PRODUCT,N,2026-04-03,223.09900773666837
SI Market + Oral,TRx (Adjusted),OMVOH SQ,PRODUCT,N,2026-04-10,287.3418686355428
SI Market + Oral,TRx (Adjusted),OMVOH SQ,PRODUCT,N,2026-04-17,551.9399938822222
SI Market + Oral,TRx (Adjusted),OMVOH SQ,PRODUCT,N,2026-04-24,559.383859244311
SI Market + Oral,TRx (Adjusted),OMVOH SQ,PRODUCT,N,2026-05-01,412.4322587122412
SI Market + Oral,TRx (Adjusted),OMVOH SQ,PRODUCT,N,2026-05-08,287.2290609202009
SI Market + Oral,TRx (Adjusted),RINVOQ,PRODUCT,N,2024-05-03,6666.255704086267
SI Market + Oral,TRx (Adjusted),RINVOQ,PRODUCT,N,2024-05-10,7527.781193955893
SI Market + Oral,TRx (Adjusted),RINVOQ,PRODUCT,N,2024-05-17,5748.234562727264
SI Market + Oral,TRx (Adjusted),RINVOQ,PRODUCT,N,2024-05-24,6652.305243558645
SI Market + Oral,TRx (Adjusted),RINVOQ,PRODUCT,N,2024-05-31,2614.661964464438
SI Market + Oral,TRx (Adjusted),RINVOQ,PRODUCT,N,2024-06-07,5105.602956945018
SI Market + Oral,TRx (Adjusted),RINVOQ,PRODUCT,N,2024-06-14,4907.238079487923
SI Market + Oral,TRx (Adjusted),RINVOQ,PRODUCT,N,2024-06-21,3721.891844554895
SI Market + Oral,TRx (Adjusted),RINVOQ,PRODUCT,N,2024-06-28,3829.144633940098
SI Market + Oral,TRx (Adjusted),RINVOQ,PRODUCT,N,2024-07-05,7561.173014457248
SI Market + Oral,TRx (Adjusted),RINVOQ,PRODUCT,N,2024-07-12,8532.901236936408
SI Market + Oral,TRx (Adjusted),RINVOQ,PRODUCT,N,2024-07-19,5661.401059519214
SI Market + Oral,TRx (Adjusted),RINVOQ,PRODUCT,N,2024-07-26,7790.930015356223
SI Market + Oral,TRx (Adjusted),RINVOQ,PRODUCT,N,2024-08-02,10923.324886604169
SI Market + Oral,TRx (Adjusted),RINVOQ,PRODUCT,N,2024-08-09,3286.458917236546
SI Market + Oral,TRx (Adjusted),RINVOQ,PRODUCT,N,2024-08-16,5164.973461499485
SI Market + Oral,TRx (Adjusted),RINVOQ,PRODUCT,N,2024-08-23,6137.088566960182
SI Market + Oral,TRx (Adjusted),RINVOQ,PRODUCT,N,2024-08-30,4404.314384060299
SI Market + Oral,TRx (Adjusted),RINVOQ,PRODUCT,N,2024-09-06,7487.874247867624
SI Market + Oral,TRx (Adjusted),RINVOQ,PRODUCT,N,2024-09-13,6849.255279272437
SI Market + Oral,TRx (Adjusted),RINVOQ,PRODUCT,N,2024-09-20,5375.394694284047
SI Market + Oral,TRx (Adjusted),RINVOQ,PRODUCT,N,2024-09-27,3935.377670988183
SI Market + Oral,TRx (Adjusted),RINVOQ,PRODUCT,N,2024-10-04,5471.928051991941
SI Market + Oral,TRx (Adjusted),RINVOQ,PRODUCT,N,2024-10-11,7048.574283616236
SI Market + Oral,TRx (Adjusted),RINVOQ,PRODUCT,N,2024-10-18,4476.75692559442
SI Market + Oral,TRx (Adjusted),RINVOQ,PRODUCT,N,2024-10-25,5318.75200287625
SI Market + Oral,TRx (Adjusted),RINVOQ,PRODUCT,N,2024-11-01,5463.559734254292
SI Market + Oral,TRx (Adjusted),RINVOQ,PRODUCT,N,2024-11-08,8110.902408800912
SI Market + Oral,TRx (Adjusted),RINVOQ,PRODUCT,N,2024-11-15,8689.226208426742
SI Market + Oral,TRx (Adjusted),RINVOQ,PRODUCT,N,2024-11-22,7634.57568852686
SI Market + Oral,TRx (Adjusted),RINVOQ,PRODUCT,N,2024-11-29,4400.236853352036
SI Market + Oral,TRx (Adjusted),RINVOQ,PRODUCT,N,2024-12-06,4842.498548998877
SI Market + Oral,TRx (Adjusted),RINVOQ,PRODUCT,N,2024-12-13,8727.837015125748
SI Market + Oral,TRx (Adjusted),RINVOQ,PRODUCT,N,2024-12-20,10207.331619906268
SI Market + Oral,TRx (Adjusted),RINVOQ,PRODUCT,N,2024-12-27,6102.893101142195
SI Market + Oral,TRx (Adjusted),RINVOQ,PRODUCT,N,2025-01-03,7611.737690886624
SI Market + Oral,TRx (Adjusted),RINVOQ,PRODUCT,N,2025-01-10,8894.462218462098
SI Market + Oral,TRx (Adjusted),RINVOQ,PRODUCT,N,2025-01-17,4409.845853113879
SI Market + Oral,TRx (Adjusted),RINVOQ,PRODUCT,N,2025-01-24,6566.503586461237
SI Market + Oral,TRx (Adjusted),RINVOQ,PRODUCT,N,2025-01-31,6137.953498535367
SI Market + Oral,TRx (Adjusted),RINVOQ,PRODUCT,N,2025-02-07,6476.724603492062
SI Market + Oral,TRx (Adjusted),RINVOQ,PRODUCT,N,2025-02-14,9556.175596254208
SI Market + Oral,TRx (Adjusted),RINVOQ,PRODUCT,N,2025-02-21,9090.45534186576
SI Market + Oral,TRx (Adjusted),RINVOQ,PRODUCT,N,2025-02-28,10860.364925704016
SI Market + Oral,TRx (Adjusted),RINVOQ,PRODUCT,N,2025-03-07,8883.464119271735
SI Market + Oral,TRx (Adjusted),RINVOQ,PRODUCT,N,2025-03-14,8366.251064634778
SI Market + Oral,TRx (Adjusted),RINVOQ,PRODUCT,N,2025-03-21,13881.342579729644
SI Market + Oral,TRx (Adjusted),RINVOQ,PRODUCT,N,2025-03-28,8133.399767209171
SI Market + Oral,TRx (Adjusted),RINVOQ,PRODUCT,N,2025-04-04,11717.026995924396
SI Market + Oral,TRx (Adjusted),RINVOQ,PRODUCT,N,2025-04-11,8027.950692755879
SI Market + Oral,TRx (Adjusted),RINVOQ,PRODUCT,N,2025-04-18,9072.36993877639
SI Market + Oral,TRx (Adjusted),RINVOQ,PRODUCT,N,2025-04-25,7596.798710291766
SI Market + Oral,TRx (Adjusted),RINVOQ,PRODUCT,N,2025-05-02,6349.046465478596
SI Market + Oral,TRx (Adjusted),RINVOQ,PRODUCT,N,2025-05-09,7539.177164720177
SI Market + Oral,TRx (Adjusted),RINVOQ,PRODUCT,N,2025-05-16,10402.110677771876
SI Market + Oral,TRx (Adjusted),RINVOQ,PRODUCT,N,2025-05-23,8499.285913900589
SI Market + Oral,TRx (Adjusted),RINVOQ,PRODUCT,N,2025-05-30,5466.895722958147
SI Market + Oral,TRx (Adjusted),RINVOQ,PRODUCT,N,2025-06-06,6844.847491393073
SI Market + Oral,TRx (Adjusted),RINVOQ,PRODUCT,N,2025-06-13,6587.135704981524
SI Market + Oral,TRx (Adjusted),RINVOQ,PRODUCT,N,2025-06-20,4065.02735946136
SI Market + Oral,TRx (Adjusted),RINVOQ,PRODUCT,N,2025-06-27,14125.234218322574
SI Market + Oral,TRx (Adjusted),RINVOQ,PRODUCT,N,2025-07-04,7942.113915400907
SI Market + Oral,TRx (Adjusted),RINVOQ,PRODUCT,N,2025-07-11,7074.724755060811
SI Market + Oral,TRx (Adjusted),RINVOQ,PRODUCT,N,2025-07-18,8509.529205640796
SI Market + Oral,TRx (Adjusted),RINVOQ,PRODUCT,N,2025-07-25,5186.81002439002
SI Market + Oral,TRx (Adjusted),RINVOQ,PRODUCT,N,2025-08-01,7473.1649171708195
SI Market + Oral,TRx (Adjusted),RINVOQ,PRODUCT,N,2025-08-08,9047.34546927994
SI Market + Oral,TRx (Adjusted),RINVOQ,PRODUCT,N,2025-08-15,9572.775479672307
SI Market + Oral,TRx (Adjusted),RINVOQ,PRODUCT,N,2025-08-22,15208.436473393163
SI Market + Oral,TRx (Adjusted),RINVOQ,PRODUCT,N,2025-08-29,8001.542535929261
SI Market + Oral,TRx (Adjusted),RINVOQ,PRODUCT,N,2025-09-05,8509.403453257952
SI Market + Oral,TRx (Adjusted),RINVOQ,PRODUCT,N,2025-09-12,9275.552908074504
SI Market + Oral,TRx (Adjusted),RINVOQ,PRODUCT,N,2025-09-19,15898.388808206188
SI Market + Oral,TRx (Adjusted),RINVOQ,PRODUCT,N,2025-09-26,10055.71481134678
SI Market + Oral,TRx (Adjusted),RINVOQ,PRODUCT,N,2025-10-03,11066.958620149417
SI Market + Oral,TRx (Adjusted),RINVOQ,PRODUCT,N,2025-10-10,13051.450591411798
SI Market + Oral,TRx (Adjusted),RINVOQ,PRODUCT,N,2025-10-17,14108.544132245395
SI Market + Oral,TRx (Adjusted),RINVOQ,PRODUCT,N,2025-10-24,6476.756434012476
SI Market + Oral,TRx (Adjusted),RINVOQ,PRODUCT,N,2025-10-31,14654.963457904852
SI Market + Oral,TRx (Adjusted),RINVOQ,PRODUCT,N,2025-11-07,8427.548305918453
SI Market + Oral,TRx (Adjusted),RINVOQ,PRODUCT,N,2025-11-14,11525.021393669536
SI Market + Oral,TRx (Adjusted),RINVOQ,PRODUCT,N,2025-11-21,13184.143508870127
SI Market + Oral,TRx (Adjusted),RINVOQ,PRODUCT,N,2025-11-28,14723.404165446516
SI Market + Oral,TRx (Adjusted),RINVOQ,PRODUCT,N,2025-12-05,13500.17391902534
SI Market + Oral,TRx (Adjusted),RINVOQ,PRODUCT,N,2025-12-12,8086.063435200515
SI Market + Oral,TRx (Adjusted),RINVOQ,PRODUCT,N,2025-12-19,11926.11962987028
SI Market + Oral,TRx (Adjusted),RINVOQ,PRODUCT,N,2025-12-26,8046.859032235718
SI Market + Oral,TRx (Adjusted),RINVOQ,PRODUCT,N,2026-01-02,7829.415987360661
SI Market + Oral,TRx (Adjusted),RINVOQ,PRODUCT,N,2026-01-09,7542.730220169808
SI Market + Oral,TRx (Adjusted),RINVOQ,PRODUCT,N,2026-01-16,6410.228004279328
SI Market + Oral,TRx (Adjusted),RINVOQ,PRODUCT,N,2026-01-23,8946.72673556935
SI Market + Oral,TRx (Adjusted),RINVOQ,PRODUCT,N,2026-01-30,9551.434121662833
SI Market + Oral,TRx (Adjusted),RINVOQ,PRODUCT,N,2026-02-06,14158.7133201852
SI Market + Oral,TRx (Adjusted),RINVOQ,PRODUCT,N,2026-02-13,7963.344883257299
SI Market + Oral,TRx (Adjusted),RINVOQ,PRODUCT,N,2026-02-20,18367.707915420506
SI Market + Oral,TRx (Adjusted),RINVOQ,PRODUCT,N,2026-02-27,7592.134550751995
SI Market + Oral,TRx (Adjusted),RINVOQ,PRODUCT,N,2026-03-06,11463.431053136655
SI Market + Oral,TRx (Adjusted),RINVOQ,PRODUCT,N,2026-03-13,5199.774619481304
SI Market + Oral,TRx (Adjusted),RINVOQ,PRODUCT,N,2026-03-20,13677.894098708926
SI Market + Oral,TRx (Adjusted),RINVOQ,PRODUCT,N,2026-03-27,12715.183072144882
SI Market + Oral,TRx (Adjusted),RINVOQ,PRODUCT,N,2026-04-03,18129.09990183367
SI Market + Oral,TRx (Adjusted),RINVOQ,PRODUCT,N,2026-04-10,11884.403126981351
SI Market + Oral,TRx (Adjusted),RINVOQ,PRODUCT,N,2026-04-17,4500.91910974521
SI Market + Oral,TRx (Adjusted),RINVOQ,PRODUCT,N,2026-04-24,7790.634431833477
SI Market + Oral,TRx (Adjusted),RINVOQ,PRODUCT,N,2026-05-01,4782.450880609932
SI Market + Oral,TRx (Adjusted),RINVOQ,PRODUCT,N,2026-05-08,5684.08761070418
SI Market + Oral,TRx (Adjusted),SIMPONI SC,PRODUCT,N,2024-05-03,315.5561713699102
SI Market + Oral,TRx (Adjusted),SIMPONI SC,PRODUCT,N,2024-05-10,302.72370668410383
SI Market + Oral,TRx (Adjusted),SIMPONI SC,PRODUCT,N,2024-05-17,369.87713237632914
SI Market + Oral,TRx (Adjusted),SIMPONI SC,PRODUCT,N,2024-05-24,353.196495551595
SI Market + Oral,TRx (Adjusted),SIMPONI SC,PRODUCT,N,2024-05-31,343.112048828696
SI Market + Oral,TRx (Adjusted),SIMPONI SC,PRODUCT,N,2024-06-07,310.82111055665115
SI Market + Oral,TRx (Adjusted),SIMPONI SC,PRODUCT,N,2024-06-14,189.99830051645617
SI Market + Oral,TRx (Adjusted),SIMPONI SC,PRODUCT,N,2024-06-21,241.0814801055881
SI Market + Oral,TRx (Adjusted),SIMPONI SC,PRODUCT,N,2024-06-28,354.6089995651353
SI Market + Oral,TRx (Adjusted),SIMPONI SC,PRODUCT,N,2024-07-05,355.24589524788223
SI Market + Oral,TRx (Adjusted),SIMPONI SC,PRODUCT,N,2024-07-12,115.09523962723424
SI Market + Oral,TRx (Adjusted),SIMPONI SC,PRODUCT,N,2024-07-19,242.69905361392847
SI Market + Oral,TRx (Adjusted),SIMPONI SC,PRODUCT,N,2024-07-26,270.1466776484802
SI Market + Oral,TRx (Adjusted),SIMPONI SC,PRODUCT,N,2024-08-02,149.51117621347257
SI Market + Oral,TRx (Adjusted),SIMPONI SC,PRODUCT,N,2024-08-09,185.53914794234623
SI Market + Oral,TRx (Adjusted),SIMPONI SC,PRODUCT,N,2024-08-16,454.12418084604326
SI Market + Oral,TRx (Adjusted),SIMPONI SC,PRODUCT,N,2024-08-23,343.8612061177763
SI Market + Oral,TRx (Adjusted),SIMPONI SC,PRODUCT,N,2024-08-30,188.3268551998301
SI Market + Oral,TRx (Adjusted),SIMPONI SC,PRODUCT,N,2024-09-06,346.3285968888229
SI Market + Oral,TRx (Adjusted),SIMPONI SC,PRODUCT,N,2024-09-13,208.1425795771479
SI Market + Oral,TRx (Adjusted),SIMPONI SC,PRODUCT,N,2024-09-20,422.7695167927555
SI Market + Oral,TRx (Adjusted),SIMPONI SC,PRODUCT,N,2024-09-27,243.52759297867976
SI Market + Oral,TRx (Adjusted),SIMPONI SC,PRODUCT,N,2024-10-04,348.4299137637239
SI Market + Oral,TRx (Adjusted),SIMPONI SC,PRODUCT,N,2024-10-11,279.21688947127694
SI Market + Oral,TRx (Adjusted),SIMPONI SC,PRODUCT,N,2024-10-18,254.1536236980485
SI Market + Oral,TRx (Adjusted),SIMPONI SC,PRODUCT,N,2024-10-25,338.1327381347714
SI Market + Oral,TRx (Adjusted),SIMPONI SC,PRODUCT,N,2024-11-01,234.9662687705529
SI Market + Oral,TRx (Adjusted),SIMPONI SC,PRODUCT,N,2024-11-08,195.01758816432732
SI Market + Oral,TRx (Adjusted),SIMPONI SC,PRODUCT,N,2024-11-15,228.3327726000868
SI Market + Oral,TRx (Adjusted),SIMPONI SC,PRODUCT,N,2024-11-22,442.0681497298598
SI Market + Oral,TRx (Adjusted),SIMPONI SC,PRODUCT,N,2024-11-29,356.9304027221229
SI Market + Oral,TRx (Adjusted),SIMPONI SC,PRODUCT,N,2024-12-06,416.346856692649
SI Market + Oral,TRx (Adjusted),SIMPONI SC,PRODUCT,N,2024-12-13,257.90745443005693
SI Market + Oral,TRx (Adjusted),SIMPONI SC,PRODUCT,N,2024-12-20,330.9412430281044
SI Market + Oral,TRx (Adjusted),SIMPONI SC,PRODUCT,N,2024-12-27,115.46664574058174
SI Market + Oral,TRx (Adjusted),SIMPONI SC,PRODUCT,N,2025-01-03,205.559301095492
SI Market + Oral,TRx (Adjusted),SIMPONI SC,PRODUCT,N,2025-01-10,378.42233356595307
SI Market + Oral,TRx (Adjusted),SIMPONI SC,PRODUCT,N,2025-01-17,295.2561950081167
SI Market + Oral,TRx (Adjusted),SIMPONI SC,PRODUCT,N,2025-01-24,233.3681797386357
SI Market + Oral,TRx (Adjusted),SIMPONI SC,PRODUCT,N,2025-01-31,255.6865184525032
SI Market + Oral,TRx (Adjusted),SIMPONI SC,PRODUCT,N,2025-02-07,431.4665917233584
SI Market + Oral,TRx (Adjusted),SIMPONI SC,PRODUCT,N,2025-02-14,249.95461644510183
SI Market + Oral,TRx (Adjusted),SIMPONI SC,PRODUCT,N,2025-02-21,175.25201076597963
SI Market + Oral,TRx (Adjusted),SIMPONI SC,PRODUCT,N,2025-02-28,280.76530187757595
SI Market + Oral,TRx (Adjusted),SIMPONI SC,PRODUCT,N,2025-03-07,162.88090340587067
SI Market + Oral,TRx (Adjusted),SIMPONI SC,PRODUCT,N,2025-03-14,170.45655654952017
SI Market + Oral,TRx (Adjusted),SIMPONI SC,PRODUCT,N,2025-03-21,152.46539641093565
SI Market + Oral,TRx (Adjusted),SIMPONI SC,PRODUCT,N,2025-03-28,295.07611092870815
SI Market + Oral,TRx (Adjusted),SIMPONI SC,PRODUCT,N,2025-04-04,287.2837932598322
SI Market + Oral,TRx (Adjusted),SIMPONI SC,PRODUCT,N,2025-04-11,221.5365718756665
SI Market + Oral,TRx (Adjusted),SIMPONI SC,PRODUCT,N,2025-04-18,227.01242739917456
SI Market + Oral,TRx (Adjusted),SIMPONI SC,PRODUCT,N,2025-04-25,417.32762997343576
SI Market + Oral,TRx (Adjusted),SIMPONI SC,PRODUCT,N,2025-05-02,400.6728176586881
SI Market + Oral,TRx (Adjusted),SIMPONI SC,PRODUCT,N,2025-05-09,218.30153329962664
SI Market + Oral,TRx (Adjusted),SIMPONI SC,PRODUCT,N,2025-05-16,246.0930562430187
SI Market + Oral,TRx (Adjusted),SIMPONI SC,PRODUCT,N,2025-05-23,470.59918394697456
SI Market + Oral,TRx (Adjusted),SIMPONI SC,PRODUCT,N,2025-05-30,140.28187214863368
SI Market + Oral,TRx (Adjusted),SIMPONI SC,PRODUCT,N,2025-06-06,186.3631336623009
SI Market + Oral,TRx (Adjusted),SIMPONI SC,PRODUCT,N,2025-06-13,318.34789648506825
SI Market + Oral,TRx (Adjusted),SIMPONI SC,PRODUCT,N,2025-06-20,318.340789091871
SI Market + Oral,TRx (Adjusted),SIMPONI SC,PRODUCT,N,2025-06-27,388.3204498004335
SI Market + Oral,TRx (Adjusted),SIMPONI SC,PRODUCT,N,2025-07-04,290.2620046902799
SI Market + Oral,TRx (Adjusted),SIMPONI SC,PRODUCT,N,2025-07-11,415.8643641284244
SI Market + Oral,TRx (Adjusted),SIMPONI SC,PRODUCT,N,2025-07-18,250.66114037241016
SI Market + Oral,TRx (Adjusted),SIMPONI SC,PRODUCT,N,2025-07-25,251.28711121070756
SI Market + Oral,TRx (Adjusted),SIMPONI SC,PRODUCT,N,2025-08-01,212.39028284392367
SI Market + Oral,TRx (Adjusted),SIMPONI SC,PRODUCT,N,2025-08-08,185.7274822484925
SI Market + Oral,TRx (Adjusted),SIMPONI SC,PRODUCT,N,2025-08-15,290.9405915201781
SI Market + Oral,TRx (Adjusted),SIMPONI SC,PRODUCT,N,2025-08-22,200.53799027634105
SI Market + Oral,TRx (Adjusted),SIMPONI SC,PRODUCT,N,2025-08-29,325.4783912622098
SI Market + Oral,TRx (Adjusted),SIMPONI SC,PRODUCT,N,2025-09-05,323.8530721934461
SI Market + Oral,TRx (Adjusted),SIMPONI SC,PRODUCT,N,2025-09-12,344.44834743922223
SI Market + Oral,TRx (Adjusted),SIMPONI SC,PRODUCT,N,2025-09-19,273.932356496434
SI Market + Oral,TRx (Adjusted),SIMPONI SC,PRODUCT,N,2025-09-26,297.652278702009
SI Market + Oral,TRx (Adjusted),SIMPONI SC,PRODUCT,N,2025-10-03,406.64392530325176
SI Market + Oral,TRx (Adjusted),SIMPONI SC,PRODUCT,N,2025-10-10,260.0376522249078
SI Market + Oral,TRx (Adjusted),SIMPONI SC,PRODUCT,N,2025-10-17,354.5891064493294
SI Market + Oral,TRx (Adjusted),SIMPONI SC,PRODUCT,N,2025-10-24,445.12673560014025
SI Market + Oral,TRx (Adjusted),SIMPONI SC,PRODUCT,N,2025-10-31,271.2210684777719
SI Market + Oral,TRx (Adjusted),SIMPONI SC,PRODUCT,N,2025-11-07,227.6294836040217
SI Market + Oral,TRx (Adjusted),SIMPONI SC,PRODUCT,N,2025-11-14,296.4904698421348
SI Market + Oral,TRx (Adjusted),SIMPONI SC,PRODUCT,N,2025-11-21,182.00127551428767
SI Market + Oral,TRx (Adjusted),SIMPONI SC,PRODUCT,N,2025-11-28,235.2727002790712
SI Market + Oral,TRx (Adjusted),SIMPONI SC,PRODUCT,N,2025-12-05,449.524324945876
SI Market + Oral,TRx (Adjusted),SIMPONI SC,PRODUCT,N,2025-12-12,333.22003821171586
SI Market + Oral,TRx (Adjusted),SIMPONI SC,PRODUCT,N,2025-12-19,206.58685014534245
SI Market + Oral,TRx (Adjusted),SIMPONI SC,PRODUCT,N,2025-12-26,105.86962842422716
SI Market + Oral,TRx (Adjusted),SIMPONI SC,PRODUCT,N,2026-01-02,354.7659977408569
SI Market + Oral,TRx (Adjusted),SIMPONI SC,PRODUCT,N,2026-01-09,197.86637923314933
SI Market + Oral,TRx (Adjusted),SIMPONI SC,PRODUCT,N,2026-01-16,155.20837048835568
SI Market + Oral,TRx (Adjusted),SIMPONI SC,PRODUCT,N,2026-01-23,159.21838388123174
SI Market + Oral,TRx (Adjusted),SIMPONI SC,PRODUCT,N,2026-01-30,129.67845521728026
SI Market + Oral,TRx (Adjusted),SIMPONI SC,PRODUCT,N,2026-02-06,282.2848129127492
SI Market + Oral,TRx (Adjusted),SIMPONI SC,PRODUCT,N,2026-02-13,316.48473617218207
SI Market + Oral,TRx (Adjusted),SIMPONI SC,PRODUCT,N,2026-02-20,262.4757093802309
SI Market + Oral,TRx (Adjusted),SIMPONI SC,PRODUCT,N,2026-02-27,136.2920667962163
SI Market + Oral,TRx (Adjusted),SIMPONI SC,PRODUCT,N,2026-03-06,210.15648227320432
SI Market + Oral,TRx (Adjusted),SIMPONI SC,PRODUCT,N,2026-03-13,285.0341881574853
SI Market + Oral,TRx (Adjusted),SIMPONI SC,PRODUCT,N,2026-03-20,122.67833667648416
SI Market + Oral,TRx (Adjusted),SIMPONI SC,PRODUCT,N,2026-03-27,331.13740704953483
SI Market + Oral,TRx (Adjusted),SIMPONI SC,PRODUCT,N,2026-04-03,231.6658412726717
SI Market + Oral,TRx (Adjusted),SIMPONI SC,PRODUCT,N,2026-04-10,259.39087111327774
SI Market + Oral,TRx (Adjusted),SIMPONI SC,PRODUCT,N,2026-04-17,224.99821203032943
SI Market + Oral,TRx (Adjusted),SIMPONI SC,PRODUCT,N,2026-04-24,266.63066795905894
SI Market + Oral,TRx (Adjusted),SIMPONI SC,PRODUCT,N,2026-05-01,125.1188211720736
SI Market + Oral,TRx (Adjusted),SIMPONI SC,PRODUCT,N,2026-05-08,160.5298159255434
SI Market + Oral,TRx (Adjusted),SKYRIZI OBI,PRODUCT,N,2024-05-03,5833.401913329712
SI Market + Oral,TRx (Adjusted),SKYRIZI OBI,PRODUCT,N,2024-05-10,1665.608583923736
SI Market + Oral,TRx (Adjusted),SKYRIZI OBI,PRODUCT,N,2024-05-17,4386.46631529324
SI Market + Oral,TRx (Adjusted),SKYRIZI OBI,PRODUCT,N,2024-05-24,3045.5079957516814
SI Market + Oral,TRx (Adjusted),SKYRIZI OBI,PRODUCT,N,2024-05-31,2683.859201635228
SI Market + Oral,TRx (Adjusted),SKYRIZI OBI,PRODUCT,N,2024-06-07,4543.736623963109
SI Market + Oral,TRx (Adjusted),SKYRIZI OBI,PRODUCT,N,2024-06-14,4839.942646311957
SI Market + Oral,TRx (Adjusted),SKYRIZI OBI,PRODUCT,N,2024-06-21,6870.760807738337
SI Market + Oral,TRx (Adjusted),SKYRIZI OBI,PRODUCT,N,2024-06-28,4012.4708836675695
SI Market + Oral,TRx (Adjusted),SKYRIZI OBI,PRODUCT,N,2024-07-05,2472.678179308325
SI Market + Oral,TRx (Adjusted),SKYRIZI OBI,PRODUCT,N,2024-07-12,3398.938110335512
SI Market + Oral,TRx (Adjusted),SKYRIZI OBI,PRODUCT,N,2024-07-19,3416.9943139709544
SI Market + Oral,TRx (Adjusted),SKYRIZI OBI,PRODUCT,N,2024-07-26,6595.866461575169
SI Market + Oral,TRx (Adjusted),SKYRIZI OBI,PRODUCT,N,2024-08-02,3653.4903541716026
SI Market + Oral,TRx (Adjusted),SKYRIZI OBI,PRODUCT,N,2024-08-09,3130.106100010552
SI Market + Oral,TRx (Adjusted),SKYRIZI OBI,PRODUCT,N,2024-08-16,5866.470499653303
SI Market + Oral,TRx (Adjusted),SKYRIZI OBI,PRODUCT,N,2024-08-23,1998.8540303520329
SI Market + Oral,TRx (Adjusted),SKYRIZI OBI,PRODUCT,N,2024-08-30,4576.369323743905
SI Market + Oral,TRx (Adjusted),SKYRIZI OBI,PRODUCT,N,2024-09-06,4575.834695695607
SI Market + Oral,TRx (Adjusted),SKYRIZI OBI,PRODUCT,N,2024-09-13,3830.202386554371
SI Market + Oral,TRx (Adjusted),SKYRIZI OBI,PRODUCT,N,2024-09-20,3173.155055531284
SI Market + Oral,TRx (Adjusted),SKYRIZI OBI,PRODUCT,N,2024-09-27,3095.379559886426
SI Market + Oral,TRx (Adjusted),SKYRIZI OBI,PRODUCT,N,2024-10-04,6096.194856688671
SI Market + Oral,TRx (Adjusted),SKYRIZI OBI,PRODUCT,N,2024-10-11,2801.2990651681025
SI Market + Oral,TRx (Adjusted),SKYRIZI OBI,PRODUCT,N,2024-10-18,3588.125001464362
SI Market + Oral,TRx (Adjusted),SKYRIZI OBI,PRODUCT,N,2024-10-25,3370.166287821732
SI Market + Oral,TRx (Adjusted),SKYRIZI OBI,PRODUCT,N,2024-11-01,4742.371835340287
SI Market + Oral,TRx (Adjusted),SKYRIZI OBI,PRODUCT,N,2024-11-08,8106.697523513072
SI Market + Oral,TRx (Adjusted),SKYRIZI OBI,PRODUCT,N,2024-11-15,5821.9253686622815
SI Market + Oral,TRx (Adjusted),SKYRIZI OBI,PRODUCT,N,2024-11-22,6689.441614917311
SI Market + Oral,TRx (Adjusted),SKYRIZI OBI,PRODUCT,N,2024-11-29,4932.458841131104
SI Market + Oral,TRx (Adjusted),SKYRIZI OBI,PRODUCT,N,2024-12-06,9939.98604913547
SI Market + Oral,TRx (Adjusted),SKYRIZI OBI,PRODUCT,N,2024-12-13,2743.9546741083163
SI Market + Oral,TRx (Adjusted),SKYRIZI OBI,PRODUCT,N,2024-12-20,11869.981817589913
SI Market + Oral,TRx (Adjusted),SKYRIZI OBI,PRODUCT,N,2024-12-27,4521.949722915481
SI Market + Oral,TRx (Adjusted),SKYRIZI OBI,PRODUCT,N,2025-01-03,3338.671336132093
SI Market + Oral,TRx (Adjusted),SKYRIZI OBI,PRODUCT,N,2025-01-10,8629.854267794646
SI Market + Oral,TRx (Adjusted),SKYRIZI OBI,PRODUCT,N,2025-01-17,9824.844015924076
SI Market + Oral,TRx (Adjusted),SKYRIZI OBI,PRODUCT,N,2025-01-24,5489.605635968405
SI Market + Oral,TRx (Adjusted),SKYRIZI OBI,PRODUCT,N,2025-01-31,8783.486703451115
SI Market + Oral,TRx (Adjusted),SKYRIZI OBI,PRODUCT,N,2025-02-07,9530.364969674012
SI Market + Oral,TRx (Adjusted),SKYRIZI OBI,PRODUCT,N,2025-02-14,6816.9037030837735
SI Market + Oral,TRx (Adjusted),SKYRIZI OBI,PRODUCT,N,2025-02-21,12693.072735576456
SI Market + Oral,TRx (Adjusted),SKYRIZI OBI,PRODUCT,N,2025-02-28,5976.811709600362
SI Market + Oral,TRx (Adjusted),SKYRIZI OBI,PRODUCT,N,2025-03-07,8398.704634353782
SI Market + Oral,TRx (Adjusted),SKYRIZI OBI,PRODUCT,N,2025-03-14,6333.0194198505405
SI Market + Oral,TRx (Adjusted),SKYRIZI OBI,PRODUCT,N,2025-03-21,9431.83633681103
SI Market + Oral,TRx (Adjusted),SKYRIZI OBI,PRODUCT,N,2025-03-28,11523.974442690474
SI Market + Oral,TRx (Adjusted),SKYRIZI OBI,PRODUCT,N,2025-04-04,6198.899819547515
SI Market + Oral,TRx (Adjusted),SKYRIZI OBI,PRODUCT,N,2025-04-11,6916.690304450146
SI Market + Oral,TRx (Adjusted),SKYRIZI OBI,PRODUCT,N,2025-04-18,6360.372292447372
SI Market + Oral,TRx (Adjusted),SKYRIZI OBI,PRODUCT,N,2025-04-25,5590.984109271243
SI Market + Oral,TRx (Adjusted),SKYRIZI OBI,PRODUCT,N,2025-05-02,3554.8490849996288
SI Market + Oral,TRx (Adjusted),SKYRIZI OBI,PRODUCT,N,2025-05-09,6365.713518946998
SI Market + Oral,TRx (Adjusted),SKYRIZI OBI,PRODUCT,N,2025-05-16,4056.176672616616
SI Market + Oral,TRx (Adjusted),SKYRIZI OBI,PRODUCT,N,2025-05-23,5312.82477027068
SI Market + Oral,TRx (Adjusted),SKYRIZI OBI,PRODUCT,N,2025-05-30,10968.117180705998
SI Market + Oral,TRx (Adjusted),SKYRIZI OBI,PRODUCT,N,2025-06-06,11220.165774485138
SI Market + Oral,TRx (Adjusted),SKYRIZI OBI,PRODUCT,N,2025-06-13,13754.122705885013
SI Market + Oral,TRx (Adjusted),SKYRIZI OBI,PRODUCT,N,2025-06-20,10217.501407898872
SI Market + Oral,TRx (Adjusted),SKYRIZI OBI,PRODUCT,N,2025-06-27,17836.516659802364
SI Market + Oral,TRx (Adjusted),SKYRIZI OBI,PRODUCT,N,2025-07-04,8160.702384775991
SI Market + Oral,TRx (Adjusted),SKYRIZI OBI,PRODUCT,N,2025-07-11,7903.166820762314
SI Market + Oral,TRx (Adjusted),SKYRIZI OBI,PRODUCT,N,2025-07-18,7529.376871480205
SI Market + Oral,TRx (Adjusted),SKYRIZI OBI,PRODUCT,N,2025-07-25,15438.21242390028
SI Market + Oral,TRx (Adjusted),SKYRIZI OBI,PRODUCT,N,2025-08-01,6308.706628141066
SI Market + Oral,TRx (Adjusted),SKYRIZI OBI,PRODUCT,N,2025-08-08,13693.502896475708
SI Market + Oral,TRx (Adjusted),SKYRIZI OBI,PRODUCT,N,2025-08-15,17813.16447709885
SI Market + Oral,TRx (Adjusted),SKYRIZI OBI,PRODUCT,N,2025-08-22,4903.251841575002
SI Market + Oral,TRx (Adjusted),SKYRIZI OBI,PRODUCT,N,2025-08-29,6759.443554263239
SI Market + Oral,TRx (Adjusted),SKYRIZI OBI,PRODUCT,N,2025-09-05,15157.61078313812
SI Market + Oral,TRx (Adjusted),SKYRIZI OBI,PRODUCT,N,2025-09-12,13514.128511041756
SI Market + Oral,TRx (Adjusted),SKYRIZI OBI,PRODUCT,N,2025-09-19,6058.151729292576
SI Market + Oral,TRx (Adjusted),SKYRIZI OBI,PRODUCT,N,2025-09-26,18388.939018602294
SI Market + Oral,TRx (Adjusted),SKYRIZI OBI,PRODUCT,N,2025-10-03,17263.450672000694
SI Market + Oral,TRx (Adjusted),SKYRIZI OBI,PRODUCT,N,2025-10-10,10697.962443410392
SI Market + Oral,TRx (Adjusted),SKYRIZI OBI,PRODUCT,N,2025-10-17,16094.38513965914
SI Market + Oral,TRx (Adjusted),SKYRIZI OBI,PRODUCT,N,2025-10-24,10057.143563452086
SI Market + Oral,TRx (Adjusted),SKYRIZI OBI,PRODUCT,N,2025-10-31,5658.788385377256
SI Market + Oral,TRx (Adjusted),SKYRIZI OBI,PRODUCT,N,2025-11-07,10950.209415264784
SI Market + Oral,TRx (Adjusted),SKYRIZI OBI,PRODUCT,N,2025-11-14,10426.255099626334
SI Market + Oral,TRx (Adjusted),SKYRIZI OBI,PRODUCT,N,2025-11-21,16133.93257697822
SI Market + Oral,TRx (Adjusted),SKYRIZI OBI,PRODUCT,N,2025-11-28,11709.07978603203
SI Market + Oral,TRx (Adjusted),SKYRIZI OBI,PRODUCT,N,2025-12-05,7603.712613710242
SI Market + Oral,TRx (Adjusted),SKYRIZI OBI,PRODUCT,N,2025-12-12,11634.854167974678
SI Market + Oral,TRx (Adjusted),SKYRIZI OBI,PRODUCT,N,2025-12-19,12518.77651085927
SI Market + Oral,TRx (Adjusted),SKYRIZI OBI,PRODUCT,N,2025-12-26,13559.412315472411
SI Market + Oral,TRx (Adjusted),SKYRIZI OBI,PRODUCT,N,2026-01-02,9449.942069054428
SI Market + Oral,TRx (Adjusted),SKYRIZI OBI,PRODUCT,N,2026-01-09,13173.247544075435
SI Market + Oral,TRx (Adjusted),SKYRIZI OBI,PRODUCT,N,2026-01-16,15802.70292547906
SI Market + Oral,TRx (Adjusted),SKYRIZI OBI,PRODUCT,N,2026-01-23,12062.95363119644
SI Market + Oral,TRx (Adjusted),SKYRIZI OBI,PRODUCT,N,2026-01-30,14211.390614400216
SI Market + Oral,TRx (Adjusted),SKYRIZI OBI,PRODUCT,N,2026-02-06,17972.00753011374
SI Market + Oral,TRx (Adjusted),SKYRIZI OBI,PRODUCT,N,2026-02-13,14043.666184752836
SI Market + Oral,TRx (Adjusted),SKYRIZI OBI,PRODUCT,N,2026-02-20,14304.62235343878
SI Market + Oral,TRx (Adjusted),SKYRIZI OBI,PRODUCT,N,2026-02-27,20365.1453875512
SI Market + Oral,TRx (Adjusted),SKYRIZI OBI,PRODUCT,N,2026-03-06,10186.966241541468
SI Market + Oral,TRx (Adjusted),SKYRIZI OBI,PRODUCT,N,2026-03-13,16238.169557312976
SI Market + Oral,TRx (Adjusted),SKYRIZI OBI,PRODUCT,N,2026-03-20,8334.141725677964
SI Market + Oral,TRx (Adjusted),SKYRIZI OBI,PRODUCT,N,2026-03-27,19300.93049507101
SI Market + Oral,TRx (Adjusted),SKYRIZI OBI,PRODUCT,N,2026-04-03,17924.705970957057
SI Market + Oral,TRx (Adjusted),SKYRIZI OBI,PRODUCT,N,2026-04-10,12310.37300246791
SI Market + Oral,TRx (Adjusted),SKYRIZI OBI,PRODUCT,N,2026-04-17,7239.751169990621
SI Market + Oral,TRx (Adjusted),SKYRIZI OBI,PRODUCT,N,2026-04-24,20266.756949122628
SI Market + Oral,TRx (Adjusted),SKYRIZI OBI,PRODUCT,N,2026-05-01,16451.76257538368
SI Market + Oral,TRx (Adjusted),SKYRIZI OBI,PRODUCT,N,2026-05-08,14568.589294384949
SI Market + Oral,TRx (Adjusted),STELARA BIOSIMILARS TOTAL SQ,PRODUCT,N,2025-01-10,0.0
SI Market + Oral,TRx (Adjusted),STELARA BIOSIMILARS TOTAL SQ,PRODUCT,N,2025-01-17,0.0
SI Market + Oral,TRx (Adjusted),STELARA BIOSIMILARS TOTAL SQ,PRODUCT,N,2025-01-24,5.402431343936634
SI Market + Oral,TRx (Adjusted),STELARA BIOSIMILARS TOTAL SQ,PRODUCT,N,2025-01-31,4.540549132076508
SI Market + Oral,TRx (Adjusted),STELARA BIOSIMILARS TOTAL SQ,PRODUCT,N,2025-02-07,25.662847039924497
SI Market + Oral,TRx (Adjusted),STELARA BIOSIMILARS TOTAL SQ,PRODUCT,N,2025-02-14,29.421880733459098
SI Market + Oral,TRx (Adjusted),STELARA BIOSIMILARS TOTAL SQ,PRODUCT,N,2025-02-21,7.095674457525339
SI Market + Oral,TRx (Adjusted),STELARA BIOSIMILARS TOTAL SQ,PRODUCT,N,2025-02-28,28.932078574771367
SI Market + Oral,TRx (Adjusted),STELARA BIOSIMILARS TOTAL SQ,PRODUCT,N,2025-03-07,38.800484789742455
SI Market + Oral,TRx (Adjusted),STELARA BIOSIMILARS TOTAL SQ,PRODUCT,N,2025-03-14,66.74809082319001
SI Market + Oral,TRx (Adjusted),STELARA BIOSIMILARS TOTAL SQ,PRODUCT,N,2025-03-21,71.32233221640648
SI Market + Oral,TRx (Adjusted),STELARA BIOSIMILARS TOTAL SQ,PRODUCT,N,2025-03-28,60.75190797323402
SI Market + Oral,TRx (Adjusted),STELARA BIOSIMILARS TOTAL SQ,PRODUCT,N,2025-04-04,154.57938908199822
SI Market + Oral,TRx (Adjusted),STELARA BIOSIMILARS TOTAL SQ,PRODUCT,N,2025-04-11,354.8170898440109
SI Market + Oral,TRx (Adjusted),STELARA BIOSIMILARS TOTAL SQ,PRODUCT,N,2025-04-18,591.5377701154481
SI Market + Oral,TRx (Adjusted),STELARA BIOSIMILARS TOTAL SQ,PRODUCT,N,2025-04-25,437.6841008068772
SI Market + Oral,TRx (Adjusted),STELARA BIOSIMILARS TOTAL SQ,PRODUCT,N,2025-05-02,223.3071791278545
SI Market + Oral,TRx (Adjusted),STELARA BIOSIMILARS TOTAL SQ,PRODUCT,N,2025-05-09,640.8394417340004
SI Market + Oral,TRx (Adjusted),STELARA BIOSIMILARS TOTAL SQ,PRODUCT,N,2025-05-16,745.1288063603901
SI Market + Oral,TRx (Adjusted),STELARA BIOSIMILARS TOTAL SQ,PRODUCT,N,2025-05-23,781.4630886064285
SI Market + Oral,TRx (Adjusted),STELARA BIOSIMILARS TOTAL SQ,PRODUCT,N,2025-05-30,387.7093038290319
SI Market + Oral,TRx (Adjusted),STELARA BIOSIMILARS TOTAL SQ,PRODUCT,N,2025-06-06,712.784351721303
SI Market + Oral,TRx (Adjusted),STELARA BIOSIMILARS TOTAL SQ,PRODUCT,N,2025-06-13,1261.5661696608145
SI Market + Oral,TRx (Adjusted),STELARA BIOSIMILARS TOTAL SQ,PRODUCT,N,2025-06-20,712.354769208434
SI Market + Oral,TRx (Adjusted),STELARA BIOSIMILARS TOTAL SQ,PRODUCT,N,2025-06-27,2173.605592999321
SI Market + Oral,TRx (Adjusted),STELARA BIOSIMILARS TOTAL SQ,PRODUCT,N,2025-07-04,961.1058619977296
SI Market + Oral,TRx (Adjusted),STELARA BIOSIMILARS TOTAL SQ,PRODUCT,N,2025-07-11,2072.0242277421085
SI Market + Oral,TRx (Adjusted),STELARA BIOSIMILARS TOTAL SQ,PRODUCT,N,2025-07-18,3086.627169808622
SI Market + Oral,TRx (Adjusted),STELARA BIOSIMILARS TOTAL SQ,PRODUCT,N,2025-07-25,2424.873164414833
SI Market + Oral,TRx (Adjusted),STELARA BIOSIMILARS TOTAL SQ,PRODUCT,N,2025-08-01,1866.3474554759248
SI Market + Oral,TRx (Adjusted),STELARA BIOSIMILARS TOTAL SQ,PRODUCT,N,2025-08-08,2764.197905370137
SI Market + Oral,TRx (Adjusted),STELARA BIOSIMILARS TOTAL SQ,PRODUCT,N,2025-08-15,2916.5636118425336
SI Market + Oral,TRx (Adjusted),STELARA BIOSIMILARS TOTAL SQ,PRODUCT,N,2025-08-22,2492.7214772503
SI Market + Oral,TRx (Adjusted),STELARA BIOSIMILARS TOTAL SQ,PRODUCT,N,2025-08-29,3505.179965398828
SI Market + Oral,TRx (Adjusted),STELARA BIOSIMILARS TOTAL SQ,PRODUCT,N,2025-09-05,3579.8430806341817
SI Market + Oral,TRx (Adjusted),STELARA BIOSIMILARS TOTAL SQ,PRODUCT,N,2025-09-12,2731.6891695370928
SI Market + Oral,TRx (Adjusted),STELARA BIOSIMILARS TOTAL SQ,PRODUCT,N,2025-09-19,1750.369146588975
SI Market + Oral,TRx (Adjusted),STELARA BIOSIMILARS TOTAL SQ,PRODUCT,N,2025-09-26,3500.80602980969
SI Market + Oral,TRx (Adjusted),STELARA BIOSIMILARS TOTAL SQ,PRODUCT,N,2025-10-03,3158.5899805117856
SI Market + Oral,TRx (Adjusted),STELARA BIOSIMILARS TOTAL SQ,PRODUCT,N,2025-10-10,1916.3974209327653
SI Market + Oral,TRx (Adjusted),STELARA BIOSIMILARS TOTAL SQ,PRODUCT,N,2025-10-17,2196.3613861416197
SI Market + Oral,TRx (Adjusted),STELARA BIOSIMILARS TOTAL SQ,PRODUCT,N,2025-10-24,4068.917502303421
SI Market + Oral,TRx (Adjusted),STELARA BIOSIMILARS TOTAL SQ,PRODUCT,N,2025-10-31,3222.501144889837
SI Market + Oral,TRx (Adjusted),STELARA BIOSIMILARS TOTAL SQ,PRODUCT,N,2025-11-07,5764.334575211681
SI Market + Oral,TRx (Adjusted),STELARA BIOSIMILARS TOTAL SQ,PRODUCT,N,2025-11-14,2613.0193017892475
SI Market + Oral,TRx (Adjusted),STELARA BIOSIMILARS TOTAL SQ,PRODUCT,N,2025-11-21,2221.8185054577634
SI Market + Oral,TRx (Adjusted),STELARA BIOSIMILARS TOTAL SQ,PRODUCT,N,2025-11-28,4429.619920846846
SI Market + Oral,TRx (Adjusted),STELARA BIOSIMILARS TOTAL SQ,PRODUCT,N,2025-12-05,7203.959128699607
SI Market + Oral,TRx (Adjusted),STELARA BIOSIMILARS TOTAL SQ,PRODUCT,N,2025-12-12,3517.304873230009
SI Market + Oral,TRx (Adjusted),STELARA BIOSIMILARS TOTAL SQ,PRODUCT,N,2025-12-19,3206.718449242417
SI Market + Oral,TRx (Adjusted),STELARA BIOSIMILARS TOTAL SQ,PRODUCT,N,2025-12-26,1920.7553182757615
SI Market + Oral,TRx (Adjusted),STELARA BIOSIMILARS TOTAL SQ,PRODUCT,N,2026-01-02,3843.363925840492
SI Market + Oral,TRx (Adjusted),STELARA BIOSIMILARS TOTAL SQ,PRODUCT,N,2026-01-09,5135.467146240366
SI Market + Oral,TRx (Adjusted),STELARA BIOSIMILARS TOTAL SQ,PRODUCT,N,2026-01-16,3193.3582530076123
SI Market + Oral,TRx (Adjusted),STELARA BIOSIMILARS TOTAL SQ,PRODUCT,N,2026-01-23,2094.7567710272474
SI Market + Oral,TRx (Adjusted),STELARA BIOSIMILARS TOTAL SQ,PRODUCT,N,2026-01-30,4381.139719848737
SI Market + Oral,TRx (Adjusted),STELARA BIOSIMILARS TOTAL SQ,PRODUCT,N,2026-02-06,7281.658784135861
SI Market + Oral,TRx (Adjusted),STELARA BIOSIMILARS TOTAL SQ,PRODUCT,N,2026-02-13,5448.1507571350085
SI Market + Oral,TRx (Adjusted),STELARA BIOSIMILARS TOTAL SQ,PRODUCT,N,2026-02-20,5840.39928362665
SI Market + Oral,TRx (Adjusted),STELARA BIOSIMILARS TOTAL SQ,PRODUCT,N,2026-02-27,4485.509845498941
SI Market + Oral,TRx (Adjusted),STELARA BIOSIMILARS TOTAL SQ,PRODUCT,N,2026-03-06,5884.364514133718
SI Market + Oral,TRx (Adjusted),STELARA BIOSIMILARS TOTAL SQ,PRODUCT,N,2026-03-13,4186.486656847006
SI Market + Oral,TRx (Adjusted),STELARA BIOSIMILARS TOTAL SQ,PRODUCT,N,2026-03-20,9433.929028401148
SI Market + Oral,TRx (Adjusted),STELARA BIOSIMILARS TOTAL SQ,PRODUCT,N,2026-03-27,9069.40071169071
SI Market + Oral,TRx (Adjusted),STELARA BIOSIMILARS TOTAL SQ,PRODUCT,N,2026-04-03,7053.189908120771
SI Market + Oral,TRx (Adjusted),STELARA BIOSIMILARS TOTAL SQ,PRODUCT,N,2026-04-10,10518.365587084952
SI Market + Oral,TRx (Adjusted),STELARA BIOSIMILARS TOTAL SQ,PRODUCT,N,2026-04-17,10091.223042037092
SI Market + Oral,TRx (Adjusted),STELARA BIOSIMILARS TOTAL SQ,PRODUCT,N,2026-04-24,8459.959169723652
SI Market + Oral,TRx (Adjusted),STELARA BIOSIMILARS TOTAL SQ,PRODUCT,N,2026-05-01,4547.431584168848
SI Market + Oral,TRx (Adjusted),STELARA BIOSIMILARS TOTAL SQ,PRODUCT,N,2026-05-08,4919.770599175014
SI Market + Oral,TRx (Adjusted),STELARA SQ,PRODUCT,N,2024-05-03,14597.157438012606
SI Market + Oral,TRx (Adjusted),STELARA SQ,PRODUCT,N,2024-05-10,17241.710761183487
SI Market + Oral,TRx (Adjusted),STELARA SQ,PRODUCT,N,2024-05-17,8334.182307772691
SI Market + Oral,TRx (Adjusted),STELARA SQ,PRODUCT,N,2024-05-24,29452.29001036322
SI Market + Oral,TRx (Adjusted),STELARA SQ,PRODUCT,N,2024-05-31,20110.213796658045
SI Market + Oral,TRx (Adjusted),STELARA SQ,PRODUCT,N,2024-06-07,21108.501140220596
SI Market + Oral,TRx (Adjusted),STELARA SQ,PRODUCT,N,2024-06-14,13786.46263854044
SI Market + Oral,TRx (Adjusted),STELARA SQ,PRODUCT,N,2024-06-21,14833.584335284815
SI Market + Oral,TRx (Adjusted),STELARA SQ,PRODUCT,N,2024-06-28,13067.61982858738
SI Market + Oral,TRx (Adjusted),STELARA SQ,PRODUCT,N,2024-07-05,13829.801407740508
SI Market + Oral,TRx (Adjusted),STELARA SQ,PRODUCT,N,2024-07-12,19279.516874695757
SI Market + Oral,TRx (Adjusted),STELARA SQ,PRODUCT,N,2024-07-19,16220.316306634277
SI Market + Oral,TRx (Adjusted),STELARA SQ,PRODUCT,N,2024-07-26,14598.652189433691
SI Market + Oral,TRx (Adjusted),STELARA SQ,PRODUCT,N,2024-08-02,12615.821477284067
SI Market + Oral,TRx (Adjusted),STELARA SQ,PRODUCT,N,2024-08-09,15000.787528908968
SI Market + Oral,TRx (Adjusted),STELARA SQ,PRODUCT,N,2024-08-16,23834.765653080103
SI Market + Oral,TRx (Adjusted),STELARA SQ,PRODUCT,N,2024-08-23,18794.58669035215
SI Market + Oral,TRx (Adjusted),STELARA SQ,PRODUCT,N,2024-08-30,10772.980403491783
SI Market + Oral,TRx (Adjusted),STELARA SQ,PRODUCT,N,2024-09-06,21823.916100643077
SI Market + Oral,TRx (Adjusted),STELARA SQ,PRODUCT,N,2024-09-13,12524.334837283935
SI Market + Oral,TRx (Adjusted),STELARA SQ,PRODUCT,N,2024-09-20,23841.46797245448
SI Market + Oral,TRx (Adjusted),STELARA SQ,PRODUCT,N,2024-09-27,12347.923618860108
SI Market + Oral,TRx (Adjusted),STELARA SQ,PRODUCT,N,2024-10-04,13105.851328819075
SI Market + Oral,TRx (Adjusted),STELARA SQ,PRODUCT,N,2024-10-11,17044.34440815771
SI Market + Oral,TRx (Adjusted),STELARA SQ,PRODUCT,N,2024-10-18,11271.52416155832
SI Market + Oral,TRx (Adjusted),STELARA SQ,PRODUCT,N,2024-10-25,17579.955790437583
SI Market + Oral,TRx (Adjusted),STELARA SQ,PRODUCT,N,2024-11-01,13134.368067319503
SI Market + Oral,TRx (Adjusted),STELARA SQ,PRODUCT,N,2024-11-08,13888.62460727702
SI Market + Oral,TRx (Adjusted),STELARA SQ,PRODUCT,N,2024-11-15,23156.99816636104
SI Market + Oral,TRx (Adjusted),STELARA SQ,PRODUCT,N,2024-11-22,21594.7186332285
SI Market + Oral,TRx (Adjusted),STELARA SQ,PRODUCT,N,2024-11-29,18905.400360022377
SI Market + Oral,TRx (Adjusted),STELARA SQ,PRODUCT,N,2024-12-06,17684.806056924554
SI Market + Oral,TRx (Adjusted),STELARA SQ,PRODUCT,N,2024-12-13,18675.40041587196
SI Market + Oral,TRx (Adjusted),STELARA SQ,PRODUCT,N,2024-12-20,16426.809420288802
SI Market + Oral,TRx (Adjusted),STELARA SQ,PRODUCT,N,2024-12-27,8151.933490085116
SI Market + Oral,TRx (Adjusted),STELARA SQ,PRODUCT,N,2025-01-03,8261.587567071492
SI Market + Oral,TRx (Adjusted),STELARA SQ,PRODUCT,N,2025-01-10,30308.62416745356
SI Market + Oral,TRx (Adjusted),STELARA SQ,PRODUCT,N,2025-01-17,20321.43014206089
SI Market + Oral,TRx (Adjusted),STELARA SQ,PRODUCT,N,2025-01-24,18992.038858788303
SI Market + Oral,TRx (Adjusted),STELARA SQ,PRODUCT,N,2025-01-31,20290.8543524831
SI Market + Oral,TRx (Adjusted),STELARA SQ,PRODUCT,N,2025-02-07,19870.77065617035
SI Market + Oral,TRx (Adjusted),STELARA SQ,PRODUCT,N,2025-02-14,20846.895013407124
SI Market + Oral,TRx (Adjusted),STELARA SQ,PRODUCT,N,2025-02-21,20525.021381488183
SI Market + Oral,TRx (Adjusted),STELARA SQ,PRODUCT,N,2025-02-28,12667.55139999586
SI Market + Oral,TRx (Adjusted),STELARA SQ,PRODUCT,N,2025-03-07,13910.4385672729
SI Market + Oral,TRx (Adjusted),STELARA SQ,PRODUCT,N,2025-03-14,11681.513221078458
SI Market + Oral,TRx (Adjusted),STELARA SQ,PRODUCT,N,2025-03-21,29953.02058509989
SI Market + Oral,TRx (Adjusted),STELARA SQ,PRODUCT,N,2025-03-28,19557.22222309024
SI Market + Oral,TRx (Adjusted),STELARA SQ,PRODUCT,N,2025-04-04,28521.34038308196
SI Market + Oral,TRx (Adjusted),STELARA SQ,PRODUCT,N,2025-04-11,8792.668794338015
SI Market + Oral,TRx (Adjusted),STELARA SQ,PRODUCT,N,2025-04-18,21163.96444783
SI Market + Oral,TRx (Adjusted),STELARA SQ,PRODUCT,N,2025-04-25,13562.379133404113
SI Market + Oral,TRx (Adjusted),STELARA SQ,PRODUCT,N,2025-05-02,14256.822031033946
SI Market + Oral,TRx (Adjusted),STELARA SQ,PRODUCT,N,2025-05-09,6912.51955433695
SI Market + Oral,TRx (Adjusted),STELARA SQ,PRODUCT,N,2025-05-16,8769.110759204099
SI Market + Oral,TRx (Adjusted),STELARA SQ,PRODUCT,N,2025-05-23,21041.84383418798
SI Market + Oral,TRx (Adjusted),STELARA SQ,PRODUCT,N,2025-05-30,13448.002633363076
SI Market + Oral,TRx (Adjusted),STELARA SQ,PRODUCT,N,2025-06-06,17191.18525995961
SI Market + Oral,TRx (Adjusted),STELARA SQ,PRODUCT,N,2025-06-13,12965.172428468772
SI Market + Oral,TRx (Adjusted),STELARA SQ,PRODUCT,N,2025-06-20,15496.403692258504
SI Market + Oral,TRx (Adjusted),STELARA SQ,PRODUCT,N,2025-06-27,17322.071777492238
SI Market + Oral,TRx (Adjusted),STELARA SQ,PRODUCT,N,2025-07-04,5950.9721752766345
SI Market + Oral,TRx (Adjusted),STELARA SQ,PRODUCT,N,2025-07-11,23055.100104143527
SI Market + Oral,TRx (Adjusted),STELARA SQ,PRODUCT,N,2025-07-18,20010.576809696988
SI Market + Oral,TRx (Adjusted),STELARA SQ,PRODUCT,N,2025-07-25,19402.2933667501
SI Market + Oral,TRx (Adjusted),STELARA SQ,PRODUCT,N,2025-08-01,10940.714991306832
SI Market + Oral,TRx (Adjusted),STELARA SQ,PRODUCT,N,2025-08-08,9214.171645737437
SI Market + Oral,TRx (Adjusted),STELARA SQ,PRODUCT,N,2025-08-15,18819.62965570963
SI Market + Oral,TRx (Adjusted),STELARA SQ,PRODUCT,N,2025-08-22,10510.686211660784
SI Market + Oral,TRx (Adjusted),STELARA SQ,PRODUCT,N,2025-08-29,9186.864106508736
SI Market + Oral,TRx (Adjusted),STELARA SQ,PRODUCT,N,2025-09-05,9128.972730716869
SI Market + Oral,TRx (Adjusted),STELARA SQ,PRODUCT,N,2025-09-12,14791.812039141598
SI Market + Oral,TRx (Adjusted),STELARA SQ,PRODUCT,N,2025-09-19,15101.14048030638
SI Market + Oral,TRx (Adjusted),STELARA SQ,PRODUCT,N,2025-09-26,17870.568008823713
SI Market + Oral,TRx (Adjusted),STELARA SQ,PRODUCT,N,2025-10-03,16794.51744981849
SI Market + Oral,TRx (Adjusted),STELARA SQ,PRODUCT,N,2025-10-10,7878.418291434172
SI Market + Oral,TRx (Adjusted),STELARA SQ,PRODUCT,N,2025-10-17,16792.688450520207
SI Market + Oral,TRx (Adjusted),STELARA SQ,PRODUCT,N,2025-10-24,10983.58330693526
SI Market + Oral,TRx (Adjusted),STELARA SQ,PRODUCT,N,2025-10-31,11767.57017004093
SI Market + Oral,TRx (Adjusted),STELARA SQ,PRODUCT,N,2025-11-07,7207.77681142018
SI Market + Oral,TRx (Adjusted),STELARA SQ,PRODUCT,N,2025-11-14,18247.64950219995
SI Market + Oral,TRx (Adjusted),STELARA SQ,PRODUCT,N,2025-11-21,7752.174925867898
SI Market + Oral,TRx (Adjusted),STELARA SQ,PRODUCT,N,2025-11-28,4353.797709487406
SI Market + Oral,TRx (Adjusted),STELARA SQ,PRODUCT,N,2025-12-05,10255.130694526
SI Market + Oral,TRx (Adjusted),STELARA SQ,PRODUCT,N,2025-12-12,8748.463131521637
SI Market + Oral,TRx (Adjusted),STELARA SQ,PRODUCT,N,2025-12-19,5909.948643232984
SI Market + Oral,TRx (Adjusted),STELARA SQ,PRODUCT,N,2025-12-26,9957.50953718453
SI Market + Oral,TRx (Adjusted),STELARA SQ,PRODUCT,N,2026-01-02,7127.633709620986
SI Market + Oral,TRx (Adjusted),STELARA SQ,PRODUCT,N,2026-01-09,13092.0850617722
SI Market + Oral,TRx (Adjusted),STELARA SQ,PRODUCT,N,2026-01-16,8850.293774150741
SI Market + Oral,TRx (Adjusted),STELARA SQ,PRODUCT,N,2026-01-23,7790.881556647448
SI Market + Oral,TRx (Adjusted),STELARA SQ,PRODUCT,N,2026-01-30,5880.170801643085
SI Market + Oral,TRx (Adjusted),STELARA SQ,PRODUCT,N,2026-02-06,9195.214143353582
SI Market + Oral,TRx (Adjusted),STELARA SQ,PRODUCT,N,2026-02-13,6966.949393812963
SI Market + Oral,TRx (Adjusted),STELARA SQ,PRODUCT,N,2026-02-20,6411.956256410494
SI Market + Oral,TRx (Adjusted),STELARA SQ,PRODUCT,N,2026-02-27,14199.169442284276
SI Market + Oral,TRx (Adjusted),STELARA SQ,PRODUCT,N,2026-03-06,5409.692767699539
SI Market + Oral,TRx (Adjusted),STELARA SQ,PRODUCT,N,2026-03-13,4324.9938717086925
SI Market + Oral,TRx (Adjusted),STELARA SQ,PRODUCT,N,2026-03-20,8917.42501766451
SI Market + Oral,TRx (Adjusted),STELARA SQ,PRODUCT,N,2026-03-27,11669.439534326477
SI Market + Oral,TRx (Adjusted),STELARA SQ,PRODUCT,N,2026-04-03,5119.932433470975
SI Market + Oral,TRx (Adjusted),STELARA SQ,PRODUCT,N,2026-04-10,5624.220682655567
SI Market + Oral,TRx (Adjusted),STELARA SQ,PRODUCT,N,2026-04-17,7019.758841104973
SI Market + Oral,TRx (Adjusted),STELARA SQ,PRODUCT,N,2026-04-24,8641.4765275528
SI Market + Oral,TRx (Adjusted),STELARA SQ,PRODUCT,N,2026-05-01,10784.67234453136
SI Market + Oral,TRx (Adjusted),STELARA SQ,PRODUCT,N,2026-05-08,6016.303994837185
SI Market + Oral,TRx (Adjusted),TREMFYA,PRODUCT,N,2024-05-03,10.49331604742801
SI Market + Oral,TRx (Adjusted),TREMFYA,PRODUCT,N,2024-05-10,5.881830244238408
SI Market + Oral,TRx (Adjusted),TREMFYA,PRODUCT,N,2024-05-17,13.290163772054754
SI Market + Oral,TRx (Adjusted),TREMFYA,PRODUCT,N,2024-05-24,5.493502676695553
SI Market + Oral,TRx (Adjusted),TREMFYA,PRODUCT,N,2024-05-31,9.738645958369265
SI Market + Oral,TRx (Adjusted),TREMFYA,PRODUCT,N,2024-06-07,8.481918230047958
SI Market + Oral,TRx (Adjusted),TREMFYA,PRODUCT,N,2024-06-14,9.73511864630995
SI Market + Oral,TRx (Adjusted),TREMFYA,PRODUCT,N,2024-06-21,10.631885115185128
SI Market + Oral,TRx (Adjusted),TREMFYA,PRODUCT,N,2024-06-28,6.374151329675635
SI Market + Oral,TRx (Adjusted),TREMFYA,PRODUCT,N,2024-07-05,8.645532616927435
SI Market + Oral,TRx (Adjusted),TREMFYA,PRODUCT,N,2024-07-12,8.465928624097561
SI Market + Oral,TRx (Adjusted),TREMFYA,PRODUCT,N,2024-07-19,9.675145444955
SI Market + Oral,TRx (Adjusted),TREMFYA,PRODUCT,N,2024-07-26,5.068400616337783
SI Market + Oral,TRx (Adjusted),TREMFYA,PRODUCT,N,2024-08-02,5.557738857120092
SI Market + Oral,TRx (Adjusted),TREMFYA,PRODUCT,N,2024-08-09,7.790997705126002
SI Market + Oral,TRx (Adjusted),TREMFYA,PRODUCT,N,2024-08-16,4.721995354325414
SI Market + Oral,TRx (Adjusted),TREMFYA,PRODUCT,N,2024-08-23,4.253515465784436
SI Market + Oral,TRx (Adjusted),TREMFYA,PRODUCT,N,2024-08-30,11.125662316591228
SI Market + Oral,TRx (Adjusted),TREMFYA,PRODUCT,N,2024-09-06,6.604346138084477
SI Market + Oral,TRx (Adjusted),TREMFYA,PRODUCT,N,2024-09-13,10.903468043283446
SI Market + Oral,TRx (Adjusted),TREMFYA,PRODUCT,N,2024-09-20,4.17067108867086
SI Market + Oral,TRx (Adjusted),TREMFYA,PRODUCT,N,2024-09-27,5.478508120776325
SI Market + Oral,TRx (Adjusted),TREMFYA,PRODUCT,N,2024-10-04,5.094427092719434
SI Market + Oral,TRx (Adjusted),TREMFYA,PRODUCT,N,2024-10-11,9.144525852695285
SI Market + Oral,TRx (Adjusted),TREMFYA,PRODUCT,N,2024-10-18,10.644623195514912
SI Market + Oral,TRx (Adjusted),TREMFYA,PRODUCT,N,2024-10-25,4.468518565094907
SI Market + Oral,TRx (Adjusted),TREMFYA,PRODUCT,N,2024-11-01,9.250336071490729
SI Market + Oral,TRx (Adjusted),TREMFYA,PRODUCT,N,2024-11-08,6.531889804876605
SI Market + Oral,TRx (Adjusted),TREMFYA,PRODUCT,N,2024-11-15,8.38283755347307
SI Market + Oral,TRx (Adjusted),TREMFYA,PRODUCT,N,2024-11-22,6.776642372670853
SI Market + Oral,TRx (Adjusted),TREMFYA,PRODUCT,N,2024-11-29,5.8672519929111
SI Market + Oral,TRx (Adjusted),TREMFYA,PRODUCT,N,2024-12-06,11.856430911132842
SI Market + Oral,TRx (Adjusted),TREMFYA,PRODUCT,N,2024-12-13,27.110043619595256
SI Market + Oral,TRx (Adjusted),TREMFYA,PRODUCT,N,2024-12-20,9.405752659385032
SI Market + Oral,TRx (Adjusted),TREMFYA,PRODUCT,N,2024-12-27,15.527576150621224
SI Market + Oral,TRx (Adjusted),TREMFYA,PRODUCT,N,2025-01-03,23.843884588882485
SI Market + Oral,TRx (Adjusted),TREMFYA,PRODUCT,N,2025-01-10,50.65964624708875
SI Market + Oral,TRx (Adjusted),TREMFYA,PRODUCT,N,2025-01-17,47.980010391362185
SI Market + Oral,TRx (Adjusted),TREMFYA,PRODUCT,N,2025-01-24,30.47289851000442
SI Market + Oral,TRx (Adjusted),TREMFYA,PRODUCT,N,2025-01-31,72.0341071371815
SI Market + Oral,TRx (Adjusted),TREMFYA,PRODUCT,N,2025-02-07,63.82636356159778
SI Market + Oral,TRx (Adjusted),TREMFYA,PRODUCT,N,2025-02-14,87.15712988717469
SI Market + Oral,TRx (Adjusted),TREMFYA,PRODUCT,N,2025-02-21,68.51107651877102
SI Market + Oral,TRx (Adjusted),TREMFYA,PRODUCT,N,2025-02-28,93.86457240575686
SI Market + Oral,TRx (Adjusted),TREMFYA,PRODUCT,N,2025-03-07,97.92907396611184
SI Market + Oral,TRx (Adjusted),TREMFYA,PRODUCT,N,2025-03-14,124.79192674778751
SI Market + Oral,TRx (Adjusted),TREMFYA,PRODUCT,N,2025-03-21,203.9509087444642
SI Market + Oral,TRx (Adjusted),TREMFYA,PRODUCT,N,2025-03-28,148.29841050236698
SI Market + Oral,TRx (Adjusted),TREMFYA,PRODUCT,N,2025-04-04,126.1689537085098
SI Market + Oral,TRx (Adjusted),TREMFYA,PRODUCT,N,2025-04-11,307.0833072140896
SI Market + Oral,TRx (Adjusted),TREMFYA,PRODUCT,N,2025-04-18,371.81527872779066
SI Market + Oral,TRx (Adjusted),TREMFYA,PRODUCT,N,2025-04-25,270.084886917137
SI Market + Oral,TRx (Adjusted),TREMFYA,PRODUCT,N,2025-05-02,374.4261403006615
SI Market + Oral,TRx (Adjusted),TREMFYA,PRODUCT,N,2025-05-09,417.25662322237145
SI Market + Oral,TRx (Adjusted),TREMFYA,PRODUCT,N,2025-05-16,465.0193931145486
SI Market + Oral,TRx (Adjusted),TREMFYA,PRODUCT,N,2025-05-23,438.0786130213368
SI Market + Oral,TRx (Adjusted),TREMFYA,PRODUCT,N,2025-05-30,257.17541750681534
SI Market + Oral,TRx (Adjusted),TREMFYA,PRODUCT,N,2025-06-06,951.413944570582
SI Market + Oral,TRx (Adjusted),TREMFYA,PRODUCT,N,2025-06-13,1312.9897786470422
SI Market + Oral,TRx (Adjusted),TREMFYA,PRODUCT,N,2025-06-20,1036.0134929355793
SI Market + Oral,TRx (Adjusted),TREMFYA,PRODUCT,N,2025-06-27,1321.2886479158492
SI Market + Oral,TRx (Adjusted),TREMFYA,PRODUCT,N,2025-07-04,955.6266026457243
SI Market + Oral,TRx (Adjusted),TREMFYA,PRODUCT,N,2025-07-11,1563.971318361986
SI Market + Oral,TRx (Adjusted),TREMFYA,PRODUCT,N,2025-07-18,1295.322824314731
SI Market + Oral,TRx (Adjusted),TREMFYA,PRODUCT,N,2025-07-25,1319.0753785560364
SI Market + Oral,TRx (Adjusted),TREMFYA,PRODUCT,N,2025-08-01,1525.6757735703002
SI Market + Oral,TRx (Adjusted),TREMFYA,PRODUCT,N,2025-08-08,1290.468142367789
SI Market + Oral,TRx (Adjusted),TREMFYA,PRODUCT,N,2025-08-15,1707.1463032751112
SI Market + Oral,TRx (Adjusted),TREMFYA,PRODUCT,N,2025-08-22,1492.055438342871
SI Market + Oral,TRx (Adjusted),TREMFYA,PRODUCT,N,2025-08-29,1443.3150166720766
SI Market + Oral,TRx (Adjusted),TREMFYA,PRODUCT,N,2025-09-05,1358.8145406125077
SI Market + Oral,TRx (Adjusted),TREMFYA,PRODUCT,N,2025-09-12,2090.9621909726675
SI Market + Oral,TRx (Adjusted),TREMFYA,PRODUCT,N,2025-09-19,1646.944587320448
SI Market + Oral,TRx (Adjusted),TREMFYA,PRODUCT,N,2025-09-26,3575.6307214719955
SI Market + Oral,TRx (Adjusted),TREMFYA,PRODUCT,N,2025-10-03,3115.294655604945
SI Market + Oral,TRx (Adjusted),TREMFYA,PRODUCT,N,2025-10-10,1233.5659584768491
SI Market + Oral,TRx (Adjusted),TREMFYA,PRODUCT,N,2025-10-17,1522.9948708158452
SI Market + Oral,TRx (Adjusted),TREMFYA,PRODUCT,N,2025-10-24,2173.260844287488
SI Market + Oral,TRx (Adjusted),TREMFYA,PRODUCT,N,2025-10-31,3724.172228597248
SI Market + Oral,TRx (Adjusted),TREMFYA,PRODUCT,N,2025-11-07,4905.451826233938
SI Market + Oral,TRx (Adjusted),TREMFYA,PRODUCT,N,2025-11-14,1680.566632456586
SI Market + Oral,TRx (Adjusted),TREMFYA,PRODUCT,N,2025-11-21,3636.397146114727
SI Market + Oral,TRx (Adjusted),TREMFYA,PRODUCT,N,2025-11-28,1510.008613094531
SI Market + Oral,TRx (Adjusted),TREMFYA,PRODUCT,N,2025-12-05,2948.7257305633434
SI Market + Oral,TRx (Adjusted),TREMFYA,PRODUCT,N,2025-12-12,6390.746833137678
SI Market + Oral,TRx (Adjusted),TREMFYA,PRODUCT,N,2025-12-19,3438.0690234624817
SI Market + Oral,TRx (Adjusted),TREMFYA,PRODUCT,N,2025-12-26,1835.0355364970053
SI Market + Oral,TRx (Adjusted),TREMFYA,PRODUCT,N,2026-01-02,3745.605654455834
SI Market + Oral,TRx (Adjusted),TREMFYA,PRODUCT,N,2026-01-09,5629.32886139133
SI Market + Oral,TRx (Adjusted),TREMFYA,PRODUCT,N,2026-01-16,6672.696127514912
SI Market + Oral,TRx (Adjusted),TREMFYA,PRODUCT,N,2026-01-23,5938.976177556207
SI Market + Oral,TRx (Adjusted),TREMFYA,PRODUCT,N,2026-01-30,1839.5865216332652
SI Market + Oral,TRx (Adjusted),TREMFYA,PRODUCT,N,2026-02-06,3778.8582519726992
SI Market + Oral,TRx (Adjusted),TREMFYA,PRODUCT,N,2026-02-13,7953.197641829987
SI Market + Oral,TRx (Adjusted),TREMFYA,PRODUCT,N,2026-02-20,3249.1755017473647
SI Market + Oral,TRx (Adjusted),TREMFYA,PRODUCT,N,2026-02-27,7990.067723533686
SI Market + Oral,TRx (Adjusted),TREMFYA,PRODUCT,N,2026-03-06,6706.606870388604
SI Market + Oral,TRx (Adjusted),TREMFYA,PRODUCT,N,2026-03-13,3705.882281525842
SI Market + Oral,TRx (Adjusted),TREMFYA,PRODUCT,N,2026-03-20,6938.725039942871
SI Market + Oral,TRx (Adjusted),TREMFYA,PRODUCT,N,2026-03-27,4547.305847391041
SI Market + Oral,TRx (Adjusted),TREMFYA,PRODUCT,N,2026-04-03,4575.776784514984
SI Market + Oral,TRx (Adjusted),TREMFYA,PRODUCT,N,2026-04-10,5061.379875744029
SI Market + Oral,TRx (Adjusted),TREMFYA,PRODUCT,N,2026-04-17,7160.159116549775
SI Market + Oral,TRx (Adjusted),TREMFYA,PRODUCT,N,2026-04-24,8739.532351198142
SI Market + Oral,TRx (Adjusted),TREMFYA,PRODUCT,N,2026-05-01,6912.576097175405
SI Market + Oral,TRx (Adjusted),TREMFYA,PRODUCT,N,2026-05-08,11315.741498158372
SI Market + Oral,TRx (Adjusted),VELSIPITY,PRODUCT,N,2024-05-03,51.935949800930686
SI Market + Oral,TRx (Adjusted),VELSIPITY,PRODUCT,N,2024-05-10,29.52515244668678
SI Market + Oral,TRx (Adjusted),VELSIPITY,PRODUCT,N,2024-05-17,16.15499089755154
SI Market + Oral,TRx (Adjusted),VELSIPITY,PRODUCT,N,2024-05-24,30.035455603649076
SI Market + Oral,TRx (Adjusted),VELSIPITY,PRODUCT,N,2024-05-31,41.44479741077944
SI Market + Oral,TRx (Adjusted),VELSIPITY,PRODUCT,N,2024-06-07,22.77822434409498
SI Market + Oral,TRx (Adjusted),VELSIPITY,PRODUCT,N,2024-06-14,26.62922153282668
SI Market + Oral,TRx (Adjusted),VELSIPITY,PRODUCT,N,2024-06-21,36.66033841713816
SI Market + Oral,TRx (Adjusted),VELSIPITY,PRODUCT,N,2024-06-28,22.16521356730961
SI Market + Oral,TRx (Adjusted),VELSIPITY,PRODUCT,N,2024-07-05,26.15991933117604
SI Market + Oral,TRx (Adjusted),VELSIPITY,PRODUCT,N,2024-07-12,38.60362614504808
SI Market + Oral,TRx (Adjusted),VELSIPITY,PRODUCT,N,2024-07-19,59.592359742982055
SI Market + Oral,TRx (Adjusted),VELSIPITY,PRODUCT,N,2024-07-26,77.42185248488815
SI Market + Oral,TRx (Adjusted),VELSIPITY,PRODUCT,N,2024-08-02,75.27630552007679
SI Market + Oral,TRx (Adjusted),VELSIPITY,PRODUCT,N,2024-08-09,37.33865448552418
SI Market + Oral,TRx (Adjusted),VELSIPITY,PRODUCT,N,2024-08-16,54.75692615598731
SI Market + Oral,TRx (Adjusted),VELSIPITY,PRODUCT,N,2024-08-23,84.40693603079079
SI Market + Oral,TRx (Adjusted),VELSIPITY,PRODUCT,N,2024-08-30,77.29621263672746
SI Market + Oral,TRx (Adjusted),VELSIPITY,PRODUCT,N,2024-09-06,49.47635315962053
SI Market + Oral,TRx (Adjusted),VELSIPITY,PRODUCT,N,2024-09-13,73.42880101140943
SI Market + Oral,TRx (Adjusted),VELSIPITY,PRODUCT,N,2024-09-20,46.04287880467993
SI Market + Oral,TRx (Adjusted),VELSIPITY,PRODUCT,N,2024-09-27,82.06269467893576
SI Market + Oral,TRx (Adjusted),VELSIPITY,PRODUCT,N,2024-10-04,50.28235309034273
SI Market + Oral,TRx (Adjusted),VELSIPITY,PRODUCT,N,2024-10-11,39.69435672213272
SI Market + Oral,TRx (Adjusted),VELSIPITY,PRODUCT,N,2024-10-18,80.92529800564054
SI Market + Oral,TRx (Adjusted),VELSIPITY,PRODUCT,N,2024-10-25,45.51080879645706
SI Market + Oral,TRx (Adjusted),VELSIPITY,PRODUCT,N,2024-11-01,53.24828226944881
SI Market + Oral,TRx (Adjusted),VELSIPITY,PRODUCT,N,2024-11-08,37.624902880504216
SI Market + Oral,TRx (Adjusted),VELSIPITY,PRODUCT,N,2024-11-15,105.20743386828045
SI Market + Oral,TRx (Adjusted),VELSIPITY,PRODUCT,N,2024-11-22,82.7316884140528
SI Market + Oral,TRx (Adjusted),VELSIPITY,PRODUCT,N,2024-11-29,52.99598468451308
SI Market + Oral,TRx (Adjusted),VELSIPITY,PRODUCT,N,2024-12-06,109.56658165856236
SI Market + Oral,TRx (Adjusted),VELSIPITY,PRODUCT,N,2024-12-13,149.92078794052472
SI Market + Oral,TRx (Adjusted),VELSIPITY,PRODUCT,N,2024-12-20,73.40926965986178
SI Market + Oral,TRx (Adjusted),VELSIPITY,PRODUCT,N,2024-12-27,54.49258241294904
SI Market + Oral,TRx (Adjusted),VELSIPITY,PRODUCT,N,2025-01-03,135.04819848982356
SI Market + Oral,TRx (Adjusted),VELSIPITY,PRODUCT,N,2025-01-10,125.8205210421566
SI Market + Oral,TRx (Adjusted),VELSIPITY,PRODUCT,N,2025-01-17,144.8435005966341
SI Market + Oral,TRx (Adjusted),VELSIPITY,PRODUCT,N,2025-01-24,128.92018830001413
SI Market + Oral,TRx (Adjusted),VELSIPITY,PRODUCT,N,2025-01-31,90.264876675042
SI Market + Oral,TRx (Adjusted),VELSIPITY,PRODUCT,N,2025-02-07,121.32653456577812
SI Market + Oral,TRx (Adjusted),VELSIPITY,PRODUCT,N,2025-02-14,177.72744889454734
SI Market + Oral,TRx (Adjusted),VELSIPITY,PRODUCT,N,2025-02-21,130.10837337578926
SI Market + Oral,TRx (Adjusted),VELSIPITY,PRODUCT,N,2025-02-28,189.33130381486205
SI Market + Oral,TRx (Adjusted),VELSIPITY,PRODUCT,N,2025-03-07,170.76647627400706
SI Market + Oral,TRx (Adjusted),VELSIPITY,PRODUCT,N,2025-03-14,173.52738446620324
SI Market + Oral,TRx (Adjusted),VELSIPITY,PRODUCT,N,2025-03-21,218.34576032276428
SI Market + Oral,TRx (Adjusted),VELSIPITY,PRODUCT,N,2025-03-28,179.5090707844094
SI Market + Oral,TRx (Adjusted),VELSIPITY,PRODUCT,N,2025-04-04,139.25861047333433
SI Market + Oral,TRx (Adjusted),VELSIPITY,PRODUCT,N,2025-04-11,135.0664702663167
SI Market + Oral,TRx (Adjusted),VELSIPITY,PRODUCT,N,2025-04-18,236.25027008966777
SI Market + Oral,TRx (Adjusted),VELSIPITY,PRODUCT,N,2025-04-25,104.21083382757811
SI Market + Oral,TRx (Adjusted),VELSIPITY,PRODUCT,N,2025-05-02,103.56807305657792
SI Market + Oral,TRx (Adjusted),VELSIPITY,PRODUCT,N,2025-05-09,158.18786659839856
SI Market + Oral,TRx (Adjusted),VELSIPITY,PRODUCT,N,2025-05-16,160.20457840894417
SI Market + Oral,TRx (Adjusted),VELSIPITY,PRODUCT,N,2025-05-23,340.47255766821354
SI Market + Oral,TRx (Adjusted),VELSIPITY,PRODUCT,N,2025-05-30,197.2274448652881
SI Market + Oral,TRx (Adjusted),VELSIPITY,PRODUCT,N,2025-06-06,530.4119811053293
SI Market + Oral,TRx (Adjusted),VELSIPITY,PRODUCT,N,2025-06-13,112.292304347283
SI Market + Oral,TRx (Adjusted),VELSIPITY,PRODUCT,N,2025-06-20,230.7731366148364
SI Market + Oral,TRx (Adjusted),VELSIPITY,PRODUCT,N,2025-06-27,187.8071931201469
SI Market + Oral,TRx (Adjusted),VELSIPITY,PRODUCT,N,2025-07-04,165.62610773560922
SI Market + Oral,TRx (Adjusted),VELSIPITY,PRODUCT,N,2025-07-11,406.4115839408047
SI Market + Oral,TRx (Adjusted),VELSIPITY,PRODUCT,N,2025-07-18,279.17149020492724
SI Market + Oral,TRx (Adjusted),VELSIPITY,PRODUCT,N,2025-07-25,353.31094332560025
SI Market + Oral,TRx (Adjusted),VELSIPITY,PRODUCT,N,2025-08-01,237.1114493471859
SI Market + Oral,TRx (Adjusted),VELSIPITY,PRODUCT,N,2025-08-08,158.2459731137267
SI Market + Oral,TRx (Adjusted),VELSIPITY,PRODUCT,N,2025-08-15,294.9516374864068
SI Market + Oral,TRx (Adjusted),VELSIPITY,PRODUCT,N,2025-08-22,177.1275486076861
SI Market + Oral,TRx (Adjusted),VELSIPITY,PRODUCT,N,2025-08-29,279.1943559601115
SI Market + Oral,TRx (Adjusted),VELSIPITY,PRODUCT,N,2025-09-05,321.8839294374625
SI Market + Oral,TRx (Adjusted),VELSIPITY,PRODUCT,N,2025-09-12,228.17764569241768
SI Market + Oral,TRx (Adjusted),VELSIPITY,PRODUCT,N,2025-09-19,378.5333639130116
SI Market + Oral,TRx (Adjusted),VELSIPITY,PRODUCT,N,2025-09-26,274.76669090401566
SI Market + Oral,TRx (Adjusted),VELSIPITY,PRODUCT,N,2025-10-03,124.59238285626468
SI Market + Oral,TRx (Adjusted),VELSIPITY,PRODUCT,N,2025-10-10,169.39219415942935
SI Market + Oral,TRx (Adjusted),VELSIPITY,PRODUCT,N,2025-10-17,238.08619671970007
SI Market + Oral,TRx (Adjusted),VELSIPITY,PRODUCT,N,2025-10-24,235.99775881116216
SI Market + Oral,TRx (Adjusted),VELSIPITY,PRODUCT,N,2025-10-31,211.4102812586897
SI Market + Oral,TRx (Adjusted),VELSIPITY,PRODUCT,N,2025-11-07,265.1900360504659
SI Market + Oral,TRx (Adjusted),VELSIPITY,PRODUCT,N,2025-11-14,434.33703387662064
SI Market + Oral,TRx (Adjusted),VELSIPITY,PRODUCT,N,2025-11-21,408.8481989977287
SI Market + Oral,TRx (Adjusted),VELSIPITY,PRODUCT,N,2025-11-28,298.47033697824423
SI Market + Oral,TRx (Adjusted),VELSIPITY,PRODUCT,N,2025-12-05,219.42080990713
SI Market + Oral,TRx (Adjusted),VELSIPITY,PRODUCT,N,2025-12-12,232.56673957828696
SI Market + Oral,TRx (Adjusted),VELSIPITY,PRODUCT,N,2025-12-19,276.944161692575
SI Market + Oral,TRx (Adjusted),VELSIPITY,PRODUCT,N,2025-12-26,216.39408868795712
SI Market + Oral,TRx (Adjusted),VELSIPITY,PRODUCT,N,2026-01-02,351.87500359815004
SI Market + Oral,TRx (Adjusted),VELSIPITY,PRODUCT,N,2026-01-09,391.0595187319704
SI Market + Oral,TRx (Adjusted),VELSIPITY,PRODUCT,N,2026-01-16,175.92141616072252
SI Market + Oral,TRx (Adjusted),VELSIPITY,PRODUCT,N,2026-01-23,144.65988619528707
SI Market + Oral,TRx (Adjusted),VELSIPITY,PRODUCT,N,2026-01-30,181.1754310600932
SI Market + Oral,TRx (Adjusted),VELSIPITY,PRODUCT,N,2026-02-06,380.4226561068203
SI Market + Oral,TRx (Adjusted),VELSIPITY,PRODUCT,N,2026-02-13,294.56513691284624
SI Market + Oral,TRx (Adjusted),VELSIPITY,PRODUCT,N,2026-02-20,214.45821651297177
SI Market + Oral,TRx (Adjusted),VELSIPITY,PRODUCT,N,2026-02-27,519.5303372522942
SI Market + Oral,TRx (Adjusted),VELSIPITY,PRODUCT,N,2026-03-06,253.56544209940927
SI Market + Oral,TRx (Adjusted),VELSIPITY,PRODUCT,N,2026-03-13,269.8006260030961
SI Market + Oral,TRx (Adjusted),VELSIPITY,PRODUCT,N,2026-03-20,422.06382042297815
SI Market + Oral,TRx (Adjusted),VELSIPITY,PRODUCT,N,2026-03-27,146.2271783543054
SI Market + Oral,TRx (Adjusted),VELSIPITY,PRODUCT,N,2026-04-03,242.93650577458584
SI Market + Oral,TRx (Adjusted),VELSIPITY,PRODUCT,N,2026-04-10,369.3309492205878
SI Market + Oral,TRx (Adjusted),VELSIPITY,PRODUCT,N,2026-04-17,155.35191805707137
SI Market + Oral,TRx (Adjusted),VELSIPITY,PRODUCT,N,2026-04-24,491.2514676146637
SI Market + Oral,TRx (Adjusted),VELSIPITY,PRODUCT,N,2026-05-01,230.02062670583655
SI Market + Oral,TRx (Adjusted),VELSIPITY,PRODUCT,N,2026-05-08,174.29583329440763
SI Market + Oral,TRx (Adjusted),XELJANZ,PRODUCT,N,2024-05-03,728.4355311879576
SI Market + Oral,TRx (Adjusted),XELJANZ,PRODUCT,N,2024-05-10,1249.3738104196082
SI Market + Oral,TRx (Adjusted),XELJANZ,PRODUCT,N,2024-05-17,1073.1179434422895
SI Market + Oral,TRx (Adjusted),XELJANZ,PRODUCT,N,2024-05-24,839.9542481505293
SI Market + Oral,TRx (Adjusted),XELJANZ,PRODUCT,N,2024-05-31,2016.029266061228
SI Market + Oral,TRx (Adjusted),XELJANZ,PRODUCT,N,2024-06-07,1362.9520250644446
SI Market + Oral,TRx (Adjusted),XELJANZ,PRODUCT,N,2024-06-14,894.726756193874
SI Market + Oral,TRx (Adjusted),XELJANZ,PRODUCT,N,2024-06-21,873.6940459760053
SI Market + Oral,TRx (Adjusted),XELJANZ,PRODUCT,N,2024-06-28,924.3503987632888
SI Market + Oral,TRx (Adjusted),XELJANZ,PRODUCT,N,2024-07-05,1033.720831471944
SI Market + Oral,TRx (Adjusted),XELJANZ,PRODUCT,N,2024-07-12,1467.8536790339706
SI Market + Oral,TRx (Adjusted),XELJANZ,PRODUCT,N,2024-07-19,866.6354967318388
SI Market + Oral,TRx (Adjusted),XELJANZ,PRODUCT,N,2024-07-26,1830.206983502473
SI Market + Oral,TRx (Adjusted),XELJANZ,PRODUCT,N,2024-08-02,1575.2086253549603
SI Market + Oral,TRx (Adjusted),XELJANZ,PRODUCT,N,2024-08-09,616.2202179041728
SI Market + Oral,TRx (Adjusted),XELJANZ,PRODUCT,N,2024-08-16,861.0633905459446
SI Market + Oral,TRx (Adjusted),XELJANZ,PRODUCT,N,2024-08-23,719.5751177280722
SI Market + Oral,TRx (Adjusted),XELJANZ,PRODUCT,N,2024-08-30,1084.438365155244
SI Market + Oral,TRx (Adjusted),XELJANZ,PRODUCT,N,2024-09-06,762.5375487067219
SI Market + Oral,TRx (Adjusted),XELJANZ,PRODUCT,N,2024-09-13,1457.343030667185
SI Market + Oral,TRx (Adjusted),XELJANZ,PRODUCT,N,2024-09-20,1387.0030677479078
SI Market + Oral,TRx (Adjusted),XELJANZ,PRODUCT,N,2024-09-27,1489.7065208554493
SI Market + Oral,TRx (Adjusted),XELJANZ,PRODUCT,N,2024-10-04,1106.1667303079107
SI Market + Oral,TRx (Adjusted),XELJANZ,PRODUCT,N,2024-10-11,2283.884501048095
SI Market + Oral,TRx (Adjusted),XELJANZ,PRODUCT,N,2024-10-18,565.516860932124
SI Market + Oral,TRx (Adjusted),XELJANZ,PRODUCT,N,2024-10-25,1207.4505297516198
SI Market + Oral,TRx (Adjusted),XELJANZ,PRODUCT,N,2024-11-01,862.5845557107714
SI Market + Oral,TRx (Adjusted),XELJANZ,PRODUCT,N,2024-11-08,1821.1270370293485
SI Market + Oral,TRx (Adjusted),XELJANZ,PRODUCT,N,2024-11-15,1639.638718893059
SI Market + Oral,TRx (Adjusted),XELJANZ,PRODUCT,N,2024-11-22,1649.854874924192
SI Market + Oral,TRx (Adjusted),XELJANZ,PRODUCT,N,2024-11-29,706.542488220523
SI Market + Oral,TRx (Adjusted),XELJANZ,PRODUCT,N,2024-12-06,2348.866630838918
SI Market + Oral,TRx (Adjusted),XELJANZ,PRODUCT,N,2024-12-13,1546.7000442956764
SI Market + Oral,TRx (Adjusted),XELJANZ,PRODUCT,N,2024-12-20,1572.7661999104964
SI Market + Oral,TRx (Adjusted),XELJANZ,PRODUCT,N,2024-12-27,1300.2158861410703
SI Market + Oral,TRx (Adjusted),XELJANZ,PRODUCT,N,2025-01-03,797.6062459558491
SI Market + Oral,TRx (Adjusted),XELJANZ,PRODUCT,N,2025-01-10,1200.2792571770913
SI Market + Oral,TRx (Adjusted),XELJANZ,PRODUCT,N,2025-01-17,1504.6926101802612
SI Market + Oral,TRx (Adjusted),XELJANZ,PRODUCT,N,2025-01-24,599.5892963425506
SI Market + Oral,TRx (Adjusted),XELJANZ,PRODUCT,N,2025-01-31,975.764768656786
SI Market + Oral,TRx (Adjusted),XELJANZ,PRODUCT,N,2025-02-07,900.6863489137888
SI Market + Oral,TRx (Adjusted),XELJANZ,PRODUCT,N,2025-02-14,610.5376648509639
SI Market + Oral,TRx (Adjusted),XELJANZ,PRODUCT,N,2025-02-21,1926.0644951328836
SI Market + Oral,TRx (Adjusted),XELJANZ,PRODUCT,N,2025-02-28,1311.675552597744
SI Market + Oral,TRx (Adjusted),XELJANZ,PRODUCT,N,2025-03-07,1045.6151199111562
SI Market + Oral,TRx (Adjusted),XELJANZ,PRODUCT,N,2025-03-14,1332.7215071007174
SI Market + Oral,TRx (Adjusted),XELJANZ,PRODUCT,N,2025-03-21,973.8312501827464
SI Market + Oral,TRx (Adjusted),XELJANZ,PRODUCT,N,2025-03-28,1567.0629692200223
SI Market + Oral,TRx (Adjusted),XELJANZ,PRODUCT,N,2025-04-04,1764.697709807018
SI Market + Oral,TRx (Adjusted),XELJANZ,PRODUCT,N,2025-04-11,1919.6596153265084
SI Market + Oral,TRx (Adjusted),XELJANZ,PRODUCT,N,2025-04-18,1043.8284461726196
SI Market + Oral,TRx (Adjusted),XELJANZ,PRODUCT,N,2025-04-25,1118.5823342625863
SI Market + Oral,TRx (Adjusted),XELJANZ,PRODUCT,N,2025-05-02,958.083980030743
SI Market + Oral,TRx (Adjusted),XELJANZ,PRODUCT,N,2025-05-09,1366.1887401351817
SI Market + Oral,TRx (Adjusted),XELJANZ,PRODUCT,N,2025-05-16,924.3365895605112
SI Market + Oral,TRx (Adjusted),XELJANZ,PRODUCT,N,2025-05-23,1185.2584937279294
SI Market + Oral,TRx (Adjusted),XELJANZ,PRODUCT,N,2025-05-30,1085.9303953245403
SI Market + Oral,TRx (Adjusted),XELJANZ,PRODUCT,N,2025-06-06,1108.6696022404
SI Market + Oral,TRx (Adjusted),XELJANZ,PRODUCT,N,2025-06-13,1127.8932999287972
SI Market + Oral,TRx (Adjusted),XELJANZ,PRODUCT,N,2025-06-20,879.3298480453898
SI Market + Oral,TRx (Adjusted),XELJANZ,PRODUCT,N,2025-06-27,559.4261018146002
SI Market + Oral,TRx (Adjusted),XELJANZ,PRODUCT,N,2025-07-04,653.943154747172
SI Market + Oral,TRx (Adjusted),XELJANZ,PRODUCT,N,2025-07-11,1754.755671394495
SI Market + Oral,TRx (Adjusted),XELJANZ,PRODUCT,N,2025-07-18,898.3467831228727
SI Market + Oral,TRx (Adjusted),XELJANZ,PRODUCT,N,2025-07-25,726.6397053077287
SI Market + Oral,TRx (Adjusted),XELJANZ,PRODUCT,N,2025-08-01,1418.2790627997394
SI Market + Oral,TRx (Adjusted),XELJANZ,PRODUCT,N,2025-08-08,1768.4430904085057
SI Market + Oral,TRx (Adjusted),XELJANZ,PRODUCT,N,2025-08-15,777.6197390354571
SI Market + Oral,TRx (Adjusted),XELJANZ,PRODUCT,N,2025-08-22,1372.2868004859663
SI Market + Oral,TRx (Adjusted),XELJANZ,PRODUCT,N,2025-08-29,1863.211594861078
SI Market + Oral,TRx (Adjusted),XELJANZ,PRODUCT,N,2025-09-05,988.9855945901322
SI Market + Oral,TRx (Adjusted),XELJANZ,PRODUCT,N,2025-09-12,1208.8846407116844
SI Market + Oral,TRx (Adjusted),XELJANZ,PRODUCT,N,2025-09-19,634.9815229023043
SI Market + Oral,TRx (Adjusted),XELJANZ,PRODUCT,N,2025-09-26,2112.3839093342576
SI Market + Oral,TRx (Adjusted),XELJANZ,PRODUCT,N,2025-10-03,952.2519246707784
SI Market + Oral,TRx (Adjusted),XELJANZ,PRODUCT,N,2025-10-10,1622.4948080872537
SI Market + Oral,TRx (Adjusted),XELJANZ,PRODUCT,N,2025-10-17,1160.8756056769346
SI Market + Oral,TRx (Adjusted),XELJANZ,PRODUCT,N,2025-10-24,511.9491659542836
SI Market + Oral,TRx (Adjusted),XELJANZ,PRODUCT,N,2025-10-31,566.0324604507055
SI Market + Oral,TRx (Adjusted),XELJANZ,PRODUCT,N,2025-11-07,1181.1932220176373
SI Market + Oral,TRx (Adjusted),XELJANZ,PRODUCT,N,2025-11-14,957.3171329170916
SI Market + Oral,TRx (Adjusted),XELJANZ,PRODUCT,N,2025-11-21,582.9182123749486
SI Market + Oral,TRx (Adjusted),XELJANZ,PRODUCT,N,2025-11-28,1161.3708802840638
SI Market + Oral,TRx (Adjusted),XELJANZ,PRODUCT,N,2025-12-05,2023.9063339323836
SI Market + Oral,TRx (Adjusted),XELJANZ,PRODUCT,N,2025-12-12,1244.2159708243455
SI Market + Oral,TRx (Adjusted),XELJANZ,PRODUCT,N,2025-12-19,870.9007059611166
SI Market + Oral,TRx (Adjusted),XELJANZ,PRODUCT,N,2025-12-26,423.9354492454033
SI Market + Oral,TRx (Adjusted),XELJANZ,PRODUCT,N,2026-01-02,1210.8184621350365
SI Market + Oral,TRx (Adjusted),XELJANZ,PRODUCT,N,2026-01-09,1146.3222427356425
SI Market + Oral,TRx (Adjusted),XELJANZ,PRODUCT,N,2026-01-16,1613.426962475056
SI Market + Oral,TRx (Adjusted),XELJANZ,PRODUCT,N,2026-01-23,796.7280222874294
SI Market + Oral,TRx (Adjusted),XELJANZ,PRODUCT,N,2026-01-30,934.757233119081
SI Market + Oral,TRx (Adjusted),XELJANZ,PRODUCT,N,2026-02-06,860.6461742451175
SI Market + Oral,TRx (Adjusted),XELJANZ,PRODUCT,N,2026-02-13,640.8769797223931
SI Market + Oral,TRx (Adjusted),XELJANZ,PRODUCT,N,2026-02-20,1682.7707658472457
SI Market + Oral,TRx (Adjusted),XELJANZ,PRODUCT,N,2026-02-27,1264.8291420987862
SI Market + Oral,TRx (Adjusted),XELJANZ,PRODUCT,N,2026-03-06,903.6052404178846
SI Market + Oral,TRx (Adjusted),XELJANZ,PRODUCT,N,2026-03-13,1422.2490524287505
SI Market + Oral,TRx (Adjusted),XELJANZ,PRODUCT,N,2026-03-20,1847.129871388647
SI Market + Oral,TRx (Adjusted),XELJANZ,PRODUCT,N,2026-03-27,1294.0503311751472
SI Market + Oral,TRx (Adjusted),XELJANZ,PRODUCT,N,2026-04-03,716.0470119884001
SI Market + Oral,TRx (Adjusted),XELJANZ,PRODUCT,N,2026-04-10,1119.6110161890138
SI Market + Oral,TRx (Adjusted),XELJANZ,PRODUCT,N,2026-04-17,1116.8551292734903
SI Market + Oral,TRx (Adjusted),XELJANZ,PRODUCT,N,2026-04-24,945.8395085560186
SI Market + Oral,TRx (Adjusted),XELJANZ,PRODUCT,N,2026-05-01,654.9296095625808
SI Market + Oral,TRx (Adjusted),XELJANZ,PRODUCT,N,2026-05-08,1355.062629587214
SI Market + Oral,TRx (Adjusted),ZEPOSIA,PRODUCT,N,2024-05-03,472.1494333792489
SI Market + Oral,TRx (Adjusted),ZEPOSIA,PRODUCT,N,2024-05-10,518.3088724526565
SI Market + Oral,TRx (Adjusted),ZEPOSIA,PRODUCT,N,2024-05-17,670.387159563391
SI Market + Oral,TRx (Adjusted),ZEPOSIA,PRODUCT,N,2024-05-24,694.026095984703
SI Market + Oral,TRx (Adjusted),ZEPOSIA,PRODUCT,N,2024-05-31,409.7032481556392
SI Market + Oral,TRx (Adjusted),ZEPOSIA,PRODUCT,N,2024-06-07,549.822212006917
SI Market + Oral,TRx (Adjusted),ZEPOSIA,PRODUCT,N,2024-06-14,351.206974685742
SI Market + Oral,TRx (Adjusted),ZEPOSIA,PRODUCT,N,2024-06-21,309.39427961444244
SI Market + Oral,TRx (Adjusted),ZEPOSIA,PRODUCT,N,2024-06-28,701.0509826495181
SI Market + Oral,TRx (Adjusted),ZEPOSIA,PRODUCT,N,2024-07-05,609.5700829849465
SI Market + Oral,TRx (Adjusted),ZEPOSIA,PRODUCT,N,2024-07-12,330.7484527854561
SI Market + Oral,TRx (Adjusted),ZEPOSIA,PRODUCT,N,2024-07-19,328.32408144350865
SI Market + Oral,TRx (Adjusted),ZEPOSIA,PRODUCT,N,2024-07-26,732.2386205033248
SI Market + Oral,TRx (Adjusted),ZEPOSIA,PRODUCT,N,2024-08-02,272.6248746082645
SI Market + Oral,TRx (Adjusted),ZEPOSIA,PRODUCT,N,2024-08-09,499.3412400334772
SI Market + Oral,TRx (Adjusted),ZEPOSIA,PRODUCT,N,2024-08-16,484.3335779322413
SI Market + Oral,TRx (Adjusted),ZEPOSIA,PRODUCT,N,2024-08-23,595.9077077047435
SI Market + Oral,TRx (Adjusted),ZEPOSIA,PRODUCT,N,2024-08-30,370.2639805622285
SI Market + Oral,TRx (Adjusted),ZEPOSIA,PRODUCT,N,2024-09-06,445.3755577847547
SI Market + Oral,TRx (Adjusted),ZEPOSIA,PRODUCT,N,2024-09-13,465.8816479908977
SI Market + Oral,TRx (Adjusted),ZEPOSIA,PRODUCT,N,2024-09-20,707.1491430345942
SI Market + Oral,TRx (Adjusted),ZEPOSIA,PRODUCT,N,2024-09-27,327.8358698243684
SI Market + Oral,TRx (Adjusted),ZEPOSIA,PRODUCT,N,2024-10-04,398.4126211034347
SI Market + Oral,TRx (Adjusted),ZEPOSIA,PRODUCT,N,2024-10-11,497.0402980111336
SI Market + Oral,TRx (Adjusted),ZEPOSIA,PRODUCT,N,2024-10-18,328.38592517170974
SI Market + Oral,TRx (Adjusted),ZEPOSIA,PRODUCT,N,2024-10-25,361.12882234793136
SI Market + Oral,TRx (Adjusted),ZEPOSIA,PRODUCT,N,2024-11-01,315.8628268796506
SI Market + Oral,TRx (Adjusted),ZEPOSIA,PRODUCT,N,2024-11-08,383.1864051142533
SI Market + Oral,TRx (Adjusted),ZEPOSIA,PRODUCT,N,2024-11-15,322.00984565111844
SI Market + Oral,TRx (Adjusted),ZEPOSIA,PRODUCT,N,2024-11-22,963.3773066162304
SI Market + Oral,TRx (Adjusted),ZEPOSIA,PRODUCT,N,2024-11-29,357.3439828687196
SI Market + Oral,TRx (Adjusted),ZEPOSIA,PRODUCT,N,2024-12-06,829.0708030883168
SI Market + Oral,TRx (Adjusted),ZEPOSIA,PRODUCT,N,2024-12-13,624.7102788704191
SI Market + Oral,TRx (Adjusted),ZEPOSIA,PRODUCT,N,2024-12-20,331.6255492960393
SI Market + Oral,TRx (Adjusted),ZEPOSIA,PRODUCT,N,2024-12-27,443.2606410077718
SI Market + Oral,TRx (Adjusted),ZEPOSIA,PRODUCT,N,2025-01-03,710.7107768772877
SI Market + Oral,TRx (Adjusted),ZEPOSIA,PRODUCT,N,2025-01-10,710.7495351729536
SI Market + Oral,TRx (Adjusted),ZEPOSIA,PRODUCT,N,2025-01-17,339.84865988568265
SI Market + Oral,TRx (Adjusted),ZEPOSIA,PRODUCT,N,2025-01-24,541.1757278183142
SI Market + Oral,TRx (Adjusted),ZEPOSIA,PRODUCT,N,2025-01-31,292.77556240923354
SI Market + Oral,TRx (Adjusted),ZEPOSIA,PRODUCT,N,2025-02-07,448.743607137265
SI Market + Oral,TRx (Adjusted),ZEPOSIA,PRODUCT,N,2025-02-14,666.964020958376
SI Market + Oral,TRx (Adjusted),ZEPOSIA,PRODUCT,N,2025-02-21,643.074896057924
SI Market + Oral,TRx (Adjusted),ZEPOSIA,PRODUCT,N,2025-02-28,211.5986365975964
SI Market + Oral,TRx (Adjusted),ZEPOSIA,PRODUCT,N,2025-03-07,591.521988088116
SI Market + Oral,TRx (Adjusted),ZEPOSIA,PRODUCT,N,2025-03-14,484.4955700068716
SI Market + Oral,TRx (Adjusted),ZEPOSIA,PRODUCT,N,2025-03-21,640.3997435736445
SI Market + Oral,TRx (Adjusted),ZEPOSIA,PRODUCT,N,2025-03-28,187.3669527806287
SI Market + Oral,TRx (Adjusted),ZEPOSIA,PRODUCT,N,2025-04-04,706.5897408423667
SI Market + Oral,TRx (Adjusted),ZEPOSIA,PRODUCT,N,2025-04-11,604.7488594842824
SI Market + Oral,TRx (Adjusted),ZEPOSIA,PRODUCT,N,2025-04-18,305.0346968772349
SI Market + Oral,TRx (Adjusted),ZEPOSIA,PRODUCT,N,2025-04-25,255.74592282135524
SI Market + Oral,TRx (Adjusted),ZEPOSIA,PRODUCT,N,2025-05-02,613.5599075048111
SI Market + Oral,TRx (Adjusted),ZEPOSIA,PRODUCT,N,2025-05-09,374.34379256200026
SI Market + Oral,TRx (Adjusted),ZEPOSIA,PRODUCT,N,2025-05-16,473.8480454346181
SI Market + Oral,TRx (Adjusted),ZEPOSIA,PRODUCT,N,2025-05-23,849.849971150129
SI Market + Oral,TRx (Adjusted),ZEPOSIA,PRODUCT,N,2025-05-30,470.338305900124
SI Market + Oral,TRx (Adjusted),ZEPOSIA,PRODUCT,N,2025-06-06,513.9489709415152
SI Market + Oral,TRx (Adjusted),ZEPOSIA,PRODUCT,N,2025-06-13,369.2683016799488
SI Market + Oral,TRx (Adjusted),ZEPOSIA,PRODUCT,N,2025-06-20,240.55468795843427
SI Market + Oral,TRx (Adjusted),ZEPOSIA,PRODUCT,N,2025-06-27,640.9081792865858
SI Market + Oral,TRx (Adjusted),ZEPOSIA,PRODUCT,N,2025-07-04,441.3789481003642
SI Market + Oral,TRx (Adjusted),ZEPOSIA,PRODUCT,N,2025-07-11,236.00957355055496
SI Market + Oral,TRx (Adjusted),ZEPOSIA,PRODUCT,N,2025-07-18,367.01502516408334
SI Market + Oral,TRx (Adjusted),ZEPOSIA,PRODUCT,N,2025-07-25,824.9327172215502
SI Market + Oral,TRx (Adjusted),ZEPOSIA,PRODUCT,N,2025-08-01,220.507485728264
SI Market + Oral,TRx (Adjusted),ZEPOSIA,PRODUCT,N,2025-08-08,558.6391048251861
SI Market + Oral,TRx (Adjusted),ZEPOSIA,PRODUCT,N,2025-08-15,485.3315163881935
SI Market + Oral,TRx (Adjusted),ZEPOSIA,PRODUCT,N,2025-08-22,748.8650899008616
SI Market + Oral,TRx (Adjusted),ZEPOSIA,PRODUCT,N,2025-08-29,669.4209305855704
SI Market + Oral,TRx (Adjusted),ZEPOSIA,PRODUCT,N,2025-09-05,641.8790921912807
SI Market + Oral,TRx (Adjusted),ZEPOSIA,PRODUCT,N,2025-09-12,805.034414134152
SI Market + Oral,TRx (Adjusted),ZEPOSIA,PRODUCT,N,2025-09-19,300.0667381580966
SI Market + Oral,TRx (Adjusted),ZEPOSIA,PRODUCT,N,2025-09-26,621.0977087740215
SI Market + Oral,TRx (Adjusted),ZEPOSIA,PRODUCT,N,2025-10-03,483.91239562583655
SI Market + Oral,TRx (Adjusted),ZEPOSIA,PRODUCT,N,2025-10-10,463.5600853766824
SI Market + Oral,TRx (Adjusted),ZEPOSIA,PRODUCT,N,2025-10-17,451.4914280839944
SI Market + Oral,TRx (Adjusted),ZEPOSIA,PRODUCT,N,2025-10-24,584.5359176019473
SI Market + Oral,TRx (Adjusted),ZEPOSIA,PRODUCT,N,2025-10-31,511.4816251099486
SI Market + Oral,TRx (Adjusted),ZEPOSIA,PRODUCT,N,2025-11-07,478.09846731014096
SI Market + Oral,TRx (Adjusted),ZEPOSIA,PRODUCT,N,2025-11-14,344.02550921518736
SI Market + Oral,TRx (Adjusted),ZEPOSIA,PRODUCT,N,2025-11-21,265.1485763699988
SI Market + Oral,TRx (Adjusted),ZEPOSIA,PRODUCT,N,2025-11-28,390.9458926636859
SI Market + Oral,TRx (Adjusted),ZEPOSIA,PRODUCT,N,2025-12-05,418.86863647611193
SI Market + Oral,TRx (Adjusted),ZEPOSIA,PRODUCT,N,2025-12-12,287.6271681059096
SI Market + Oral,TRx (Adjusted),ZEPOSIA,PRODUCT,N,2025-12-19,273.3972105667986
SI Market + Oral,TRx (Adjusted),ZEPOSIA,PRODUCT,N,2025-12-26,464.6276403912318
SI Market + Oral,TRx (Adjusted),ZEPOSIA,PRODUCT,N,2026-01-02,220.98865186229105
SI Market + Oral,TRx (Adjusted),ZEPOSIA,PRODUCT,N,2026-01-09,843.097685883496
SI Market + Oral,TRx (Adjusted),ZEPOSIA,PRODUCT,N,2026-01-16,467.6327955350618
SI Market + Oral,TRx (Adjusted),ZEPOSIA,PRODUCT,N,2026-01-23,151.9599590938232
SI Market + Oral,TRx (Adjusted),ZEPOSIA,PRODUCT,N,2026-01-30,270.2372622434405
SI Market + Oral,TRx (Adjusted),ZEPOSIA,PRODUCT,N,2026-02-06,295.28576628511456
SI Market + Oral,TRx (Adjusted),ZEPOSIA,PRODUCT,N,2026-02-13,676.7453515331526
SI Market + Oral,TRx (Adjusted),ZEPOSIA,PRODUCT,N,2026-02-20,314.41019302161044
SI Market + Oral,TRx (Adjusted),ZEPOSIA,PRODUCT,N,2026-02-27,382.7449659702005
SI Market + Oral,TRx (Adjusted),ZEPOSIA,PRODUCT,N,2026-03-06,510.3679331382504
SI Market + Oral,TRx (Adjusted),ZEPOSIA,PRODUCT,N,2026-03-13,669.5649549393927
SI Market + Oral,TRx (Adjusted),ZEPOSIA,PRODUCT,N,2026-03-20,216.0781918996857
SI Market + Oral,TRx (Adjusted),ZEPOSIA,PRODUCT,N,2026-03-27,186.2844307740376
SI Market + Oral,TRx (Adjusted),ZEPOSIA,PRODUCT,N,2026-04-03,261.5324023294364
SI Market + Oral,TRx (Adjusted),ZEPOSIA,PRODUCT,N,2026-04-10,179.4689684809329
SI Market + Oral,TRx (Adjusted),ZEPOSIA,PRODUCT,N,2026-04-17,217.43025641486605
SI Market + Oral,TRx (Adjusted),ZEPOSIA,PRODUCT,N,2026-04-24,421.65912069775214
SI Market + Oral,TRx (Adjusted),ZEPOSIA,PRODUCT,N,2026-05-01,467.8637005643277
SI Market + Oral,TRx (Adjusted),ZEPOSIA,PRODUCT,N,2026-05-08,381.1384025202023
SI Market + Oral,TRx (Adjusted),ZYMFENTRA,PRODUCT,N,2024-05-03,16.778912597132575
SI Market + Oral,TRx (Adjusted),ZYMFENTRA,PRODUCT,N,2024-05-10,12.366372857536724
SI Market + Oral,TRx (Adjusted),ZYMFENTRA,PRODUCT,N,2024-05-17,30.829665776226364
SI Market + Oral,TRx (Adjusted),ZYMFENTRA,PRODUCT,N,2024-05-24,23.952273719993837
SI Market + Oral,TRx (Adjusted),ZYMFENTRA,PRODUCT,N,2024-05-31,33.74984994515604
SI Market + Oral,TRx (Adjusted),ZYMFENTRA,PRODUCT,N,2024-06-07,49.81551920966383
SI Market + Oral,TRx (Adjusted),ZYMFENTRA,PRODUCT,N,2024-06-14,29.277898255215188
SI Market + Oral,TRx (Adjusted),ZYMFENTRA,PRODUCT,N,2024-06-21,34.43640400857278
SI Market + Oral,TRx (Adjusted),ZYMFENTRA,PRODUCT,N,2024-06-28,40.12743015265864
SI Market + Oral,TRx (Adjusted),ZYMFENTRA,PRODUCT,N,2024-07-05,37.08047559599629
SI Market + Oral,TRx (Adjusted),ZYMFENTRA,PRODUCT,N,2024-07-12,87.3830175549772
SI Market + Oral,TRx (Adjusted),ZYMFENTRA,PRODUCT,N,2024-07-19,49.941372018562895
SI Market + Oral,TRx (Adjusted),ZYMFENTRA,PRODUCT,N,2024-07-26,94.12984931130993
SI Market + Oral,TRx (Adjusted),ZYMFENTRA,PRODUCT,N,2024-08-02,63.7485434536674
SI Market + Oral,TRx (Adjusted),ZYMFENTRA,PRODUCT,N,2024-08-09,65.75799555992252
SI Market + Oral,TRx (Adjusted),ZYMFENTRA,PRODUCT,N,2024-08-16,97.4265774560604
SI Market + Oral,TRx (Adjusted),ZYMFENTRA,PRODUCT,N,2024-08-23,135.0486871534562
SI Market + Oral,TRx (Adjusted),ZYMFENTRA,PRODUCT,N,2024-08-30,166.89241646119595
SI Market + Oral,TRx (Adjusted),ZYMFENTRA,PRODUCT,N,2024-09-06,106.55258966517115
SI Market + Oral,TRx (Adjusted),ZYMFENTRA,PRODUCT,N,2024-09-13,96.98173534263964
SI Market + Oral,TRx (Adjusted),ZYMFENTRA,PRODUCT,N,2024-09-20,144.0253315492102
SI Market + Oral,TRx (Adjusted),ZYMFENTRA,PRODUCT,N,2024-09-27,95.0416428479078
SI Market + Oral,TRx (Adjusted),ZYMFENTRA,PRODUCT,N,2024-10-04,263.31427387689945
SI Market + Oral,TRx (Adjusted),ZYMFENTRA,PRODUCT,N,2024-10-11,83.94438337271521
SI Market + Oral,TRx (Adjusted),ZYMFENTRA,PRODUCT,N,2024-10-18,70.99715529261624
SI Market + Oral,TRx (Adjusted),ZYMFENTRA,PRODUCT,N,2024-10-25,153.15910018634165
SI Market + Oral,TRx (Adjusted),ZYMFENTRA,PRODUCT,N,2024-11-01,185.3546595716794
SI Market + Oral,TRx (Adjusted),ZYMFENTRA,PRODUCT,N,2024-11-08,160.8740469318634
SI Market + Oral,TRx (Adjusted),ZYMFENTRA,PRODUCT,N,2024-11-15,212.62250779085323
SI Market + Oral,TRx (Adjusted),ZYMFENTRA,PRODUCT,N,2024-11-22,237.03570552883755
SI Market + Oral,TRx (Adjusted),ZYMFENTRA,PRODUCT,N,2024-11-29,128.14458457094835
SI Market + Oral,TRx (Adjusted),ZYMFENTRA,PRODUCT,N,2024-12-06,212.5429405002372
SI Market + Oral,TRx (Adjusted),ZYMFENTRA,PRODUCT,N,2024-12-13,169.6214738913636
SI Market + Oral,TRx (Adjusted),ZYMFENTRA,PRODUCT,N,2024-12-20,91.08268952499348
SI Market + Oral,TRx (Adjusted),ZYMFENTRA,PRODUCT,N,2024-12-27,221.0757212966855
SI Market + Oral,TRx (Adjusted),ZYMFENTRA,PRODUCT,N,2025-01-03,158.95488645656468
SI Market + Oral,TRx (Adjusted),ZYMFENTRA,PRODUCT,N,2025-01-10,171.0838644449495
SI Market + Oral,TRx (Adjusted),ZYMFENTRA,PRODUCT,N,2025-01-17,95.2755253507949
SI Market + Oral,TRx (Adjusted),ZYMFENTRA,PRODUCT,N,2025-01-24,313.28179432599006
SI Market + Oral,TRx (Adjusted),ZYMFENTRA,PRODUCT,N,2025-01-31,226.41881373629835
SI Market + Oral,TRx (Adjusted),ZYMFENTRA,PRODUCT,N,2025-02-07,287.496889259647
SI Market + Oral,TRx (Adjusted),ZYMFENTRA,PRODUCT,N,2025-02-14,267.5845826131053
SI Market + Oral,TRx (Adjusted),ZYMFENTRA,PRODUCT,N,2025-02-21,165.4407453986589
SI Market + Oral,TRx (Adjusted),ZYMFENTRA,PRODUCT,N,2025-02-28,465.0685737464757
SI Market + Oral,TRx (Adjusted),ZYMFENTRA,PRODUCT,N,2025-03-07,263.76410549645425
SI Market + Oral,TRx (Adjusted),ZYMFENTRA,PRODUCT,N,2025-03-14,465.7479215081042
SI Market + Oral,TRx (Adjusted),ZYMFENTRA,PRODUCT,N,2025-03-21,277.1425825762379
SI Market + Oral,TRx (Adjusted),ZYMFENTRA,PRODUCT,N,2025-03-28,358.34240661117605
SI Market + Oral,TRx (Adjusted),ZYMFENTRA,PRODUCT,N,2025-04-04,380.7843778149133
SI Market + Oral,TRx (Adjusted),ZYMFENTRA,PRODUCT,N,2025-04-11,374.967851551986
SI Market + Oral,TRx (Adjusted),ZYMFENTRA,PRODUCT,N,2025-04-18,249.50074346944524
SI Market + Oral,TRx (Adjusted),ZYMFENTRA,PRODUCT,N,2025-04-25,543.0323961446139
SI Market + Oral,TRx (Adjusted),ZYMFENTRA,PRODUCT,N,2025-05-02,469.80920718080336
SI Market + Oral,TRx (Adjusted),ZYMFENTRA,PRODUCT,N,2025-05-09,408.8380613297709
SI Market + Oral,TRx (Adjusted),ZYMFENTRA,PRODUCT,N,2025-05-16,266.007059741294
SI Market + Oral,TRx (Adjusted),ZYMFENTRA,PRODUCT,N,2025-05-23,358.7433849222626
SI Market + Oral,TRx (Adjusted),ZYMFENTRA,PRODUCT,N,2025-05-30,309.2357636969152
SI Market + Oral,TRx (Adjusted),ZYMFENTRA,PRODUCT,N,2025-06-06,399.1209851867931
SI Market + Oral,TRx (Adjusted),ZYMFENTRA,PRODUCT,N,2025-06-13,487.6020817203051
SI Market + Oral,TRx (Adjusted),ZYMFENTRA,PRODUCT,N,2025-06-20,438.5677816220943
SI Market + Oral,TRx (Adjusted),ZYMFENTRA,PRODUCT,N,2025-06-27,282.0341944647914
SI Market + Oral,TRx (Adjusted),ZYMFENTRA,PRODUCT,N,2025-07-04,417.7800550966428
SI Market + Oral,TRx (Adjusted),ZYMFENTRA,PRODUCT,N,2025-07-11,392.7604396999288
SI Market + Oral,TRx (Adjusted),ZYMFENTRA,PRODUCT,N,2025-07-18,341.2984971456251
SI Market + Oral,TRx (Adjusted),ZYMFENTRA,PRODUCT,N,2025-07-25,531.4964608782759
SI Market + Oral,TRx (Adjusted),ZYMFENTRA,PRODUCT,N,2025-08-01,584.6101853306263
SI Market + Oral,TRx (Adjusted),ZYMFENTRA,PRODUCT,N,2025-08-08,719.7115919207629
SI Market + Oral,TRx (Adjusted),ZYMFENTRA,PRODUCT,N,2025-08-15,400.0080366570073
SI Market + Oral,TRx (Adjusted),ZYMFENTRA,PRODUCT,N,2025-08-22,291.8773952125218
SI Market + Oral,TRx (Adjusted),ZYMFENTRA,PRODUCT,N,2025-08-29,596.1916823962356
SI Market + Oral,TRx (Adjusted),ZYMFENTRA,PRODUCT,N,2025-09-05,260.85785693879205
SI Market + Oral,TRx (Adjusted),ZYMFENTRA,PRODUCT,N,2025-09-12,374.4826238061096
SI Market + Oral,TRx (Adjusted),ZYMFENTRA,PRODUCT,N,2025-09-19,305.80785524114384
SI Market + Oral,TRx (Adjusted),ZYMFENTRA,PRODUCT,N,2025-09-26,445.0843460537338
SI Market + Oral,TRx (Adjusted),ZYMFENTRA,PRODUCT,N,2025-10-03,610.0051883723702
SI Market + Oral,TRx (Adjusted),ZYMFENTRA,PRODUCT,N,2025-10-10,553.0673768743743
SI Market + Oral,TRx (Adjusted),ZYMFENTRA,PRODUCT,N,2025-10-17,739.4887814759213
SI Market + Oral,TRx (Adjusted),ZYMFENTRA,PRODUCT,N,2025-10-24,373.5789182524591
SI Market + Oral,TRx (Adjusted),ZYMFENTRA,PRODUCT,N,2025-10-31,440.8150664111029
SI Market + Oral,TRx (Adjusted),ZYMFENTRA,PRODUCT,N,2025-11-07,546.4893845178123
SI Market + Oral,TRx (Adjusted),ZYMFENTRA,PRODUCT,N,2025-11-14,339.998928814269
SI Market + Oral,TRx (Adjusted),ZYMFENTRA,PRODUCT,N,2025-11-21,319.81078085144225
SI Market + Oral,TRx (Adjusted),ZYMFENTRA,PRODUCT,N,2025-11-28,348.9272845350039
SI Market + Oral,TRx (Adjusted),ZYMFENTRA,PRODUCT,N,2025-12-05,297.151824383316
SI Market + Oral,TRx (Adjusted),ZYMFENTRA,PRODUCT,N,2025-12-12,512.6974534516846
SI Market + Oral,TRx (Adjusted),ZYMFENTRA,PRODUCT,N,2025-12-19,778.9653382335404
SI Market + Oral,TRx (Adjusted),ZYMFENTRA,PRODUCT,N,2025-12-26,237.9660005039073
SI Market + Oral,TRx (Adjusted),ZYMFENTRA,PRODUCT,N,2026-01-02,449.4795276646794
SI Market + Oral,TRx (Adjusted),ZYMFENTRA,PRODUCT,N,2026-01-09,787.579408909686
SI Market + Oral,TRx (Adjusted),ZYMFENTRA,PRODUCT,N,2026-01-16,794.583832377139
SI Market + Oral,TRx (Adjusted),ZYMFENTRA,PRODUCT,N,2026-01-23,500.9190319870299
SI Market + Oral,TRx (Adjusted),ZYMFENTRA,PRODUCT,N,2026-01-30,348.92673086415016
SI Market + Oral,TRx (Adjusted),ZYMFENTRA,PRODUCT,N,2026-02-06,907.9073104712636
SI Market + Oral,TRx (Adjusted),ZYMFENTRA,PRODUCT,N,2026-02-13,489.1438343887014
SI Market + Oral,TRx (Adjusted),ZYMFENTRA,PRODUCT,N,2026-02-20,393.511021720607
SI Market + Oral,TRx (Adjusted),ZYMFENTRA,PRODUCT,N,2026-02-27,441.7205765893719
SI Market + Oral,TRx (Adjusted),ZYMFENTRA,PRODUCT,N,2026-03-06,687.0585939872642
SI Market + Oral,TRx (Adjusted),ZYMFENTRA,PRODUCT,N,2026-03-13,442.2383205291999
SI Market + Oral,TRx (Adjusted),ZYMFENTRA,PRODUCT,N,2026-03-20,524.5831830925937
SI Market + Oral,TRx (Adjusted),ZYMFENTRA,PRODUCT,N,2026-03-27,649.982128947646
SI Market + Oral,TRx (Adjusted),ZYMFENTRA,PRODUCT,N,2026-04-03,597.5008380957365
SI Market + Oral,TRx (Adjusted),ZYMFENTRA,PRODUCT,N,2026-04-10,390.5412237718457
SI Market + Oral,TRx (Adjusted),ZYMFENTRA,PRODUCT,N,2026-04-17,343.94962493453505
SI Market + Oral,TRx (Adjusted),ZYMFENTRA,PRODUCT,N,2026-04-24,691.2669318394362
SI Market + Oral,TRx (Adjusted),ZYMFENTRA,PRODUCT,N,2026-05-01,520.0560446501299
SI Market + Oral,TRx (Adjusted),ZYMFENTRA,PRODUCT,N,2026-05-08,568.3363657931578
SI Market + Oral,TRx (Adjusted),Total Non-Approved Volume,PRODUCT,N,2024-05-03,58.17370163541136
SI Market + Oral,TRx (Adjusted),Total Non-Approved Volume,PRODUCT,N,2024-05-10,69.64453369222544
SI Market + Oral,TRx (Adjusted),Total Non-Approved Volume,PRODUCT,N,2024-05-17,107.24904557387592
SI Market + Oral,TRx (Adjusted),Total Non-Approved Volume,PRODUCT,N,2024-05-24,73.74969314466304
SI Market + Oral,TRx (Adjusted),Total Non-Approved Volume,PRODUCT,N,2024-05-31,77.01971977928955
SI Market + Oral,TRx (Adjusted),Total Non-Approved Volume,PRODUCT,N,2024-06-07,102.97255850156948
SI Market + Oral,TRx (Adjusted),Total Non-Approved Volume,PRODUCT,N,2024-06-14,93.44157187658588
SI Market + Oral,TRx (Adjusted),Total Non-Approved Volume,PRODUCT,N,2024-06-21,96.84615124775353
SI Market + Oral,TRx (Adjusted),Total Non-Approved Volume,PRODUCT,N,2024-06-28,62.50024784719871
SI Market + Oral,TRx (Adjusted),Total Non-Approved Volume,PRODUCT,N,2024-07-05,64.36079854460046
SI Market + Oral,TRx (Adjusted),Total Non-Approved Volume,PRODUCT,N,2024-07-12,94.89465138487049
SI Market + Oral,TRx (Adjusted),Total Non-Approved Volume,PRODUCT,N,2024-07-19,109.98570904532691
SI Market + Oral,TRx (Adjusted),Total Non-Approved Volume,PRODUCT,N,2024-07-26,98.44900590653344
SI Market + Oral,TRx (Adjusted),Total Non-Approved Volume,PRODUCT,N,2024-08-02,135.74236919501055
SI Market + Oral,TRx (Adjusted),Total Non-Approved Volume,PRODUCT,N,2024-08-09,91.2145515110735
SI Market + Oral,TRx (Adjusted),Total Non-Approved Volume,PRODUCT,N,2024-08-16,105.03139833527084
SI Market + Oral,TRx (Adjusted),Total Non-Approved Volume,PRODUCT,N,2024-08-23,105.40991703140772
SI Market + Oral,TRx (Adjusted),Total Non-Approved Volume,PRODUCT,N,2024-08-30,109.48938081376606
SI Market + Oral,TRx (Adjusted),Total Non-Approved Volume,PRODUCT,N,2024-09-06,80.64491275338854
SI Market + Oral,TRx (Adjusted),Total Non-Approved Volume,PRODUCT,N,2024-09-13,118.41517586557433
SI Market + Oral,TRx (Adjusted),Total Non-Approved Volume,PRODUCT,N,2024-09-20,168.83185501522732
SI Market + Oral,TRx (Adjusted),Total Non-Approved Volume,PRODUCT,N,2024-09-27,98.64559428060473
SI Market + Oral,TRx (Adjusted),Total Non-Approved Volume,PRODUCT,N,2024-10-04,86.31343978425315
SI Market + Oral,TRx (Adjusted),Total Non-Approved Volume,PRODUCT,N,2024-10-11,140.04905384634122
SI Market + Oral,TRx (Adjusted),Total Non-Approved Volume,PRODUCT,N,2024-10-18,86.99554281318063
SI Market + Oral,TRx (Adjusted),Total Non-Approved Volume,PRODUCT,N,2024-10-25,75.79275463059071
SI Market + Oral,TRx (Adjusted),Total Non-Approved Volume,PRODUCT,N,2024-11-01,95.07451445983855
SI Market + Oral,TRx (Adjusted),Total Non-Approved Volume,PRODUCT,N,2024-11-08,78.47923982549655
SI Market + Oral,TRx (Adjusted),Total Non-Approved Volume,PRODUCT,N,2024-11-15,61.4950643077273
SI Market + Oral,TRx (Adjusted),Total Non-Approved Volume,PRODUCT,N,2024-11-22,99.35865466358052
SI Market + Oral,TRx (Adjusted),Total Non-Approved Volume,PRODUCT,N,2024-11-29,69.87803098083631
SI Market + Oral,TRx (Adjusted),Total Non-Approved Volume,PRODUCT,N,2024-12-06,115.96185214097684
SI Market + Oral,TRx (Adjusted),Total Non-Approved Volume,PRODUCT,N,2024-12-13,118.32974676915516
SI Market + Oral,TRx (Adjusted),Total Non-Approved Volume,PRODUCT,N,2024-12-20,124.53262016627544
SI Market + Oral,TRx (Adjusted),Total Non-Approved Volume,PRODUCT,N,2024-12-27,75.74717408389472
SI Market + Oral,TRx (Adjusted),Total Non-Approved Volume,PRODUCT,N,2025-01-03,84.52223963101055
SI Market + Oral,TRx (Adjusted),Total Non-Approved Volume,PRODUCT,N,2025-01-10,136.88114454117593
SI Market + Oral,TRx (Adjusted),Total Non-Approved Volume,PRODUCT,N,2025-01-17,96.08141504726562
SI Market + Oral,TRx (Adjusted),Total Non-Approved Volume,PRODUCT,N,2025-01-24,62.332735024151816
SI Market + Oral,TRx (Adjusted),Total Non-Approved Volume,PRODUCT,N,2025-01-31,95.40811941962848
SI Market + Oral,TRx (Adjusted),Total Non-Approved Volume,PRODUCT,N,2025-02-07,104.47690184393784
SI Market + Oral,TRx (Adjusted),Total Non-Approved Volume,PRODUCT,N,2025-02-14,76.01571862677633
SI Market + Oral,TRx (Adjusted),Total Non-Approved Volume,PRODUCT,N,2025-02-21,85.67211413090341
SI Market + Oral,TRx (Adjusted),Total Non-Approved Volume,PRODUCT,N,2025-02-28,61.52910130825421
SI Market + Oral,TRx (Adjusted),Total Non-Approved Volume,PRODUCT,N,2025-03-07,135.46216088767258
SI Market + Oral,TRx (Adjusted),Total Non-Approved Volume,PRODUCT,N,2025-03-14,93.46904227950851
SI Market + Oral,TRx (Adjusted),Total Non-Approved Volume,PRODUCT,N,2025-03-21,78.80176036019249
SI Market + Oral,TRx (Adjusted),Total Non-Approved Volume,PRODUCT,N,2025-03-28,78.8615889199094
SI Market + Oral,TRx (Adjusted),Total Non-Approved Volume,PRODUCT,N,2025-04-04,79.62996567849808
SI Market + Oral,TRx (Adjusted),Total Non-Approved Volume,PRODUCT,N,2025-04-11,86.50161435293177
SI Market + Oral,TRx (Adjusted),Total Non-Approved Volume,PRODUCT,N,2025-04-18,70.04141978375526
SI Market + Oral,TRx (Adjusted),Total Non-Approved Volume,PRODUCT,N,2025-04-25,80.39732809019006
SI Market + Oral,TRx (Adjusted),Total Non-Approved Volume,PRODUCT,N,2025-05-02,66.87660342316785
SI Market + Oral,TRx (Adjusted),Total Non-Approved Volume,PRODUCT,N,2025-05-09,86.88890945960894
SI Market + Oral,TRx (Adjusted),Total Non-Approved Volume,PRODUCT,N,2025-05-16,96.32652481041936
SI Market + Oral,TRx (Adjusted),Total Non-Approved Volume,PRODUCT,N,2025-05-23,83.40678222785131
SI Market + Oral,TRx (Adjusted),Total Non-Approved Volume,PRODUCT,N,2025-05-30,67.02516259778116
SI Market + Oral,TRx (Adjusted),Total Non-Approved Volume,PRODUCT,N,2025-06-06,80.21518815487856
SI Market + Oral,TRx (Adjusted),Total Non-Approved Volume,PRODUCT,N,2025-06-13,74.84018780471956
SI Market + Oral,TRx (Adjusted),Total Non-Approved Volume,PRODUCT,N,2025-06-20,69.37845941759326
SI Market + Oral,TRx (Adjusted),Total Non-Approved Volume,PRODUCT,N,2025-06-27,92.6013544784814
SI Market + Oral,TRx (Adjusted),Total Non-Approved Volume,PRODUCT,N,2025-07-04,107.42630291884323
SI Market + Oral,TRx (Adjusted),Total Non-Approved Volume,PRODUCT,N,2025-07-11,99.79362323753924
SI Market + Oral,TRx (Adjusted),Total Non-Approved Volume,PRODUCT,N,2025-07-18,94.44390200113664
SI Market + Oral,TRx (Adjusted),Total Non-Approved Volume,PRODUCT,N,2025-07-25,116.53592876619722
SI Market + Oral,TRx (Adjusted),Total Non-Approved Volume,PRODUCT,N,2025-08-01,84.28745584443158
SI Market + Oral,TRx (Adjusted),Total Non-Approved Volume,PRODUCT,N,2025-08-08,110.8319600184073
SI Market + Oral,TRx (Adjusted),Total Non-Approved Volume,PRODUCT,N,2025-08-15,92.20674473482607
SI Market + Oral,TRx (Adjusted),Total Non-Approved Volume,PRODUCT,N,2025-08-22,109.1671781969068
SI Market + Oral,TRx (Adjusted),Total Non-Approved Volume,PRODUCT,N,2025-08-29,132.69167419160578
SI Market + Oral,TRx (Adjusted),Total Non-Approved Volume,PRODUCT,N,2025-09-05,97.09804916008444
SI Market + Oral,TRx (Adjusted),Total Non-Approved Volume,PRODUCT,N,2025-09-12,155.85771138662113
SI Market + Oral,TRx (Adjusted),Total Non-Approved Volume,PRODUCT,N,2025-09-19,124.34943304131085
SI Market + Oral,TRx (Adjusted),Total Non-Approved Volume,PRODUCT,N,2025-09-26,78.4860904769592
SI Market + Oral,TRx (Adjusted),Total Non-Approved Volume,PRODUCT,N,2025-10-03,150.5266407709514
SI Market + Oral,TRx (Adjusted),Total Non-Approved Volume,PRODUCT,N,2025-10-10,63.73079189642381
SI Market + Oral,TRx (Adjusted),Total Non-Approved Volume,PRODUCT,N,2025-10-17,113.11569807046844
SI Market + Oral,TRx (Adjusted),Total Non-Approved Volume,PRODUCT,N,2025-10-24,119.12782885092712
SI Market + Oral,TRx (Adjusted),Total Non-Approved Volume,PRODUCT,N,2025-10-31,99.7659613796656
SI Market + Oral,TRx (Adjusted),Total Non-Approved Volume,PRODUCT,N,2025-11-07,171.06569098439073
SI Market + Oral,TRx (Adjusted),Total Non-Approved Volume,PRODUCT,N,2025-11-14,84.92738512383731
SI Market + Oral,TRx (Adjusted),Total Non-Approved Volume,PRODUCT,N,2025-11-21,144.0607689092329
SI Market + Oral,TRx (Adjusted),Total Non-Approved Volume,PRODUCT,N,2025-11-28,83.95719865633038
SI Market + Oral,TRx (Adjusted),Total Non-Approved Volume,PRODUCT,N,2025-12-05,115.55294177233084
SI Market + Oral,TRx (Adjusted),Total Non-Approved Volume,PRODUCT,N,2025-12-12,121.76013452870632
SI Market + Oral,TRx (Adjusted),Total Non-Approved Volume,PRODUCT,N,2025-12-19,105.27368408378982
SI Market + Oral,TRx (Adjusted),Total Non-Approved Volume,PRODUCT,N,2025-12-26,55.05211478394428
SI Market + Oral,TRx (Adjusted),Total Non-Approved Volume,PRODUCT,N,2026-01-02,68.49070031641749
SI Market + Oral,TRx (Adjusted),Total Non-Approved Volume,PRODUCT,N,2026-01-09,128.30760503963728
SI Market + Oral,TRx (Adjusted),Total Non-Approved Volume,PRODUCT,N,2026-01-16,129.21129270972713
SI Market + Oral,TRx (Adjusted),Total Non-Approved Volume,PRODUCT,N,2026-01-23,116.20304017390478
SI Market + Oral,TRx (Adjusted),Total Non-Approved Volume,PRODUCT,N,2026-01-30,88.29919890234567
SI Market + Oral,TRx (Adjusted),Total Non-Approved Volume,PRODUCT,N,2026-02-06,134.42118797420036
SI Market + Oral,TRx (Adjusted),Total Non-Approved Volume,PRODUCT,N,2026-02-13,175.83553693984214
SI Market + Oral,TRx (Adjusted),Total Non-Approved Volume,PRODUCT,N,2026-02-20,78.89488889822088
SI Market + Oral,TRx (Adjusted),Total Non-Approved Volume,PRODUCT,N,2026-02-27,168.86935873814102
SI Market + Oral,TRx (Adjusted),Total Non-Approved Volume,PRODUCT,N,2026-03-06,93.63655044784272
SI Market + Oral,TRx (Adjusted),Total Non-Approved Volume,PRODUCT,N,2026-03-13,92.58051433903476
SI Market + Oral,TRx (Adjusted),Total Non-Approved Volume,PRODUCT,N,2026-03-20,85.32743585159832
SI Market + Oral,TRx (Adjusted),Total Non-Approved Volume,PRODUCT,N,2026-03-27,116.53627674605694
SI Market + Oral,TRx (Adjusted),Total Non-Approved Volume,PRODUCT,N,2026-04-03,121.44312498652728
SI Market + Oral,TRx (Adjusted),Total Non-Approved Volume,PRODUCT,N,2026-04-10,110.25503839955152
SI Market + Oral,TRx (Adjusted),Total Non-Approved Volume,PRODUCT,N,2026-04-17,92.32596372475928
SI Market + Oral,TRx (Adjusted),Total Non-Approved Volume,PRODUCT,N,2026-04-24,81.40333019139688
SI Market + Oral,TRx (Adjusted),Total Non-Approved Volume,PRODUCT,N,2026-05-01,117.87742258592957
SI Market + Oral,TRx (Adjusted),Total Non-Approved Volume,PRODUCT,N,2026-05-08,114.5146100705806
SI Market + Oral,TRx (Adjusted),ACTEMRA BIOSIMILARS SQ TOTAL,PRODUCT,Y,2024-08-02,0.0
SI Market + Oral,TRx (Adjusted),ACTEMRA BIOSIMILARS SQ TOTAL,PRODUCT,Y,2024-08-09,0.0004114219202381
SI Market + Oral,TRx (Adjusted),ACTEMRA BIOSIMILARS SQ TOTAL,PRODUCT,Y,2024-08-16,0.0001893320358414
SI Market + Oral,TRx (Adjusted),ACTEMRA BIOSIMILARS SQ TOTAL,PRODUCT,Y,2024-08-23,0.0004097977782603
SI Market + Oral,TRx (Adjusted),ACTEMRA BIOSIMILARS SQ TOTAL,PRODUCT,Y,2024-08-30,0.0006362844931376
SI Market + Oral,TRx (Adjusted),ACTEMRA BIOSIMILARS SQ TOTAL,PRODUCT,Y,2024-09-06,0.0021427177389676
SI Market + Oral,TRx (Adjusted),ACTEMRA BIOSIMILARS SQ TOTAL,PRODUCT,Y,2024-09-13,0.000583295489825
SI Market + Oral,TRx (Adjusted),ACTEMRA BIOSIMILARS SQ TOTAL,PRODUCT,Y,2024-09-20,0.0004772775098996
SI Market + Oral,TRx (Adjusted),ACTEMRA BIOSIMILARS SQ TOTAL,PRODUCT,Y,2024-09-27,0.0017940345880282
SI Market + Oral,TRx (Adjusted),ACTEMRA BIOSIMILARS SQ TOTAL,PRODUCT,Y,2024-10-04,0.0008538645266954
SI Market + Oral,TRx (Adjusted),ACTEMRA BIOSIMILARS SQ TOTAL,PRODUCT,Y,2024-10-11,0.0009300627439021
SI Market + Oral,TRx (Adjusted),ACTEMRA BIOSIMILARS SQ TOTAL,PRODUCT,Y,2024-10-18,0.0014661173654203
SI Market + Oral,TRx (Adjusted),ACTEMRA BIOSIMILARS SQ TOTAL,PRODUCT,Y,2024-10-25,0.0004432902195831
SI Market + Oral,TRx (Adjusted),ACTEMRA BIOSIMILARS SQ TOTAL,PRODUCT,Y,2024-11-01,0.0007537549912232
SI Market + Oral,TRx (Adjusted),ACTEMRA BIOSIMILARS SQ TOTAL,PRODUCT,Y,2024-11-08,0.001511944733803
SI Market + Oral,TRx (Adjusted),ACTEMRA BIOSIMILARS SQ TOTAL,PRODUCT,Y,2024-11-15,0.0021722280011403
SI Market + Oral,TRx (Adjusted),ACTEMRA BIOSIMILARS SQ TOTAL,PRODUCT,Y,2024-11-22,0.0032991752838828
SI Market + Oral,TRx (Adjusted),ACTEMRA BIOSIMILARS SQ TOTAL,PRODUCT,Y,2024-11-29,0.003909677203384
SI Market + Oral,TRx (Adjusted),ACTEMRA BIOSIMILARS SQ TOTAL,PRODUCT,Y,2024-12-06,0.003906138055537
SI Market + Oral,TRx (Adjusted),ACTEMRA BIOSIMILARS SQ TOTAL,PRODUCT,Y,2024-12-13,0.0054858258139118
SI Market + Oral,TRx (Adjusted),ACTEMRA BIOSIMILARS SQ TOTAL,PRODUCT,Y,2024-12-20,0.0039038983050918
SI Market + Oral,TRx (Adjusted),ACTEMRA BIOSIMILARS SQ TOTAL,PRODUCT,Y,2024-12-27,0.0024982910829807
SI Market + Oral,TRx (Adjusted),ACTEMRA BIOSIMILARS SQ TOTAL,PRODUCT,Y,2025-01-03,0.0074551156256346
SI Market + Oral,TRx (Adjusted),ACTEMRA BIOSIMILARS SQ TOTAL,PRODUCT,Y,2025-01-10,0.0148744399776948
SI Market + Oral,TRx (Adjusted),ACTEMRA BIOSIMILARS SQ TOTAL,PRODUCT,Y,2025-01-17,0.0154706031248163
SI Market + Oral,TRx (Adjusted),ACTEMRA BIOSIMILARS SQ TOTAL,PRODUCT,Y,2025-01-24,0.0151795590232332
SI Market + Oral,TRx (Adjusted),ACTEMRA BIOSIMILARS SQ TOTAL,PRODUCT,Y,2025-01-31,0.0338187442448408
SI Market + Oral,TRx (Adjusted),ACTEMRA BIOSIMILARS SQ TOTAL,PRODUCT,Y,2025-02-07,0.0259987090543745
SI Market + Oral,TRx (Adjusted),ACTEMRA BIOSIMILARS SQ TOTAL,PRODUCT,Y,2025-02-14,0.0305457965366084
SI Market + Oral,TRx (Adjusted),ACTEMRA BIOSIMILARS SQ TOTAL,PRODUCT,Y,2025-02-21,0.0292760092622008
SI Market + Oral,TRx (Adjusted),ACTEMRA BIOSIMILARS SQ TOTAL,PRODUCT,Y,2025-02-28,0.0563699945694854
SI Market + Oral,TRx (Adjusted),ACTEMRA BIOSIMILARS SQ TOTAL,PRODUCT,Y,2025-03-07,0.1471356735583156
SI Market + Oral,TRx (Adjusted),ACTEMRA BIOSIMILARS SQ TOTAL,PRODUCT,Y,2025-03-14,0.0451982542841013
SI Market + Oral,TRx (Adjusted),ACTEMRA BIOSIMILARS SQ TOTAL,PRODUCT,Y,2025-03-21,0.1229240013229107
SI Market + Oral,TRx (Adjusted),ACTEMRA BIOSIMILARS SQ TOTAL,PRODUCT,Y,2025-03-28,0.0946597777151021
SI Market + Oral,TRx (Adjusted),ACTEMRA BIOSIMILARS SQ TOTAL,PRODUCT,Y,2025-04-04,0.0690129587369439
SI Market + Oral,TRx (Adjusted),ACTEMRA BIOSIMILARS SQ TOTAL,PRODUCT,Y,2025-04-11,0.0794638792164204
SI Market + Oral,TRx (Adjusted),ACTEMRA BIOSIMILARS SQ TOTAL,PRODUCT,Y,2025-04-18,0.0945995932937209
SI Market + Oral,TRx (Adjusted),ACTEMRA BIOSIMILARS SQ TOTAL,PRODUCT,Y,2025-04-25,0.1902613455663342
SI Market + Oral,TRx (Adjusted),ACTEMRA BIOSIMILARS SQ TOTAL,PRODUCT,Y,2025-05-02,0.1058069921737387
SI Market + Oral,TRx (Adjusted),ACTEMRA BIOSIMILARS SQ TOTAL,PRODUCT,Y,2025-05-09,0.2222705240201049
SI Market + Oral,TRx (Adjusted),ACTEMRA BIOSIMILARS SQ TOTAL,PRODUCT,Y,2025-05-16,0.1706490870949755
SI Market + Oral,TRx (Adjusted),ACTEMRA BIOSIMILARS SQ TOTAL,PRODUCT,Y,2025-05-23,0.0799764921509433
SI Market + Oral,TRx (Adjusted),ACTEMRA BIOSIMILARS SQ TOTAL,PRODUCT,Y,2025-05-30,0.0826758225384759
SI Market + Oral,TRx (Adjusted),ACTEMRA BIOSIMILARS SQ TOTAL,PRODUCT,Y,2025-06-06,0.3071690194009626
SI Market + Oral,TRx (Adjusted),ACTEMRA BIOSIMILARS SQ TOTAL,PRODUCT,Y,2025-06-13,0.1225574570110389
SI Market + Oral,TRx (Adjusted),ACTEMRA BIOSIMILARS SQ TOTAL,PRODUCT,Y,2025-06-20,0.181906884111219
SI Market + Oral,TRx (Adjusted),ACTEMRA BIOSIMILARS SQ TOTAL,PRODUCT,Y,2025-06-27,0.1151695100500479
SI Market + Oral,TRx (Adjusted),ACTEMRA BIOSIMILARS SQ TOTAL,PRODUCT,Y,2025-07-04,0.2258548394312794
SI Market + Oral,TRx (Adjusted),ACTEMRA BIOSIMILARS SQ TOTAL,PRODUCT,Y,2025-07-11,0.2851165396290459
SI Market + Oral,TRx (Adjusted),ACTEMRA BIOSIMILARS SQ TOTAL,PRODUCT,Y,2025-07-18,0.1439510814460455
SI Market + Oral,TRx (Adjusted),ACTEMRA BIOSIMILARS SQ TOTAL,PRODUCT,Y,2025-07-25,0.1393758460487241
SI Market + Oral,TRx (Adjusted),ACTEMRA BIOSIMILARS SQ TOTAL,PRODUCT,Y,2025-08-01,0.2806281665244268
SI Market + Oral,TRx (Adjusted),ACTEMRA BIOSIMILARS SQ TOTAL,PRODUCT,Y,2025-08-08,0.1435500570969185
SI Market + Oral,TRx (Adjusted),ACTEMRA BIOSIMILARS SQ TOTAL,PRODUCT,Y,2025-08-15,0.1560469232826931
SI Market + Oral,TRx (Adjusted),ACTEMRA BIOSIMILARS SQ TOTAL,PRODUCT,Y,2025-08-22,0.1394440781506665
SI Market + Oral,TRx (Adjusted),ACTEMRA BIOSIMILARS SQ TOTAL,PRODUCT,Y,2025-08-29,0.1773513620580076
SI Market + Oral,TRx (Adjusted),ACTEMRA BIOSIMILARS SQ TOTAL,PRODUCT,Y,2025-09-05,0.2357521553503906
SI Market + Oral,TRx (Adjusted),ACTEMRA BIOSIMILARS SQ TOTAL,PRODUCT,Y,2025-09-12,0.1822014276060174
SI Market + Oral,TRx (Adjusted),ACTEMRA BIOSIMILARS SQ TOTAL,PRODUCT,Y,2025-09-19,0.1784346664039449
SI Market + Oral,TRx (Adjusted),ACTEMRA BIOSIMILARS SQ TOTAL,PRODUCT,Y,2025-09-26,0.2103636189413701
SI Market + Oral,TRx (Adjusted),ACTEMRA BIOSIMILARS SQ TOTAL,PRODUCT,Y,2025-10-03,0.1092649776810882
SI Market + Oral,TRx (Adjusted),ACTEMRA BIOSIMILARS SQ TOTAL,PRODUCT,Y,2025-10-10,0.0930693210446075
SI Market + Oral,TRx (Adjusted),ACTEMRA BIOSIMILARS SQ TOTAL,PRODUCT,Y,2025-10-17,0.166363135768547
SI Market + Oral,TRx (Adjusted),ACTEMRA BIOSIMILARS SQ TOTAL,PRODUCT,Y,2025-10-24,0.1943731897897484
SI Market + Oral,TRx (Adjusted),ACTEMRA BIOSIMILARS SQ TOTAL,PRODUCT,Y,2025-10-31,0.0836032629902316
SI Market + Oral,TRx (Adjusted),ACTEMRA BIOSIMILARS SQ TOTAL,PRODUCT,Y,2025-11-07,0.2027558241111908
SI Market + Oral,TRx (Adjusted),ACTEMRA BIOSIMILARS SQ TOTAL,PRODUCT,Y,2025-11-14,0.2677373472116707
SI Market + Oral,TRx (Adjusted),ACTEMRA BIOSIMILARS SQ TOTAL,PRODUCT,Y,2025-11-21,0.4701845831389133
SI Market + Oral,TRx (Adjusted),ACTEMRA BIOSIMILARS SQ TOTAL,PRODUCT,Y,2025-11-28,0.1494672275937752
SI Market + Oral,TRx (Adjusted),ACTEMRA BIOSIMILARS SQ TOTAL,PRODUCT,Y,2025-12-05,0.2725938207216651
SI Market + Oral,TRx (Adjusted),ACTEMRA BIOSIMILARS SQ TOTAL,PRODUCT,Y,2025-12-12,0.433227951226884
SI Market + Oral,TRx (Adjusted),ACTEMRA BIOSIMILARS SQ TOTAL,PRODUCT,Y,2025-12-19,0.4233093982465803
SI Market + Oral,TRx (Adjusted),ACTEMRA BIOSIMILARS SQ TOTAL,PRODUCT,Y,2025-12-26,0.1951066291885951
SI Market + Oral,TRx (Adjusted),ACTEMRA BIOSIMILARS SQ TOTAL,PRODUCT,Y,2026-01-02,0.3051088554470756
SI Market + Oral,TRx (Adjusted),ACTEMRA BIOSIMILARS SQ TOTAL,PRODUCT,Y,2026-01-09,0.5003947785130103
SI Market + Oral,TRx (Adjusted),ACTEMRA BIOSIMILARS SQ TOTAL,PRODUCT,Y,2026-01-16,0.5792928177679794
SI Market + Oral,TRx (Adjusted),ACTEMRA BIOSIMILARS SQ TOTAL,PRODUCT,Y,2026-01-23,0.6499321569548276
SI Market + Oral,TRx (Adjusted),ACTEMRA BIOSIMILARS SQ TOTAL,PRODUCT,Y,2026-01-30,0.7508221591717632
SI Market + Oral,TRx (Adjusted),ACTEMRA BIOSIMILARS SQ TOTAL,PRODUCT,Y,2026-02-06,0.8061192624224641
SI Market + Oral,TRx (Adjusted),ACTEMRA BIOSIMILARS SQ TOTAL,PRODUCT,Y,2026-02-13,1.0197274282520528
SI Market + Oral,TRx (Adjusted),ACTEMRA BIOSIMILARS SQ TOTAL,PRODUCT,Y,2026-02-20,0.5079495328798073
SI Market + Oral,TRx (Adjusted),ACTEMRA BIOSIMILARS SQ TOTAL,PRODUCT,Y,2026-02-27,0.6556299668305053
SI Market + Oral,TRx (Adjusted),ACTEMRA BIOSIMILARS SQ TOTAL,PRODUCT,Y,2026-03-06,1.143495431927565
SI Market + Oral,TRx (Adjusted),ACTEMRA BIOSIMILARS SQ TOTAL,PRODUCT,Y,2026-03-13,0.532437282528459
SI Market + Oral,TRx (Adjusted),ACTEMRA BIOSIMILARS SQ TOTAL,PRODUCT,Y,2026-03-20,0.8885937725715362
SI Market + Oral,TRx (Adjusted),ACTEMRA BIOSIMILARS SQ TOTAL,PRODUCT,Y,2026-03-27,0.908812318375298
SI Market + Oral,TRx (Adjusted),ACTEMRA BIOSIMILARS SQ TOTAL,PRODUCT,Y,2026-04-03,0.3842505128302481
SI Market + Oral,TRx (Adjusted),ACTEMRA BIOSIMILARS SQ TOTAL,PRODUCT,Y,2026-04-10,0.7174286073120781
SI Market + Oral,TRx (Adjusted),ACTEMRA BIOSIMILARS SQ TOTAL,PRODUCT,Y,2026-04-17,0.6161997195811033
SI Market + Oral,TRx (Adjusted),ACTEMRA BIOSIMILARS SQ TOTAL,PRODUCT,Y,2026-04-24,0.4941231327851265
SI Market + Oral,TRx (Adjusted),ACTEMRA BIOSIMILARS SQ TOTAL,PRODUCT,Y,2026-05-01,0.8577830084154242
SI Market + Oral,TRx (Adjusted),ACTEMRA BIOSIMILARS SQ TOTAL,PRODUCT,Y,2026-05-08,0.6383196186246494
SI Market + Oral,TRx (Adjusted),ACTEMRA SQ,PRODUCT,Y,2024-05-03,0.8403564873906624
SI Market + Oral,TRx (Adjusted),ACTEMRA SQ,PRODUCT,Y,2024-05-10,1.1319790297455108
SI Market + Oral,TRx (Adjusted),ACTEMRA SQ,PRODUCT,Y,2024-05-17,0.8596652950837624
SI Market + Oral,TRx (Adjusted),ACTEMRA SQ,PRODUCT,Y,2024-05-24,0.5358714954660282
SI Market + Oral,TRx (Adjusted),ACTEMRA SQ,PRODUCT,Y,2024-05-31,0.4539695158313697
SI Market + Oral,TRx (Adjusted),ACTEMRA SQ,PRODUCT,Y,2024-06-07,0.4898569691752924
SI Market + Oral,TRx (Adjusted),ACTEMRA SQ,PRODUCT,Y,2024-06-14,0.3781208045546114
SI Market + Oral,TRx (Adjusted),ACTEMRA SQ,PRODUCT,Y,2024-06-21,0.8457925091282577
SI Market + Oral,TRx (Adjusted),ACTEMRA SQ,PRODUCT,Y,2024-06-28,0.5164786101114816
SI Market + Oral,TRx (Adjusted),ACTEMRA SQ,PRODUCT,Y,2024-07-05,0.2544436542492524
SI Market + Oral,TRx (Adjusted),ACTEMRA SQ,PRODUCT,Y,2024-07-12,0.92851339870287
SI Market + Oral,TRx (Adjusted),ACTEMRA SQ,PRODUCT,Y,2024-07-19,0.4747070385496695
SI Market + Oral,TRx (Adjusted),ACTEMRA SQ,PRODUCT,Y,2024-07-26,0.3435240810671856
SI Market + Oral,TRx (Adjusted),ACTEMRA SQ,PRODUCT,Y,2024-08-02,0.3085438973572378
SI Market + Oral,TRx (Adjusted),ACTEMRA SQ,PRODUCT,Y,2024-08-09,0.4814552915296597
SI Market + Oral,TRx (Adjusted),ACTEMRA SQ,PRODUCT,Y,2024-08-16,0.5743889090288531
SI Market + Oral,TRx (Adjusted),ACTEMRA SQ,PRODUCT,Y,2024-08-23,0.4249868424140635
SI Market + Oral,TRx (Adjusted),ACTEMRA SQ,PRODUCT,Y,2024-08-30,1.0144794173636855
SI Market + Oral,TRx (Adjusted),ACTEMRA SQ,PRODUCT,Y,2024-09-06,0.5571186741444838
SI Market + Oral,TRx (Adjusted),ACTEMRA SQ,PRODUCT,Y,2024-09-13,0.8013445100540555
SI Market + Oral,TRx (Adjusted),ACTEMRA SQ,PRODUCT,Y,2024-09-20,0.3305196347584637
SI Market + Oral,TRx (Adjusted),ACTEMRA SQ,PRODUCT,Y,2024-09-27,0.2282470762665434
SI Market + Oral,TRx (Adjusted),ACTEMRA SQ,PRODUCT,Y,2024-10-04,0.6985419085580076
SI Market + Oral,TRx (Adjusted),ACTEMRA SQ,PRODUCT,Y,2024-10-11,0.4313151632154965
SI Market + Oral,TRx (Adjusted),ACTEMRA SQ,PRODUCT,Y,2024-10-18,0.6016215922429834
SI Market + Oral,TRx (Adjusted),ACTEMRA SQ,PRODUCT,Y,2024-10-25,0.7064068089652267
SI Market + Oral,TRx (Adjusted),ACTEMRA SQ,PRODUCT,Y,2024-11-01,0.2773678825511113
SI Market + Oral,TRx (Adjusted),ACTEMRA SQ,PRODUCT,Y,2024-11-08,0.6649106985683593
SI Market + Oral,TRx (Adjusted),ACTEMRA SQ,PRODUCT,Y,2024-11-15,0.7193109445075947
SI Market + Oral,TRx (Adjusted),ACTEMRA SQ,PRODUCT,Y,2024-11-22,0.7031429577240336
SI Market + Oral,TRx (Adjusted),ACTEMRA SQ,PRODUCT,Y,2024-11-29,0.3921516686885273
SI Market + Oral,TRx (Adjusted),ACTEMRA SQ,PRODUCT,Y,2024-12-06,0.7134232633635683
SI Market + Oral,TRx (Adjusted),ACTEMRA SQ,PRODUCT,Y,2024-12-13,0.4351980029771661
SI Market + Oral,TRx (Adjusted),ACTEMRA SQ,PRODUCT,Y,2024-12-20,0.7220120986020429
SI Market + Oral,TRx (Adjusted),ACTEMRA SQ,PRODUCT,Y,2024-12-27,0.6691540990483696
SI Market + Oral,TRx (Adjusted),ACTEMRA SQ,PRODUCT,Y,2025-01-03,0.5339653335326672
SI Market + Oral,TRx (Adjusted),ACTEMRA SQ,PRODUCT,Y,2025-01-10,0.4168291902823128
SI Market + Oral,TRx (Adjusted),ACTEMRA SQ,PRODUCT,Y,2025-01-17,0.3309409132627434
SI Market + Oral,TRx (Adjusted),ACTEMRA SQ,PRODUCT,Y,2025-01-24,0.3481840335459635
SI Market + Oral,TRx (Adjusted),ACTEMRA SQ,PRODUCT,Y,2025-01-31,0.5583613611358064
SI Market + Oral,TRx (Adjusted),ACTEMRA SQ,PRODUCT,Y,2025-02-07,0.5590954532463633
SI Market + Oral,TRx (Adjusted),ACTEMRA SQ,PRODUCT,Y,2025-02-14,0.7498926305699513
SI Market + Oral,TRx (Adjusted),ACTEMRA SQ,PRODUCT,Y,2025-02-21,0.5715067437884185
SI Market + Oral,TRx (Adjusted),ACTEMRA SQ,PRODUCT,Y,2025-02-28,0.9531797673899676
SI Market + Oral,TRx (Adjusted),ACTEMRA SQ,PRODUCT,Y,2025-03-07,1.784283914942277
SI Market + Oral,TRx (Adjusted),ACTEMRA SQ,PRODUCT,Y,2025-03-14,0.9346431058718356
SI Market + Oral,TRx (Adjusted),ACTEMRA SQ,PRODUCT,Y,2025-03-21,1.0610443532133638
SI Market + Oral,TRx (Adjusted),ACTEMRA SQ,PRODUCT,Y,2025-03-28,1.436124031825762
SI Market + Oral,TRx (Adjusted),ACTEMRA SQ,PRODUCT,Y,2025-04-04,1.1576419947415764
SI Market + Oral,TRx (Adjusted),ACTEMRA SQ,PRODUCT,Y,2025-04-11,1.0384263179708375
SI Market + Oral,TRx (Adjusted),ACTEMRA SQ,PRODUCT,Y,2025-04-18,1.737485719633128
SI Market + Oral,TRx (Adjusted),ACTEMRA SQ,PRODUCT,Y,2025-04-25,2.0391612426332477
SI Market + Oral,TRx (Adjusted),ACTEMRA SQ,PRODUCT,Y,2025-05-02,1.7361557017827671
SI Market + Oral,TRx (Adjusted),ACTEMRA SQ,PRODUCT,Y,2025-05-09,2.31327670115176
SI Market + Oral,TRx (Adjusted),ACTEMRA SQ,PRODUCT,Y,2025-05-16,2.4350365304169785
SI Market + Oral,TRx (Adjusted),ACTEMRA SQ,PRODUCT,Y,2025-05-23,1.2312798670687508
SI Market + Oral,TRx (Adjusted),ACTEMRA SQ,PRODUCT,Y,2025-05-30,1.8428876295467087
SI Market + Oral,TRx (Adjusted),ACTEMRA SQ,PRODUCT,Y,2025-06-06,1.5598474170142616
SI Market + Oral,TRx (Adjusted),ACTEMRA SQ,PRODUCT,Y,2025-06-13,1.7336453663796294
SI Market + Oral,TRx (Adjusted),ACTEMRA SQ,PRODUCT,Y,2025-06-20,0.8945247274706206
SI Market + Oral,TRx (Adjusted),ACTEMRA SQ,PRODUCT,Y,2025-06-27,1.3886972915869429
SI Market + Oral,TRx (Adjusted),ACTEMRA SQ,PRODUCT,Y,2025-07-04,1.533683958127939
SI Market + Oral,TRx (Adjusted),ACTEMRA SQ,PRODUCT,Y,2025-07-11,1.043039026057315
SI Market + Oral,TRx (Adjusted),ACTEMRA SQ,PRODUCT,Y,2025-07-18,1.9754453754175605
SI Market + Oral,TRx (Adjusted),ACTEMRA SQ,PRODUCT,Y,2025-07-25,1.0503566853535289
SI Market + Oral,TRx (Adjusted),ACTEMRA SQ,PRODUCT,Y,2025-08-01,2.031267126246429
SI Market + Oral,TRx (Adjusted),ACTEMRA SQ,PRODUCT,Y,2025-08-08,1.559646232727241
SI Market + Oral,TRx (Adjusted),ACTEMRA SQ,PRODUCT,Y,2025-08-15,0.8785558909257803
SI Market + Oral,TRx (Adjusted),ACTEMRA SQ,PRODUCT,Y,2025-08-22,1.3467244349436238
SI Market + Oral,TRx (Adjusted),ACTEMRA SQ,PRODUCT,Y,2025-08-29,1.0710829216096087
SI Market + Oral,TRx (Adjusted),ACTEMRA SQ,PRODUCT,Y,2025-09-05,1.0816269720788694
SI Market + Oral,TRx (Adjusted),ACTEMRA SQ,PRODUCT,Y,2025-09-12,1.2583464857953712
SI Market + Oral,TRx (Adjusted),ACTEMRA SQ,PRODUCT,Y,2025-09-19,1.23633362793811
SI Market + Oral,TRx (Adjusted),ACTEMRA SQ,PRODUCT,Y,2025-09-26,0.4546902330487987
SI Market + Oral,TRx (Adjusted),ACTEMRA SQ,PRODUCT,Y,2025-10-03,0.7774225459748946
SI Market + Oral,TRx (Adjusted),ACTEMRA SQ,PRODUCT,Y,2025-10-10,1.1562196051195353
SI Market + Oral,TRx (Adjusted),ACTEMRA SQ,PRODUCT,Y,2025-10-17,0.8221242101614271
SI Market + Oral,TRx (Adjusted),ACTEMRA SQ,PRODUCT,Y,2025-10-24,1.0525355265653735
SI Market + Oral,TRx (Adjusted),ACTEMRA SQ,PRODUCT,Y,2025-10-31,0.3906663721106124
SI Market + Oral,TRx (Adjusted),ACTEMRA SQ,PRODUCT,Y,2025-11-07,0.920000435830519
SI Market + Oral,TRx (Adjusted),ACTEMRA SQ,PRODUCT,Y,2025-11-14,2.0790549861463954
SI Market + Oral,TRx (Adjusted),ACTEMRA SQ,PRODUCT,Y,2025-11-21,0.6267648581096168
SI Market + Oral,TRx (Adjusted),ACTEMRA SQ,PRODUCT,Y,2025-11-28,0.976995810832358
SI Market + Oral,TRx (Adjusted),ACTEMRA SQ,PRODUCT,Y,2025-12-05,2.52984575366416
SI Market + Oral,TRx (Adjusted),ACTEMRA SQ,PRODUCT,Y,2025-12-12,1.25226095562161
SI Market + Oral,TRx (Adjusted),ACTEMRA SQ,PRODUCT,Y,2025-12-19,1.8223368133366655
SI Market + Oral,TRx (Adjusted),ACTEMRA SQ,PRODUCT,Y,2025-12-26,1.1110577202010992
SI Market + Oral,TRx (Adjusted),ACTEMRA SQ,PRODUCT,Y,2026-01-02,1.8770672103189356
SI Market + Oral,TRx (Adjusted),ACTEMRA SQ,PRODUCT,Y,2026-01-09,3.568903712137945
SI Market + Oral,TRx (Adjusted),ACTEMRA SQ,PRODUCT,Y,2026-01-16,2.291438076142454
SI Market + Oral,TRx (Adjusted),ACTEMRA SQ,PRODUCT,Y,2026-01-23,1.3254797873179724
SI Market + Oral,TRx (Adjusted),ACTEMRA SQ,PRODUCT,Y,2026-01-30,1.6943727481396542
SI Market + Oral,TRx (Adjusted),ACTEMRA SQ,PRODUCT,Y,2026-02-06,2.025520120144496
SI Market + Oral,TRx (Adjusted),ACTEMRA SQ,PRODUCT,Y,2026-02-13,0.919267908353078
SI Market + Oral,TRx (Adjusted),ACTEMRA SQ,PRODUCT,Y,2026-02-20,1.1566514325546815
SI Market + Oral,TRx (Adjusted),ACTEMRA SQ,PRODUCT,Y,2026-02-27,0.7660545722677146
SI Market + Oral,TRx (Adjusted),ACTEMRA SQ,PRODUCT,Y,2026-03-06,2.236142292246672
SI Market + Oral,TRx (Adjusted),ACTEMRA SQ,PRODUCT,Y,2026-03-13,1.2098912329646323
SI Market + Oral,TRx (Adjusted),ACTEMRA SQ,PRODUCT,Y,2026-03-20,1.6238048311040063
SI Market + Oral,TRx (Adjusted),ACTEMRA SQ,PRODUCT,Y,2026-03-27,1.2471181302561576
SI Market + Oral,TRx (Adjusted),ACTEMRA SQ,PRODUCT,Y,2026-04-03,1.460835588677125
SI Market + Oral,TRx (Adjusted),ACTEMRA SQ,PRODUCT,Y,2026-04-10,1.441944666884007
SI Market + Oral,TRx (Adjusted),ACTEMRA SQ,PRODUCT,Y,2026-04-17,1.2593722906913272
SI Market + Oral,TRx (Adjusted),ACTEMRA SQ,PRODUCT,Y,2026-04-24,1.7070441954137292
SI Market + Oral,TRx (Adjusted),ACTEMRA SQ,PRODUCT,Y,2026-05-01,0.6894883092173694
SI Market + Oral,TRx (Adjusted),ACTEMRA SQ,PRODUCT,Y,2026-05-08,1.394607281525062
SI Market + Oral,TRx (Adjusted),BIMZELX,PRODUCT,Y,2024-05-03,1.3393946190288482
SI Market + Oral,TRx (Adjusted),BIMZELX,PRODUCT,Y,2024-05-10,0.7581285286742141
SI Market + Oral,TRx (Adjusted),BIMZELX,PRODUCT,Y,2024-05-17,0.9367023869094296
SI Market + Oral,TRx (Adjusted),BIMZELX,PRODUCT,Y,2024-05-24,0.5265783481975763
SI Market + Oral,TRx (Adjusted),BIMZELX,PRODUCT,Y,2024-05-31,0.0
SI Market + Oral,TRx (Adjusted),BIMZELX,PRODUCT,Y,2024-06-07,0.0
SI Market + Oral,TRx (Adjusted),BIMZELX,PRODUCT,Y,2024-06-14,0.0
SI Market + Oral,TRx (Adjusted),BIMZELX,PRODUCT,Y,2024-06-21,0.0
SI Market + Oral,TRx (Adjusted),BIMZELX,PRODUCT,Y,2024-06-28,0.0
SI Market + Oral,TRx (Adjusted),BIMZELX,PRODUCT,Y,2024-07-05,0.0
SI Market + Oral,TRx (Adjusted),BIMZELX,PRODUCT,Y,2024-07-12,0.0
SI Market + Oral,TRx (Adjusted),BIMZELX,PRODUCT,Y,2024-07-19,0.0
SI Market + Oral,TRx (Adjusted),BIMZELX,PRODUCT,Y,2024-07-26,0.0
SI Market + Oral,TRx (Adjusted),BIMZELX,PRODUCT,Y,2024-08-02,0.0
SI Market + Oral,TRx (Adjusted),BIMZELX,PRODUCT,Y,2024-08-09,0.0
SI Market + Oral,TRx (Adjusted),BIMZELX,PRODUCT,Y,2024-08-16,0.0
SI Market + Oral,TRx (Adjusted),BIMZELX,PRODUCT,Y,2024-08-23,0.0
SI Market + Oral,TRx (Adjusted),BIMZELX,PRODUCT,Y,2024-08-30,0.0
SI Market + Oral,TRx (Adjusted),BIMZELX,PRODUCT,Y,2024-09-06,0.0
SI Market + Oral,TRx (Adjusted),BIMZELX,PRODUCT,Y,2024-09-13,0.0
SI Market + Oral,TRx (Adjusted),BIMZELX,PRODUCT,Y,2024-09-20,0.0
SI Market + Oral,TRx (Adjusted),BIMZELX,PRODUCT,Y,2024-09-27,0.0
SI Market + Oral,TRx (Adjusted),BIMZELX,PRODUCT,Y,2024-10-04,0.0
SI Market + Oral,TRx (Adjusted),BIMZELX,PRODUCT,Y,2024-10-11,0.0
SI Market + Oral,TRx (Adjusted),BIMZELX,PRODUCT,Y,2024-10-18,0.0
SI Market + Oral,TRx (Adjusted),BIMZELX,PRODUCT,Y,2024-10-25,0.0
SI Market + Oral,TRx (Adjusted),BIMZELX,PRODUCT,Y,2024-11-01,0.0
SI Market + Oral,TRx (Adjusted),BIMZELX,PRODUCT,Y,2024-11-08,0.0
SI Market + Oral,TRx (Adjusted),BIMZELX,PRODUCT,Y,2024-11-15,0.0
SI Market + Oral,TRx (Adjusted),BIMZELX,PRODUCT,Y,2024-11-22,0.0
SI Market + Oral,TRx (Adjusted),BIMZELX,PRODUCT,Y,2024-11-29,0.0
SI Market + Oral,TRx (Adjusted),BIMZELX,PRODUCT,Y,2024-12-06,0.0
SI Market + Oral,TRx (Adjusted),BIMZELX,PRODUCT,Y,2024-12-13,0.0
SI Market + Oral,TRx (Adjusted),BIMZELX,PRODUCT,Y,2024-12-20,0.0
SI Market + Oral,TRx (Adjusted),BIMZELX,PRODUCT,Y,2024-12-27,0.0
SI Market + Oral,TRx (Adjusted),BIMZELX,PRODUCT,Y,2025-01-03,0.0
SI Market + Oral,TRx (Adjusted),BIMZELX,PRODUCT,Y,2025-01-10,0.0
SI Market + Oral,TRx (Adjusted),BIMZELX,PRODUCT,Y,2025-01-17,0.0
SI Market + Oral,TRx (Adjusted),BIMZELX,PRODUCT,Y,2025-01-24,0.0
SI Market + Oral,TRx (Adjusted),BIMZELX,PRODUCT,Y,2025-01-31,0.0
SI Market + Oral,TRx (Adjusted),BIMZELX,PRODUCT,Y,2025-02-07,0.0
SI Market + Oral,TRx (Adjusted),BIMZELX,PRODUCT,Y,2025-02-14,0.0
SI Market + Oral,TRx (Adjusted),BIMZELX,PRODUCT,Y,2025-02-21,0.0
SI Market + Oral,TRx (Adjusted),BIMZELX,PRODUCT,Y,2025-02-28,0.0
SI Market + Oral,TRx (Adjusted),BIMZELX,PRODUCT,Y,2025-03-07,0.0
SI Market + Oral,TRx (Adjusted),BIMZELX,PRODUCT,Y,2025-03-14,0.0
SI Market + Oral,TRx (Adjusted),BIMZELX,PRODUCT,Y,2025-03-21,0.0
SI Market + Oral,TRx (Adjusted),BIMZELX,PRODUCT,Y,2025-03-28,0.0
SI Market + Oral,TRx (Adjusted),BIMZELX,PRODUCT,Y,2025-04-04,0.0
SI Market + Oral,TRx (Adjusted),BIMZELX,PRODUCT,Y,2025-04-11,0.0
SI Market + Oral,TRx (Adjusted),BIMZELX,PRODUCT,Y,2025-04-18,0.0
SI Market + Oral,TRx (Adjusted),BIMZELX,PRODUCT,Y,2025-04-25,0.0
SI Market + Oral,TRx (Adjusted),BIMZELX,PRODUCT,Y,2025-05-02,0.0
SI Market + Oral,TRx (Adjusted),BIMZELX,PRODUCT,Y,2025-05-09,0.0
SI Market + Oral,TRx (Adjusted),BIMZELX,PRODUCT,Y,2025-05-16,0.0
SI Market + Oral,TRx (Adjusted),BIMZELX,PRODUCT,Y,2025-05-23,0.0
SI Market + Oral,TRx (Adjusted),BIMZELX,PRODUCT,Y,2025-05-30,0.0
SI Market + Oral,TRx (Adjusted),BIMZELX,PRODUCT,Y,2025-06-06,0.0
SI Market + Oral,TRx (Adjusted),BIMZELX,PRODUCT,Y,2025-06-13,0.0
SI Market + Oral,TRx (Adjusted),BIMZELX,PRODUCT,Y,2025-06-20,0.0
SI Market + Oral,TRx (Adjusted),BIMZELX,PRODUCT,Y,2025-06-27,0.0
SI Market + Oral,TRx (Adjusted),BIMZELX,PRODUCT,Y,2025-07-04,0.0
SI Market + Oral,TRx (Adjusted),BIMZELX,PRODUCT,Y,2025-07-11,0.2771561511167358
SI Market + Oral,TRx (Adjusted),BIMZELX,PRODUCT,Y,2025-07-18,0.5091563830802128
SI Market + Oral,TRx (Adjusted),BIMZELX,PRODUCT,Y,2025-07-25,0.330001608675379
SI Market + Oral,TRx (Adjusted),BIMZELX,PRODUCT,Y,2025-08-01,0.2892312526820189
SI Market + Oral,TRx (Adjusted),BIMZELX,PRODUCT,Y,2025-08-08,0.7659030232132016
SI Market + Oral,TRx (Adjusted),BIMZELX,PRODUCT,Y,2025-08-15,0.8325400225416019
SI Market + Oral,TRx (Adjusted),BIMZELX,PRODUCT,Y,2025-08-22,0.4601984423982538
SI Market + Oral,TRx (Adjusted),BIMZELX,PRODUCT,Y,2025-08-29,0.6197760511543836
SI Market + Oral,TRx (Adjusted),BIMZELX,PRODUCT,Y,2025-09-05,0.7316056105783554
SI Market + Oral,TRx (Adjusted),BIMZELX,PRODUCT,Y,2025-09-12,1.3180722607527144
SI Market + Oral,TRx (Adjusted),BIMZELX,PRODUCT,Y,2025-09-19,0.4703602806529451
SI Market + Oral,TRx (Adjusted),BIMZELX,PRODUCT,Y,2025-09-26,0.8305948598311922
SI Market + Oral,TRx (Adjusted),BIMZELX,PRODUCT,Y,2025-10-03,0.8675322112071314
SI Market + Oral,TRx (Adjusted),BIMZELX,PRODUCT,Y,2025-10-10,0.903335567693007
SI Market + Oral,TRx (Adjusted),BIMZELX,PRODUCT,Y,2025-10-17,0.9369309350950976
SI Market + Oral,TRx (Adjusted),BIMZELX,PRODUCT,Y,2025-10-24,0.6082640595682082
SI Market + Oral,TRx (Adjusted),BIMZELX,PRODUCT,Y,2025-10-31,1.5221529544844774
SI Market + Oral,TRx (Adjusted),BIMZELX,PRODUCT,Y,2025-11-07,0.9784262045072776
SI Market + Oral,TRx (Adjusted),BIMZELX,PRODUCT,Y,2025-11-14,0.7017388204994187
SI Market + Oral,TRx (Adjusted),BIMZELX,PRODUCT,Y,2025-11-21,0.7996410039422224
SI Market + Oral,TRx (Adjusted),BIMZELX,PRODUCT,Y,2025-11-28,0.3511542897866374
SI Market + Oral,TRx (Adjusted),BIMZELX,PRODUCT,Y,2025-12-05,0.6068984072906478
SI Market + Oral,TRx (Adjusted),BIMZELX,PRODUCT,Y,2025-12-12,0.813964954993029
SI Market + Oral,TRx (Adjusted),BIMZELX,PRODUCT,Y,2025-12-19,1.5260013707297213
SI Market + Oral,TRx (Adjusted),BIMZELX,PRODUCT,Y,2025-12-26,0.7149461990487281
SI Market + Oral,TRx (Adjusted),BIMZELX,PRODUCT,Y,2026-01-02,0.4707608382289739
SI Market + Oral,TRx (Adjusted),BIMZELX,PRODUCT,Y,2026-01-09,2.0461176924677584
SI Market + Oral,TRx (Adjusted),BIMZELX,PRODUCT,Y,2026-01-16,1.4592523835656332
SI Market + Oral,TRx (Adjusted),BIMZELX,PRODUCT,Y,2026-01-23,2.652536837439246
SI Market + Oral,TRx (Adjusted),BIMZELX,PRODUCT,Y,2026-01-30,0.7656501842963197
SI Market + Oral,TRx (Adjusted),BIMZELX,PRODUCT,Y,2026-02-06,2.8149851134746053
SI Market + Oral,TRx (Adjusted),BIMZELX,PRODUCT,Y,2026-02-13,1.867758176730776
SI Market + Oral,TRx (Adjusted),BIMZELX,PRODUCT,Y,2026-02-20,2.8324549098852976
SI Market + Oral,TRx (Adjusted),BIMZELX,PRODUCT,Y,2026-02-27,2.4830128515901326
SI Market + Oral,TRx (Adjusted),BIMZELX,PRODUCT,Y,2026-03-06,6.142239390518719
SI Market + Oral,TRx (Adjusted),BIMZELX,PRODUCT,Y,2026-03-13,3.339961157666843
SI Market + Oral,TRx (Adjusted),BIMZELX,PRODUCT,Y,2026-03-20,4.964322759111632
SI Market + Oral,TRx (Adjusted),BIMZELX,PRODUCT,Y,2026-03-27,3.885142238192176
SI Market + Oral,TRx (Adjusted),BIMZELX,PRODUCT,Y,2026-04-03,6.344681739458022
SI Market + Oral,TRx (Adjusted),BIMZELX,PRODUCT,Y,2026-04-10,4.421389844276644
SI Market + Oral,TRx (Adjusted),BIMZELX,PRODUCT,Y,2026-04-17,5.490999762210329
SI Market + Oral,TRx (Adjusted),BIMZELX,PRODUCT,Y,2026-04-24,3.2636968369344883
SI Market + Oral,TRx (Adjusted),BIMZELX,PRODUCT,Y,2026-05-01,3.8296049666178864
SI Market + Oral,TRx (Adjusted),BIMZELX,PRODUCT,Y,2026-05-08,4.151939566557802
SI Market + Oral,TRx (Adjusted),COSENTYX SQ,PRODUCT,Y,2024-05-03,1.9982306322468697
SI Market + Oral,TRx (Adjusted),COSENTYX SQ,PRODUCT,Y,2024-05-10,3.8543384008090977
SI Market + Oral,TRx (Adjusted),COSENTYX SQ,PRODUCT,Y,2024-05-17,4.920764119101654
SI Market + Oral,TRx (Adjusted),COSENTYX SQ,PRODUCT,Y,2024-05-24,4.0078674946644
SI Market + Oral,TRx (Adjusted),COSENTYX SQ,PRODUCT,Y,2024-05-31,4.527829002198748
SI Market + Oral,TRx (Adjusted),COSENTYX SQ,PRODUCT,Y,2024-06-07,4.327890745974283
SI Market + Oral,TRx (Adjusted),COSENTYX SQ,PRODUCT,Y,2024-06-14,6.969678593191785
SI Market + Oral,TRx (Adjusted),COSENTYX SQ,PRODUCT,Y,2024-06-21,7.5396584421211985
SI Market + Oral,TRx (Adjusted),COSENTYX SQ,PRODUCT,Y,2024-06-28,3.47873004250213
SI Market + Oral,TRx (Adjusted),COSENTYX SQ,PRODUCT,Y,2024-07-05,5.557406391999203
SI Market + Oral,TRx (Adjusted),COSENTYX SQ,PRODUCT,Y,2024-07-12,6.954282199108341
SI Market + Oral,TRx (Adjusted),COSENTYX SQ,PRODUCT,Y,2024-07-19,5.42266139509013
SI Market + Oral,TRx (Adjusted),COSENTYX SQ,PRODUCT,Y,2024-07-26,6.333327359103263
SI Market + Oral,TRx (Adjusted),COSENTYX SQ,PRODUCT,Y,2024-08-02,10.785061794359612
SI Market + Oral,TRx (Adjusted),COSENTYX SQ,PRODUCT,Y,2024-08-09,9.070884008506445
SI Market + Oral,TRx (Adjusted),COSENTYX SQ,PRODUCT,Y,2024-08-16,10.006538992841216
SI Market + Oral,TRx (Adjusted),COSENTYX SQ,PRODUCT,Y,2024-08-23,9.460871654663451
SI Market + Oral,TRx (Adjusted),COSENTYX SQ,PRODUCT,Y,2024-08-30,4.4454215074207575
SI Market + Oral,TRx (Adjusted),COSENTYX SQ,PRODUCT,Y,2024-09-06,4.626592085546627
SI Market + Oral,TRx (Adjusted),COSENTYX SQ,PRODUCT,Y,2024-09-13,6.701628499264476
SI Market + Oral,TRx (Adjusted),COSENTYX SQ,PRODUCT,Y,2024-09-20,7.19330635077224
SI Market + Oral,TRx (Adjusted),COSENTYX SQ,PRODUCT,Y,2024-09-27,5.492003111333106
SI Market + Oral,TRx (Adjusted),COSENTYX SQ,PRODUCT,Y,2024-10-04,4.4072205433694975
SI Market + Oral,TRx (Adjusted),COSENTYX SQ,PRODUCT,Y,2024-10-11,3.135598391486208
SI Market + Oral,TRx (Adjusted),COSENTYX SQ,PRODUCT,Y,2024-10-18,7.834522323862552
SI Market + Oral,TRx (Adjusted),COSENTYX SQ,PRODUCT,Y,2024-10-25,3.983801973485997
SI Market + Oral,TRx (Adjusted),COSENTYX SQ,PRODUCT,Y,2024-11-01,4.374264312722903
SI Market + Oral,TRx (Adjusted),COSENTYX SQ,PRODUCT,Y,2024-11-08,2.616007639711952
SI Market + Oral,TRx (Adjusted),COSENTYX SQ,PRODUCT,Y,2024-11-15,3.4392437572745447
SI Market + Oral,TRx (Adjusted),COSENTYX SQ,PRODUCT,Y,2024-11-22,5.9228807726580825
SI Market + Oral,TRx (Adjusted),COSENTYX SQ,PRODUCT,Y,2024-11-29,3.719832693250688
SI Market + Oral,TRx (Adjusted),COSENTYX SQ,PRODUCT,Y,2024-12-06,4.455925133442832
SI Market + Oral,TRx (Adjusted),COSENTYX SQ,PRODUCT,Y,2024-12-13,5.010862397497035
SI Market + Oral,TRx (Adjusted),COSENTYX SQ,PRODUCT,Y,2024-12-20,5.9455616450143625
SI Market + Oral,TRx (Adjusted),COSENTYX SQ,PRODUCT,Y,2024-12-27,1.7414888986607384
SI Market + Oral,TRx (Adjusted),COSENTYX SQ,PRODUCT,Y,2025-01-03,2.9125165602394225
SI Market + Oral,TRx (Adjusted),COSENTYX SQ,PRODUCT,Y,2025-01-10,2.7050183644578776
SI Market + Oral,TRx (Adjusted),COSENTYX SQ,PRODUCT,Y,2025-01-17,4.100103496071531
SI Market + Oral,TRx (Adjusted),COSENTYX SQ,PRODUCT,Y,2025-01-24,3.162606264181709
SI Market + Oral,TRx (Adjusted),COSENTYX SQ,PRODUCT,Y,2025-01-31,2.019377917883828
SI Market + Oral,TRx (Adjusted),COSENTYX SQ,PRODUCT,Y,2025-02-07,1.949395784030958
SI Market + Oral,TRx (Adjusted),COSENTYX SQ,PRODUCT,Y,2025-02-14,3.0634392562477752
SI Market + Oral,TRx (Adjusted),COSENTYX SQ,PRODUCT,Y,2025-02-21,1.1859727447472237
SI Market + Oral,TRx (Adjusted),COSENTYX SQ,PRODUCT,Y,2025-02-28,3.648881541280812
SI Market + Oral,TRx (Adjusted),COSENTYX SQ,PRODUCT,Y,2025-03-07,1.4694070300996922
SI Market + Oral,TRx (Adjusted),COSENTYX SQ,PRODUCT,Y,2025-03-14,1.893124867297757
SI Market + Oral,TRx (Adjusted),COSENTYX SQ,PRODUCT,Y,2025-03-21,2.1042497244193616
SI Market + Oral,TRx (Adjusted),COSENTYX SQ,PRODUCT,Y,2025-03-28,2.67136586717546
SI Market + Oral,TRx (Adjusted),COSENTYX SQ,PRODUCT,Y,2025-04-04,1.4076838907592228
SI Market + Oral,TRx (Adjusted),COSENTYX SQ,PRODUCT,Y,2025-04-11,2.750993852115249
SI Market + Oral,TRx (Adjusted),COSENTYX SQ,PRODUCT,Y,2025-04-18,2.735769333247579
SI Market + Oral,TRx (Adjusted),COSENTYX SQ,PRODUCT,Y,2025-04-25,1.3459858765161186
SI Market + Oral,TRx (Adjusted),COSENTYX SQ,PRODUCT,Y,2025-05-02,1.2623288272266426
SI Market + Oral,TRx (Adjusted),COSENTYX SQ,PRODUCT,Y,2025-05-09,2.650087876695299
SI Market + Oral,TRx (Adjusted),COSENTYX SQ,PRODUCT,Y,2025-05-16,2.7072200924069376
SI Market + Oral,TRx (Adjusted),COSENTYX SQ,PRODUCT,Y,2025-05-23,1.3764206114975996
SI Market + Oral,TRx (Adjusted),COSENTYX SQ,PRODUCT,Y,2025-05-30,1.5282945986373888
SI Market + Oral,TRx (Adjusted),COSENTYX SQ,PRODUCT,Y,2025-06-06,2.458647151609076
SI Market + Oral,TRx (Adjusted),COSENTYX SQ,PRODUCT,Y,2025-06-13,2.4330988706202628
SI Market + Oral,TRx (Adjusted),COSENTYX SQ,PRODUCT,Y,2025-06-20,2.271816910805623
SI Market + Oral,TRx (Adjusted),COSENTYX SQ,PRODUCT,Y,2025-06-27,4.836766406525555
SI Market + Oral,TRx (Adjusted),COSENTYX SQ,PRODUCT,Y,2025-07-04,2.559186456707008
SI Market + Oral,TRx (Adjusted),COSENTYX SQ,PRODUCT,Y,2025-07-11,1.7451464739231524
SI Market + Oral,TRx (Adjusted),COSENTYX SQ,PRODUCT,Y,2025-07-18,1.8795834739607915
SI Market + Oral,TRx (Adjusted),COSENTYX SQ,PRODUCT,Y,2025-07-25,1.6248965313461443
SI Market + Oral,TRx (Adjusted),COSENTYX SQ,PRODUCT,Y,2025-08-01,1.8014103007437865
SI Market + Oral,TRx (Adjusted),COSENTYX SQ,PRODUCT,Y,2025-08-08,0.8626241871923371
SI Market + Oral,TRx (Adjusted),COSENTYX SQ,PRODUCT,Y,2025-08-15,1.63689914626595
SI Market + Oral,TRx (Adjusted),COSENTYX SQ,PRODUCT,Y,2025-08-22,2.251971167215108
SI Market + Oral,TRx (Adjusted),COSENTYX SQ,PRODUCT,Y,2025-08-29,0.7874567414953257
SI Market + Oral,TRx (Adjusted),COSENTYX SQ,PRODUCT,Y,2025-09-05,0.6787834950895637
SI Market + Oral,TRx (Adjusted),COSENTYX SQ,PRODUCT,Y,2025-09-12,1.3618330316583491
SI Market + Oral,TRx (Adjusted),COSENTYX SQ,PRODUCT,Y,2025-09-19,1.3766468516584192
SI Market + Oral,TRx (Adjusted),COSENTYX SQ,PRODUCT,Y,2025-09-26,1.5247211296673664
SI Market + Oral,TRx (Adjusted),COSENTYX SQ,PRODUCT,Y,2025-10-03,1.8118351213075927
SI Market + Oral,TRx (Adjusted),COSENTYX SQ,PRODUCT,Y,2025-10-10,0.9204924033826783
SI Market + Oral,TRx (Adjusted),COSENTYX SQ,PRODUCT,Y,2025-10-17,0.5461766505817455
SI Market + Oral,TRx (Adjusted),COSENTYX SQ,PRODUCT,Y,2025-10-24,0.8630072111289313
SI Market + Oral,TRx (Adjusted),COSENTYX SQ,PRODUCT,Y,2025-10-31,1.0461967773795708
SI Market + Oral,TRx (Adjusted),COSENTYX SQ,PRODUCT,Y,2025-11-07,0.4409054522024251
SI Market + Oral,TRx (Adjusted),COSENTYX SQ,PRODUCT,Y,2025-11-14,0.3172046800338048
SI Market + Oral,TRx (Adjusted),COSENTYX SQ,PRODUCT,Y,2025-11-21,0.5485885775511311
SI Market + Oral,TRx (Adjusted),COSENTYX SQ,PRODUCT,Y,2025-11-28,0.5714259756571122
SI Market + Oral,TRx (Adjusted),COSENTYX SQ,PRODUCT,Y,2025-12-05,0.3023735245794988
SI Market + Oral,TRx (Adjusted),COSENTYX SQ,PRODUCT,Y,2025-12-12,0.2457767828681327
SI Market + Oral,TRx (Adjusted),COSENTYX SQ,PRODUCT,Y,2025-12-19,0.4604738299035402
SI Market + Oral,TRx (Adjusted),COSENTYX SQ,PRODUCT,Y,2025-12-26,0.4054782829670035
SI Market + Oral,TRx (Adjusted),COSENTYX SQ,PRODUCT,Y,2026-01-02,0.2295198909747831
SI Market + Oral,TRx (Adjusted),COSENTYX SQ,PRODUCT,Y,2026-01-09,0.0
SI Market + Oral,TRx (Adjusted),COSENTYX SQ,PRODUCT,Y,2026-01-16,0.0
SI Market + Oral,TRx (Adjusted),COSENTYX SQ,PRODUCT,Y,2026-01-23,0.0
SI Market + Oral,TRx (Adjusted),COSENTYX SQ,PRODUCT,Y,2026-01-30,0.0
SI Market + Oral,TRx (Adjusted),COSENTYX SQ,PRODUCT,Y,2026-02-06,0.1407270887575666
SI Market + Oral,TRx (Adjusted),COSENTYX SQ,PRODUCT,Y,2026-02-13,0.3569859203117302
SI Market + Oral,TRx (Adjusted),COSENTYX SQ,PRODUCT,Y,2026-02-20,0.4244350567640289
SI Market + Oral,TRx (Adjusted),COSENTYX SQ,PRODUCT,Y,2026-02-27,0.5882867349444078
SI Market + Oral,TRx (Adjusted),COSENTYX SQ,PRODUCT,Y,2026-03-06,1.3488710428026065
SI Market + Oral,TRx (Adjusted),COSENTYX SQ,PRODUCT,Y,2026-03-13,0.8154190603148905
SI Market + Oral,TRx (Adjusted),COSENTYX SQ,PRODUCT,Y,2026-03-20,0.4696501647291407
SI Market + Oral,TRx (Adjusted),COSENTYX SQ,PRODUCT,Y,2026-03-27,1.195893704357789
SI Market + Oral,TRx (Adjusted),COSENTYX SQ,PRODUCT,Y,2026-04-03,0.6862510312506689
SI Market + Oral,TRx (Adjusted),COSENTYX SQ,PRODUCT,Y,2026-04-10,0.8603092016919955
SI Market + Oral,TRx (Adjusted),COSENTYX SQ,PRODUCT,Y,2026-04-17,0.6523375395863338
SI Market + Oral,TRx (Adjusted),COSENTYX SQ,PRODUCT,Y,2026-04-24,0.8098543438204402
SI Market + Oral,TRx (Adjusted),COSENTYX SQ,PRODUCT,Y,2026-05-01,0.3920899956146972
SI Market + Oral,TRx (Adjusted),COSENTYX SQ,PRODUCT,Y,2026-05-08,1.1918936418755774
SI Market + Oral,TRx (Adjusted),ENBREL,PRODUCT,Y,2024-05-03,13.092374334488364
SI Market + Oral,TRx (Adjusted),ENBREL,PRODUCT,Y,2024-05-10,20.06511284711892
SI Market + Oral,TRx (Adjusted),ENBREL,PRODUCT,Y,2024-05-17,31.3253681632636
SI Market + Oral,TRx (Adjusted),ENBREL,PRODUCT,Y,2024-05-24,18.86370433151018
SI Market + Oral,TRx (Adjusted),ENBREL,PRODUCT,Y,2024-05-31,17.778919700428407
SI Market + Oral,TRx (Adjusted),ENBREL,PRODUCT,Y,2024-06-07,19.51765978937913
SI Market + Oral,TRx (Adjusted),ENBREL,PRODUCT,Y,2024-06-14,27.225130739701097
SI Market + Oral,TRx (Adjusted),ENBREL,PRODUCT,Y,2024-06-21,30.167056165741883
SI Market + Oral,TRx (Adjusted),ENBREL,PRODUCT,Y,2024-06-28,16.79705847884102
SI Market + Oral,TRx (Adjusted),ENBREL,PRODUCT,Y,2024-07-05,12.325448459822228
SI Market + Oral,TRx (Adjusted),ENBREL,PRODUCT,Y,2024-07-12,14.554890807649162
SI Market + Oral,TRx (Adjusted),ENBREL,PRODUCT,Y,2024-07-19,16.80789332975227
SI Market + Oral,TRx (Adjusted),ENBREL,PRODUCT,Y,2024-07-26,34.9883762623621
SI Market + Oral,TRx (Adjusted),ENBREL,PRODUCT,Y,2024-08-02,26.629594840625465
SI Market + Oral,TRx (Adjusted),ENBREL,PRODUCT,Y,2024-08-09,14.397317219889052
SI Market + Oral,TRx (Adjusted),ENBREL,PRODUCT,Y,2024-08-16,34.8788254637302
SI Market + Oral,TRx (Adjusted),ENBREL,PRODUCT,Y,2024-08-23,16.378474591213397
SI Market + Oral,TRx (Adjusted),ENBREL,PRODUCT,Y,2024-08-30,24.161342273189863
SI Market + Oral,TRx (Adjusted),ENBREL,PRODUCT,Y,2024-09-06,14.382028803857292
SI Market + Oral,TRx (Adjusted),ENBREL,PRODUCT,Y,2024-09-13,21.61394698893879
SI Market + Oral,TRx (Adjusted),ENBREL,PRODUCT,Y,2024-09-20,34.48725318206649
SI Market + Oral,TRx (Adjusted),ENBREL,PRODUCT,Y,2024-09-27,17.42314564221696
SI Market + Oral,TRx (Adjusted),ENBREL,PRODUCT,Y,2024-10-04,25.25174493274125
SI Market + Oral,TRx (Adjusted),ENBREL,PRODUCT,Y,2024-10-11,31.799086463501173
SI Market + Oral,TRx (Adjusted),ENBREL,PRODUCT,Y,2024-10-18,16.520308887076606
SI Market + Oral,TRx (Adjusted),ENBREL,PRODUCT,Y,2024-10-25,9.04442555848309
SI Market + Oral,TRx (Adjusted),ENBREL,PRODUCT,Y,2024-11-01,21.242168523304677
SI Market + Oral,TRx (Adjusted),ENBREL,PRODUCT,Y,2024-11-08,18.66857250908484
SI Market + Oral,TRx (Adjusted),ENBREL,PRODUCT,Y,2024-11-15,10.300098324106244
SI Market + Oral,TRx (Adjusted),ENBREL,PRODUCT,Y,2024-11-22,16.868925275781553
SI Market + Oral,TRx (Adjusted),ENBREL,PRODUCT,Y,2024-11-29,18.575780871886728
SI Market + Oral,TRx (Adjusted),ENBREL,PRODUCT,Y,2024-12-06,17.11368610689122
SI Market + Oral,TRx (Adjusted),ENBREL,PRODUCT,Y,2024-12-13,19.82750471820505
SI Market + Oral,TRx (Adjusted),ENBREL,PRODUCT,Y,2024-12-20,29.5255030048884
SI Market + Oral,TRx (Adjusted),ENBREL,PRODUCT,Y,2024-12-27,17.367761076014265
SI Market + Oral,TRx (Adjusted),ENBREL,PRODUCT,Y,2025-01-03,17.902848271203716
SI Market + Oral,TRx (Adjusted),ENBREL,PRODUCT,Y,2025-01-10,15.41156578206252
SI Market + Oral,TRx (Adjusted),ENBREL,PRODUCT,Y,2025-01-17,24.221199181904964
SI Market + Oral,TRx (Adjusted),ENBREL,PRODUCT,Y,2025-01-24,20.77053347016321
SI Market + Oral,TRx (Adjusted),ENBREL,PRODUCT,Y,2025-01-31,15.08435137732896
SI Market + Oral,TRx (Adjusted),ENBREL,PRODUCT,Y,2025-02-07,25.493890002154966
SI Market + Oral,TRx (Adjusted),ENBREL,PRODUCT,Y,2025-02-14,18.13791677413581
SI Market + Oral,TRx (Adjusted),ENBREL,PRODUCT,Y,2025-02-21,10.412195864291746
SI Market + Oral,TRx (Adjusted),ENBREL,PRODUCT,Y,2025-02-28,11.313624940421423
SI Market + Oral,TRx (Adjusted),ENBREL,PRODUCT,Y,2025-03-07,27.46907669521357
SI Market + Oral,TRx (Adjusted),ENBREL,PRODUCT,Y,2025-03-14,10.585192463184647
SI Market + Oral,TRx (Adjusted),ENBREL,PRODUCT,Y,2025-03-21,15.56790117575365
SI Market + Oral,TRx (Adjusted),ENBREL,PRODUCT,Y,2025-03-28,14.119692881210996
SI Market + Oral,TRx (Adjusted),ENBREL,PRODUCT,Y,2025-04-04,15.942259685492385
SI Market + Oral,TRx (Adjusted),ENBREL,PRODUCT,Y,2025-04-11,14.874461650674592
SI Market + Oral,TRx (Adjusted),ENBREL,PRODUCT,Y,2025-04-18,15.921446110972935
SI Market + Oral,TRx (Adjusted),ENBREL,PRODUCT,Y,2025-04-25,15.441904169839344
SI Market + Oral,TRx (Adjusted),ENBREL,PRODUCT,Y,2025-05-02,8.52676987771775
SI Market + Oral,TRx (Adjusted),ENBREL,PRODUCT,Y,2025-05-09,20.46559790347015
SI Market + Oral,TRx (Adjusted),ENBREL,PRODUCT,Y,2025-05-16,13.372388159366768
SI Market + Oral,TRx (Adjusted),ENBREL,PRODUCT,Y,2025-05-23,18.29916840335984
SI Market + Oral,TRx (Adjusted),ENBREL,PRODUCT,Y,2025-05-30,10.365138298588803
SI Market + Oral,TRx (Adjusted),ENBREL,PRODUCT,Y,2025-06-06,12.179115705773164
SI Market + Oral,TRx (Adjusted),ENBREL,PRODUCT,Y,2025-06-13,14.705384359856351
SI Market + Oral,TRx (Adjusted),ENBREL,PRODUCT,Y,2025-06-20,13.912569089886013
SI Market + Oral,TRx (Adjusted),ENBREL,PRODUCT,Y,2025-06-27,14.204329309528788
SI Market + Oral,TRx (Adjusted),ENBREL,PRODUCT,Y,2025-07-04,19.43016110800382
SI Market + Oral,TRx (Adjusted),ENBREL,PRODUCT,Y,2025-07-11,15.264058950585817
SI Market + Oral,TRx (Adjusted),ENBREL,PRODUCT,Y,2025-07-18,19.938698991888277
SI Market + Oral,TRx (Adjusted),ENBREL,PRODUCT,Y,2025-07-25,24.24347464735037
SI Market + Oral,TRx (Adjusted),ENBREL,PRODUCT,Y,2025-08-01,11.629450376351308
SI Market + Oral,TRx (Adjusted),ENBREL,PRODUCT,Y,2025-08-08,17.812300090693647
SI Market + Oral,TRx (Adjusted),ENBREL,PRODUCT,Y,2025-08-15,16.331323356822843
SI Market + Oral,TRx (Adjusted),ENBREL,PRODUCT,Y,2025-08-22,17.352854863752544
SI Market + Oral,TRx (Adjusted),ENBREL,PRODUCT,Y,2025-08-29,14.072243940270948
SI Market + Oral,TRx (Adjusted),ENBREL,PRODUCT,Y,2025-09-05,22.347622471813036
SI Market + Oral,TRx (Adjusted),ENBREL,PRODUCT,Y,2025-09-12,35.715677594050966
SI Market + Oral,TRx (Adjusted),ENBREL,PRODUCT,Y,2025-09-19,15.927089477534452
SI Market + Oral,TRx (Adjusted),ENBREL,PRODUCT,Y,2025-09-26,20.626535789708363
SI Market + Oral,TRx (Adjusted),ENBREL,PRODUCT,Y,2025-10-03,32.09329072821053
SI Market + Oral,TRx (Adjusted),ENBREL,PRODUCT,Y,2025-10-10,16.93317875466297
SI Market + Oral,TRx (Adjusted),ENBREL,PRODUCT,Y,2025-10-17,27.61180074438152
SI Market + Oral,TRx (Adjusted),ENBREL,PRODUCT,Y,2025-10-24,35.86779259195913
SI Market + Oral,TRx (Adjusted),ENBREL,PRODUCT,Y,2025-10-31,28.119330678134137
SI Market + Oral,TRx (Adjusted),ENBREL,PRODUCT,Y,2025-11-07,46.80954433044305
SI Market + Oral,TRx (Adjusted),ENBREL,PRODUCT,Y,2025-11-14,12.83467465023885
SI Market + Oral,TRx (Adjusted),ENBREL,PRODUCT,Y,2025-11-21,20.45459034558075
SI Market + Oral,TRx (Adjusted),ENBREL,PRODUCT,Y,2025-11-28,17.259482235389036
SI Market + Oral,TRx (Adjusted),ENBREL,PRODUCT,Y,2025-12-05,19.07837822622044
SI Market + Oral,TRx (Adjusted),ENBREL,PRODUCT,Y,2025-12-12,18.91074108856885
SI Market + Oral,TRx (Adjusted),ENBREL,PRODUCT,Y,2025-12-19,45.46210655276853
SI Market + Oral,TRx (Adjusted),ENBREL,PRODUCT,Y,2025-12-26,11.528459885366653
SI Market + Oral,TRx (Adjusted),ENBREL,PRODUCT,Y,2026-01-02,22.741254317840017
SI Market + Oral,TRx (Adjusted),ENBREL,PRODUCT,Y,2026-01-09,50.04773492359416
SI Market + Oral,TRx (Adjusted),ENBREL,PRODUCT,Y,2026-01-16,22.933008605507524
SI Market + Oral,TRx (Adjusted),ENBREL,PRODUCT,Y,2026-01-23,28.583920113382888
SI Market + Oral,TRx (Adjusted),ENBREL,PRODUCT,Y,2026-01-30,29.668823506212277
SI Market + Oral,TRx (Adjusted),ENBREL,PRODUCT,Y,2026-02-06,37.01942226606717
SI Market + Oral,TRx (Adjusted),ENBREL,PRODUCT,Y,2026-02-13,21.67872349244174
SI Market + Oral,TRx (Adjusted),ENBREL,PRODUCT,Y,2026-02-20,14.711244786527766
SI Market + Oral,TRx (Adjusted),ENBREL,PRODUCT,Y,2026-02-27,37.22791293069741
SI Market + Oral,TRx (Adjusted),ENBREL,PRODUCT,Y,2026-03-06,24.37690340502048
SI Market + Oral,TRx (Adjusted),ENBREL,PRODUCT,Y,2026-03-13,27.59962884930033
SI Market + Oral,TRx (Adjusted),ENBREL,PRODUCT,Y,2026-03-20,19.621221850038516
SI Market + Oral,TRx (Adjusted),ENBREL,PRODUCT,Y,2026-03-27,24.3601661893265
SI Market + Oral,TRx (Adjusted),ENBREL,PRODUCT,Y,2026-04-03,56.37288286952509
SI Market + Oral,TRx (Adjusted),ENBREL,PRODUCT,Y,2026-04-10,38.57715920477232
SI Market + Oral,TRx (Adjusted),ENBREL,PRODUCT,Y,2026-04-17,35.20392974506335
SI Market + Oral,TRx (Adjusted),ENBREL,PRODUCT,Y,2026-04-24,19.069556059457504
SI Market + Oral,TRx (Adjusted),ENBREL,PRODUCT,Y,2026-05-01,38.52968482319599
SI Market + Oral,TRx (Adjusted),ENBREL,PRODUCT,Y,2026-05-08,46.05507454745821
SI Market + Oral,TRx (Adjusted),ILUMYA,PRODUCT,Y,2024-05-03,20.549284808557637
SI Market + Oral,TRx (Adjusted),ILUMYA,PRODUCT,Y,2024-05-10,21.8959516666373
SI Market + Oral,TRx (Adjusted),ILUMYA,PRODUCT,Y,2024-05-17,36.74322950419379
SI Market + Oral,TRx (Adjusted),ILUMYA,PRODUCT,Y,2024-05-24,25.577244426876025
SI Market + Oral,TRx (Adjusted),ILUMYA,PRODUCT,Y,2024-05-31,34.03434533460688
SI Market + Oral,TRx (Adjusted),ILUMYA,PRODUCT,Y,2024-06-07,49.73742567803709
SI Market + Oral,TRx (Adjusted),ILUMYA,PRODUCT,Y,2024-06-14,27.308568826108992
SI Market + Oral,TRx (Adjusted),ILUMYA,PRODUCT,Y,2024-06-21,31.30587336520765
SI Market + Oral,TRx (Adjusted),ILUMYA,PRODUCT,Y,2024-06-28,16.508296579256477
SI Market + Oral,TRx (Adjusted),ILUMYA,PRODUCT,Y,2024-07-05,25.41226241164045
SI Market + Oral,TRx (Adjusted),ILUMYA,PRODUCT,Y,2024-07-12,29.186742371415097
SI Market + Oral,TRx (Adjusted),ILUMYA,PRODUCT,Y,2024-07-19,45.020509153863046
SI Market + Oral,TRx (Adjusted),ILUMYA,PRODUCT,Y,2024-07-26,25.21720166158726
SI Market + Oral,TRx (Adjusted),ILUMYA,PRODUCT,Y,2024-08-02,76.30721698121131
SI Market + Oral,TRx (Adjusted),ILUMYA,PRODUCT,Y,2024-08-09,42.095116185309735
SI Market + Oral,TRx (Adjusted),ILUMYA,PRODUCT,Y,2024-08-16,37.81497077092753
SI Market + Oral,TRx (Adjusted),ILUMYA,PRODUCT,Y,2024-08-23,43.85572620903378
SI Market + Oral,TRx (Adjusted),ILUMYA,PRODUCT,Y,2024-08-30,50.32942007999739
SI Market + Oral,TRx (Adjusted),ILUMYA,PRODUCT,Y,2024-09-06,35.09929869269401
SI Market + Oral,TRx (Adjusted),ILUMYA,PRODUCT,Y,2024-09-13,60.755133178160726
SI Market + Oral,TRx (Adjusted),ILUMYA,PRODUCT,Y,2024-09-20,84.01707881258315
SI Market + Oral,TRx (Adjusted),ILUMYA,PRODUCT,Y,2024-09-27,50.46920343754341
SI Market + Oral,TRx (Adjusted),ILUMYA,PRODUCT,Y,2024-10-04,19.68280137758773
SI Market + Oral,TRx (Adjusted),ILUMYA,PRODUCT,Y,2024-10-11,76.02153897160245
SI Market + Oral,TRx (Adjusted),ILUMYA,PRODUCT,Y,2024-10-18,36.417198800831386
SI Market + Oral,TRx (Adjusted),ILUMYA,PRODUCT,Y,2024-10-25,32.81787812957901
SI Market + Oral,TRx (Adjusted),ILUMYA,PRODUCT,Y,2024-11-01,54.00292152302896
SI Market + Oral,TRx (Adjusted),ILUMYA,PRODUCT,Y,2024-11-08,33.89733850185458
SI Market + Oral,TRx (Adjusted),ILUMYA,PRODUCT,Y,2024-11-15,28.495310477451763
SI Market + Oral,TRx (Adjusted),ILUMYA,PRODUCT,Y,2024-11-22,55.57111871638375
SI Market + Oral,TRx (Adjusted),ILUMYA,PRODUCT,Y,2024-11-29,32.52759274955972
SI Market + Oral,TRx (Adjusted),ILUMYA,PRODUCT,Y,2024-12-06,59.62376426115696
SI Market + Oral,TRx (Adjusted),ILUMYA,PRODUCT,Y,2024-12-13,60.9926710499645
SI Market + Oral,TRx (Adjusted),ILUMYA,PRODUCT,Y,2024-12-20,58.46716619318865
SI Market + Oral,TRx (Adjusted),ILUMYA,PRODUCT,Y,2024-12-27,37.490242915172026
SI Market + Oral,TRx (Adjusted),ILUMYA,PRODUCT,Y,2025-01-03,36.98252137784476
SI Market + Oral,TRx (Adjusted),ILUMYA,PRODUCT,Y,2025-01-10,95.6382169877285
SI Market + Oral,TRx (Adjusted),ILUMYA,PRODUCT,Y,2025-01-17,40.60769481277422
SI Market + Oral,TRx (Adjusted),ILUMYA,PRODUCT,Y,2025-01-24,19.768840357995245
SI Market + Oral,TRx (Adjusted),ILUMYA,PRODUCT,Y,2025-01-31,45.92066485067279
SI Market + Oral,TRx (Adjusted),ILUMYA,PRODUCT,Y,2025-02-07,55.60686875910724
SI Market + Oral,TRx (Adjusted),ILUMYA,PRODUCT,Y,2025-02-14,28.00019982934003
SI Market + Oral,TRx (Adjusted),ILUMYA,PRODUCT,Y,2025-02-21,44.4826371051166
SI Market + Oral,TRx (Adjusted),ILUMYA,PRODUCT,Y,2025-02-28,23.722970285610533
SI Market + Oral,TRx (Adjusted),ILUMYA,PRODUCT,Y,2025-03-07,73.53348113326075
SI Market + Oral,TRx (Adjusted),ILUMYA,PRODUCT,Y,2025-03-14,39.71453191342111
SI Market + Oral,TRx (Adjusted),ILUMYA,PRODUCT,Y,2025-03-21,30.401952188336185
SI Market + Oral,TRx (Adjusted),ILUMYA,PRODUCT,Y,2025-03-28,28.378367723249823
SI Market + Oral,TRx (Adjusted),ILUMYA,PRODUCT,Y,2025-04-04,34.78708042673438
SI Market + Oral,TRx (Adjusted),ILUMYA,PRODUCT,Y,2025-04-11,40.51295517076592
SI Market + Oral,TRx (Adjusted),ILUMYA,PRODUCT,Y,2025-04-18,26.78644556289878
SI Market + Oral,TRx (Adjusted),ILUMYA,PRODUCT,Y,2025-04-25,31.8698583276308
SI Market + Oral,TRx (Adjusted),ILUMYA,PRODUCT,Y,2025-05-02,36.08643628077581
SI Market + Oral,TRx (Adjusted),ILUMYA,PRODUCT,Y,2025-05-09,39.98636963624255
SI Market + Oral,TRx (Adjusted),ILUMYA,PRODUCT,Y,2025-05-16,49.74878787900484
SI Market + Oral,TRx (Adjusted),ILUMYA,PRODUCT,Y,2025-05-23,32.94281510400728
SI Market + Oral,TRx (Adjusted),ILUMYA,PRODUCT,Y,2025-05-30,37.204159702371534
SI Market + Oral,TRx (Adjusted),ILUMYA,PRODUCT,Y,2025-06-06,31.63234682024552
SI Market + Oral,TRx (Adjusted),ILUMYA,PRODUCT,Y,2025-06-13,30.39603972789557
SI Market + Oral,TRx (Adjusted),ILUMYA,PRODUCT,Y,2025-06-20,30.888016162373543
SI Market + Oral,TRx (Adjusted),ILUMYA,PRODUCT,Y,2025-06-27,50.674926632890326
SI Market + Oral,TRx (Adjusted),ILUMYA,PRODUCT,Y,2025-07-04,68.16259592518168
SI Market + Oral,TRx (Adjusted),ILUMYA,PRODUCT,Y,2025-07-11,60.90098830258822
SI Market + Oral,TRx (Adjusted),ILUMYA,PRODUCT,Y,2025-07-18,43.30069722191928
SI Market + Oral,TRx (Adjusted),ILUMYA,PRODUCT,Y,2025-07-25,56.06419411386639
SI Market + Oral,TRx (Adjusted),ILUMYA,PRODUCT,Y,2025-08-01,36.14743343241277
SI Market + Oral,TRx (Adjusted),ILUMYA,PRODUCT,Y,2025-08-08,73.34411032455112
SI Market + Oral,TRx (Adjusted),ILUMYA,PRODUCT,Y,2025-08-15,48.65135163409675
SI Market + Oral,TRx (Adjusted),ILUMYA,PRODUCT,Y,2025-08-22,64.89176031782634
SI Market + Oral,TRx (Adjusted),ILUMYA,PRODUCT,Y,2025-08-29,89.82171399513787
SI Market + Oral,TRx (Adjusted),ILUMYA,PRODUCT,Y,2025-09-05,51.507723965374616
SI Market + Oral,TRx (Adjusted),ILUMYA,PRODUCT,Y,2025-09-12,82.37063500478048
SI Market + Oral,TRx (Adjusted),ILUMYA,PRODUCT,Y,2025-09-19,81.37977321375065
SI Market + Oral,TRx (Adjusted),ILUMYA,PRODUCT,Y,2025-09-26,32.44620948257784
SI Market + Oral,TRx (Adjusted),ILUMYA,PRODUCT,Y,2025-10-03,71.78110261886617
SI Market + Oral,TRx (Adjusted),ILUMYA,PRODUCT,Y,2025-10-10,24.480735928120463
SI Market + Oral,TRx (Adjusted),ILUMYA,PRODUCT,Y,2025-10-17,57.76507942403547
SI Market + Oral,TRx (Adjusted),ILUMYA,PRODUCT,Y,2025-10-24,52.53791432462632
SI Market + Oral,TRx (Adjusted),ILUMYA,PRODUCT,Y,2025-10-31,27.839774522927996
SI Market + Oral,TRx (Adjusted),ILUMYA,PRODUCT,Y,2025-11-07,82.45747632211743
SI Market + Oral,TRx (Adjusted),ILUMYA,PRODUCT,Y,2025-11-14,32.65772744062392
SI Market + Oral,TRx (Adjusted),ILUMYA,PRODUCT,Y,2025-11-21,76.57931168467135
SI Market + Oral,TRx (Adjusted),ILUMYA,PRODUCT,Y,2025-11-28,43.050728085749554
SI Market + Oral,TRx (Adjusted),ILUMYA,PRODUCT,Y,2025-12-05,55.646809871311696
SI Market + Oral,TRx (Adjusted),ILUMYA,PRODUCT,Y,2025-12-12,74.03658503285405
SI Market + Oral,TRx (Adjusted),ILUMYA,PRODUCT,Y,2025-12-19,25.43974406245156
SI Market + Oral,TRx (Adjusted),ILUMYA,PRODUCT,Y,2025-12-26,20.072794548578106
SI Market + Oral,TRx (Adjusted),ILUMYA,PRODUCT,Y,2026-01-02,24.647425910534192
SI Market + Oral,TRx (Adjusted),ILUMYA,PRODUCT,Y,2026-01-09,27.45436835230099
SI Market + Oral,TRx (Adjusted),ILUMYA,PRODUCT,Y,2026-01-16,72.39131415036535
SI Market + Oral,TRx (Adjusted),ILUMYA,PRODUCT,Y,2026-01-23,41.53482490938929
SI Market + Oral,TRx (Adjusted),ILUMYA,PRODUCT,Y,2026-01-30,28.53372625127586
SI Market + Oral,TRx (Adjusted),ILUMYA,PRODUCT,Y,2026-02-06,50.198648506887736
SI Market + Oral,TRx (Adjusted),ILUMYA,PRODUCT,Y,2026-02-13,99.5563532900964
SI Market + Oral,TRx (Adjusted),ILUMYA,PRODUCT,Y,2026-02-20,37.50027258827638
SI Market + Oral,TRx (Adjusted),ILUMYA,PRODUCT,Y,2026-02-27,76.31206827424558
SI Market + Oral,TRx (Adjusted),ILUMYA,PRODUCT,Y,2026-03-06,37.91007671422474
SI Market + Oral,TRx (Adjusted),ILUMYA,PRODUCT,Y,2026-03-13,35.190719603712026
SI Market + Oral,TRx (Adjusted),ILUMYA,PRODUCT,Y,2026-03-20,36.825782079043776
SI Market + Oral,TRx (Adjusted),ILUMYA,PRODUCT,Y,2026-03-27,61.7625615921007
SI Market + Oral,TRx (Adjusted),ILUMYA,PRODUCT,Y,2026-04-03,30.244889535056565
SI Market + Oral,TRx (Adjusted),ILUMYA,PRODUCT,Y,2026-04-10,40.04331057991136
SI Market + Oral,TRx (Adjusted),ILUMYA,PRODUCT,Y,2026-04-17,29.46934791343504
SI Market + Oral,TRx (Adjusted),ILUMYA,PRODUCT,Y,2026-04-24,33.62159480147251
SI Market + Oral,TRx (Adjusted),ILUMYA,PRODUCT,Y,2026-05-01,44.39808859439763
SI Market + Oral,TRx (Adjusted),ILUMYA,PRODUCT,Y,2026-05-08,35.369826228691046
SI Market + Oral,TRx (Adjusted),KEVZARA,PRODUCT,Y,2024-05-03,0.129083259427286
SI Market + Oral,TRx (Adjusted),KEVZARA,PRODUCT,Y,2024-05-10,0.0819024192779483
SI Market + Oral,TRx (Adjusted),KEVZARA,PRODUCT,Y,2024-05-17,0.1230671887761103
SI Market + Oral,TRx (Adjusted),KEVZARA,PRODUCT,Y,2024-05-24,0.1747436493034314
SI Market + Oral,TRx (Adjusted),KEVZARA,PRODUCT,Y,2024-05-31,0.1370735829883178
SI Market + Oral,TRx (Adjusted),KEVZARA,PRODUCT,Y,2024-06-07,0.1827234194947148
SI Market + Oral,TRx (Adjusted),KEVZARA,PRODUCT,Y,2024-06-14,0.0607364514496965
SI Market + Oral,TRx (Adjusted),KEVZARA,PRODUCT,Y,2024-06-21,0.0964225188007413
SI Market + Oral,TRx (Adjusted),KEVZARA,PRODUCT,Y,2024-06-28,0.0676270907275434
SI Market + Oral,TRx (Adjusted),KEVZARA,PRODUCT,Y,2024-07-05,0.1819405904030049
SI Market + Oral,TRx (Adjusted),KEVZARA,PRODUCT,Y,2024-07-12,0.2222766933311792
SI Market + Oral,TRx (Adjusted),KEVZARA,PRODUCT,Y,2024-07-19,0.1536450255662965
SI Market + Oral,TRx (Adjusted),KEVZARA,PRODUCT,Y,2024-07-26,0.2718213590271756
SI Market + Oral,TRx (Adjusted),KEVZARA,PRODUCT,Y,2024-08-02,0.2122521646030485
SI Market + Oral,TRx (Adjusted),KEVZARA,PRODUCT,Y,2024-08-09,0.3087563316723362
SI Market + Oral,TRx (Adjusted),KEVZARA,PRODUCT,Y,2024-08-16,0.4150365926493618
SI Market + Oral,TRx (Adjusted),KEVZARA,PRODUCT,Y,2024-08-23,0.2005804515679595
SI Market + Oral,TRx (Adjusted),KEVZARA,PRODUCT,Y,2024-08-30,0.2755331311345346
SI Market + Oral,TRx (Adjusted),KEVZARA,PRODUCT,Y,2024-09-06,0.1888654004142808
SI Market + Oral,TRx (Adjusted),KEVZARA,PRODUCT,Y,2024-09-13,0.1432381184344546
SI Market + Oral,TRx (Adjusted),KEVZARA,PRODUCT,Y,2024-09-20,0.1779292745757772
SI Market + Oral,TRx (Adjusted),KEVZARA,PRODUCT,Y,2024-09-27,0.1658980092718343
SI Market + Oral,TRx (Adjusted),KEVZARA,PRODUCT,Y,2024-10-04,0.1190678058064089
SI Market + Oral,TRx (Adjusted),KEVZARA,PRODUCT,Y,2024-10-11,0.0499704607247367
SI Market + Oral,TRx (Adjusted),KEVZARA,PRODUCT,Y,2024-10-18,0.1239353647925869
SI Market + Oral,TRx (Adjusted),KEVZARA,PRODUCT,Y,2024-10-25,0.1823389811872396
SI Market + Oral,TRx (Adjusted),KEVZARA,PRODUCT,Y,2024-11-01,0.0
SI Market + Oral,TRx (Adjusted),KEVZARA,PRODUCT,Y,2024-11-08,0.0
SI Market + Oral,TRx (Adjusted),KEVZARA,PRODUCT,Y,2024-11-15,0.0
SI Market + Oral,TRx (Adjusted),KEVZARA,PRODUCT,Y,2024-11-22,0.0
SI Market + Oral,TRx (Adjusted),KEVZARA,PRODUCT,Y,2024-11-29,0.0
SI Market + Oral,TRx (Adjusted),KEVZARA,PRODUCT,Y,2024-12-06,0.0
SI Market + Oral,TRx (Adjusted),KEVZARA,PRODUCT,Y,2024-12-13,0.0
SI Market + Oral,TRx (Adjusted),KEVZARA,PRODUCT,Y,2024-12-20,0.0
SI Market + Oral,TRx (Adjusted),KEVZARA,PRODUCT,Y,2024-12-27,0.0
SI Market + Oral,TRx (Adjusted),KEVZARA,PRODUCT,Y,2025-01-03,0.0
SI Market + Oral,TRx (Adjusted),KEVZARA,PRODUCT,Y,2025-01-10,0.0
SI Market + Oral,TRx (Adjusted),KEVZARA,PRODUCT,Y,2025-01-17,0.0
SI Market + Oral,TRx (Adjusted),KEVZARA,PRODUCT,Y,2025-01-24,0.0
SI Market + Oral,TRx (Adjusted),KEVZARA,PRODUCT,Y,2025-01-31,0.0
SI Market + Oral,TRx (Adjusted),KEVZARA,PRODUCT,Y,2025-02-07,0.0
SI Market + Oral,TRx (Adjusted),KEVZARA,PRODUCT,Y,2025-02-14,0.0
SI Market + Oral,TRx (Adjusted),KEVZARA,PRODUCT,Y,2025-02-21,0.0
SI Market + Oral,TRx (Adjusted),KEVZARA,PRODUCT,Y,2025-02-28,0.0
SI Market + Oral,TRx (Adjusted),KEVZARA,PRODUCT,Y,2025-03-07,0.0
SI Market + Oral,TRx (Adjusted),KEVZARA,PRODUCT,Y,2025-03-14,0.0
SI Market + Oral,TRx (Adjusted),KEVZARA,PRODUCT,Y,2025-03-21,0.0
SI Market + Oral,TRx (Adjusted),KEVZARA,PRODUCT,Y,2025-03-28,0.0
SI Market + Oral,TRx (Adjusted),KEVZARA,PRODUCT,Y,2025-04-04,0.0
SI Market + Oral,TRx (Adjusted),KEVZARA,PRODUCT,Y,2025-04-11,0.0
SI Market + Oral,TRx (Adjusted),KEVZARA,PRODUCT,Y,2025-04-18,0.0
SI Market + Oral,TRx (Adjusted),KEVZARA,PRODUCT,Y,2025-04-25,0.0
SI Market + Oral,TRx (Adjusted),KEVZARA,PRODUCT,Y,2025-05-02,0.0
SI Market + Oral,TRx (Adjusted),KEVZARA,PRODUCT,Y,2025-05-09,0.1324948838481766
SI Market + Oral,TRx (Adjusted),KEVZARA,PRODUCT,Y,2025-05-16,0.1289856840251262
SI Market + Oral,TRx (Adjusted),KEVZARA,PRODUCT,Y,2025-05-23,0.0755855051340093
SI Market + Oral,TRx (Adjusted),KEVZARA,PRODUCT,Y,2025-05-30,0.1664497697194774
SI Market + Oral,TRx (Adjusted),KEVZARA,PRODUCT,Y,2025-06-06,0.2901979956932644
SI Market + Oral,TRx (Adjusted),KEVZARA,PRODUCT,Y,2025-06-13,0.2933929525270745
SI Market + Oral,TRx (Adjusted),KEVZARA,PRODUCT,Y,2025-06-20,0.1906057419143938
SI Market + Oral,TRx (Adjusted),KEVZARA,PRODUCT,Y,2025-06-27,0.2685629761911984
SI Market + Oral,TRx (Adjusted),KEVZARA,PRODUCT,Y,2025-07-04,0.1848725068818784
SI Market + Oral,TRx (Adjusted),KEVZARA,PRODUCT,Y,2025-07-11,0.6230232713326073
SI Market + Oral,TRx (Adjusted),KEVZARA,PRODUCT,Y,2025-07-18,0.3992050124749236
SI Market + Oral,TRx (Adjusted),KEVZARA,PRODUCT,Y,2025-07-25,0.3531648923955081
SI Market + Oral,TRx (Adjusted),KEVZARA,PRODUCT,Y,2025-08-01,0.5223861833674712
SI Market + Oral,TRx (Adjusted),KEVZARA,PRODUCT,Y,2025-08-08,0.3248328618806253
SI Market + Oral,TRx (Adjusted),KEVZARA,PRODUCT,Y,2025-08-15,0.5131997973870029
SI Market + Oral,TRx (Adjusted),KEVZARA,PRODUCT,Y,2025-08-22,0.4426953868176087
SI Market + Oral,TRx (Adjusted),KEVZARA,PRODUCT,Y,2025-08-29,0.4488769683602327
SI Market + Oral,TRx (Adjusted),KEVZARA,PRODUCT,Y,2025-09-05,0.7055219178417148
SI Market + Oral,TRx (Adjusted),KEVZARA,PRODUCT,Y,2025-09-12,0.630986863072882
SI Market + Oral,TRx (Adjusted),KEVZARA,PRODUCT,Y,2025-09-19,0.6639348808931576
SI Market + Oral,TRx (Adjusted),KEVZARA,PRODUCT,Y,2025-09-26,0.7607514249781092
SI Market + Oral,TRx (Adjusted),KEVZARA,PRODUCT,Y,2025-10-03,1.0158865336742195
SI Market + Oral,TRx (Adjusted),KEVZARA,PRODUCT,Y,2025-10-10,0.6324296788965575
SI Market + Oral,TRx (Adjusted),KEVZARA,PRODUCT,Y,2025-10-17,0.5969794243246422
SI Market + Oral,TRx (Adjusted),KEVZARA,PRODUCT,Y,2025-10-24,0.8371875921503451
SI Market + Oral,TRx (Adjusted),KEVZARA,PRODUCT,Y,2025-10-31,0.4892660799058836
SI Market + Oral,TRx (Adjusted),KEVZARA,PRODUCT,Y,2025-11-07,0.7552807916671407
SI Market + Oral,TRx (Adjusted),KEVZARA,PRODUCT,Y,2025-11-14,0.7385681425549445
SI Market + Oral,TRx (Adjusted),KEVZARA,PRODUCT,Y,2025-11-21,0.3528145384059499
SI Market + Oral,TRx (Adjusted),KEVZARA,PRODUCT,Y,2025-11-28,0.4095517446176859
SI Market + Oral,TRx (Adjusted),KEVZARA,PRODUCT,Y,2025-12-05,1.6954690827640533
SI Market + Oral,TRx (Adjusted),KEVZARA,PRODUCT,Y,2025-12-12,1.96739734392478
SI Market + Oral,TRx (Adjusted),KEVZARA,PRODUCT,Y,2025-12-19,0.8245608898727218
SI Market + Oral,TRx (Adjusted),KEVZARA,PRODUCT,Y,2025-12-26,0.4850844280454939
SI Market + Oral,TRx (Adjusted),KEVZARA,PRODUCT,Y,2026-01-02,0.9446387558400048
SI Market + Oral,TRx (Adjusted),KEVZARA,PRODUCT,Y,2026-01-09,0.7091782386983833
SI Market + Oral,TRx (Adjusted),KEVZARA,PRODUCT,Y,2026-01-16,1.0987479183081237
SI Market + Oral,TRx (Adjusted),KEVZARA,PRODUCT,Y,2026-01-23,0.7297994908008321
SI Market + Oral,TRx (Adjusted),KEVZARA,PRODUCT,Y,2026-01-30,0.7639443209990763
SI Market + Oral,TRx (Adjusted),KEVZARA,PRODUCT,Y,2026-02-06,1.7620347652419457
SI Market + Oral,TRx (Adjusted),KEVZARA,PRODUCT,Y,2026-02-13,1.3602343531152716
SI Market + Oral,TRx (Adjusted),KEVZARA,PRODUCT,Y,2026-02-20,1.644221479956103
SI Market + Oral,TRx (Adjusted),KEVZARA,PRODUCT,Y,2026-02-27,1.2328248698412985
SI Market + Oral,TRx (Adjusted),KEVZARA,PRODUCT,Y,2026-03-06,1.4920774814829223
SI Market + Oral,TRx (Adjusted),KEVZARA,PRODUCT,Y,2026-03-13,1.1142664986574682
SI Market + Oral,TRx (Adjusted),KEVZARA,PRODUCT,Y,2026-03-20,0.5021228573413226
SI Market + Oral,TRx (Adjusted),KEVZARA,PRODUCT,Y,2026-03-27,0.964747634101525
SI Market + Oral,TRx (Adjusted),KEVZARA,PRODUCT,Y,2026-04-03,0.656671438311481
SI Market + Oral,TRx (Adjusted),KEVZARA,PRODUCT,Y,2026-04-10,1.525379072422208
SI Market + Oral,TRx (Adjusted),KEVZARA,PRODUCT,Y,2026-04-17,0.955398128254584
SI Market + Oral,TRx (Adjusted),KEVZARA,PRODUCT,Y,2026-04-24,1.0948730328442489
SI Market + Oral,TRx (Adjusted),KEVZARA,PRODUCT,Y,2026-05-01,0.5445309677786133
SI Market + Oral,TRx (Adjusted),KEVZARA,PRODUCT,Y,2026-05-08,0.7062359797157073
SI Market + Oral,TRx (Adjusted),KINERET,PRODUCT,Y,2024-05-03,1.1432271006600472
SI Market + Oral,TRx (Adjusted),KINERET,PRODUCT,Y,2024-05-10,0.8091817564620355
SI Market + Oral,TRx (Adjusted),KINERET,PRODUCT,Y,2024-05-17,0.7295548960702031
SI Market + Oral,TRx (Adjusted),KINERET,PRODUCT,Y,2024-05-24,1.7684498547897485
SI Market + Oral,TRx (Adjusted),KINERET,PRODUCT,Y,2024-05-31,1.622270790082906
SI Market + Oral,TRx (Adjusted),KINERET,PRODUCT,Y,2024-06-07,0.7392067915250254
SI Market + Oral,TRx (Adjusted),KINERET,PRODUCT,Y,2024-06-14,1.081112744309875
SI Market + Oral,TRx (Adjusted),KINERET,PRODUCT,Y,2024-06-21,1.9694367606168803
SI Market + Oral,TRx (Adjusted),KINERET,PRODUCT,Y,2024-06-28,1.5106214003019611
SI Market + Oral,TRx (Adjusted),KINERET,PRODUCT,Y,2024-07-05,1.7419919669105517
SI Market + Oral,TRx (Adjusted),KINERET,PRODUCT,Y,2024-07-12,1.433979631346169
SI Market + Oral,TRx (Adjusted),KINERET,PRODUCT,Y,2024-07-19,1.3061010986906754
SI Market + Oral,TRx (Adjusted),KINERET,PRODUCT,Y,2024-07-26,0.7678031833888966
SI Market + Oral,TRx (Adjusted),KINERET,PRODUCT,Y,2024-08-02,1.828816949741716
SI Market + Oral,TRx (Adjusted),KINERET,PRODUCT,Y,2024-08-09,0.7670506916397236
SI Market + Oral,TRx (Adjusted),KINERET,PRODUCT,Y,2024-08-16,0.9100986824334072
SI Market + Oral,TRx (Adjusted),KINERET,PRODUCT,Y,2024-08-23,2.3234144177506044
SI Market + Oral,TRx (Adjusted),KINERET,PRODUCT,Y,2024-08-30,2.9782468019180035
SI Market + Oral,TRx (Adjusted),KINERET,PRODUCT,Y,2024-09-06,1.9922431867749135
SI Market + Oral,TRx (Adjusted),KINERET,PRODUCT,Y,2024-09-13,1.672127664772748
SI Market + Oral,TRx (Adjusted),KINERET,PRODUCT,Y,2024-09-20,2.3237542147665136
SI Market + Oral,TRx (Adjusted),KINERET,PRODUCT,Y,2024-09-27,1.23873771379891
SI Market + Oral,TRx (Adjusted),KINERET,PRODUCT,Y,2024-10-04,1.2064103044990429
SI Market + Oral,TRx (Adjusted),KINERET,PRODUCT,Y,2024-10-11,1.848644070672001
SI Market + Oral,TRx (Adjusted),KINERET,PRODUCT,Y,2024-10-18,2.051452509093228
SI Market + Oral,TRx (Adjusted),KINERET,PRODUCT,Y,2024-10-25,1.440836220335819
SI Market + Oral,TRx (Adjusted),KINERET,PRODUCT,Y,2024-11-01,1.7016094493895404
SI Market + Oral,TRx (Adjusted),KINERET,PRODUCT,Y,2024-11-08,2.5046250889963417
SI Market + Oral,TRx (Adjusted),KINERET,PRODUCT,Y,2024-11-15,1.382506640282744
SI Market + Oral,TRx (Adjusted),KINERET,PRODUCT,Y,2024-11-22,1.4873083034441303
SI Market + Oral,TRx (Adjusted),KINERET,PRODUCT,Y,2024-11-29,0.9256067600891608
SI Market + Oral,TRx (Adjusted),KINERET,PRODUCT,Y,2024-12-06,1.9424622809576144
SI Market + Oral,TRx (Adjusted),KINERET,PRODUCT,Y,2024-12-13,1.352647551690459
SI Market + Oral,TRx (Adjusted),KINERET,PRODUCT,Y,2024-12-20,1.729829197116063
SI Market + Oral,TRx (Adjusted),KINERET,PRODUCT,Y,2024-12-27,2.340430638033105
SI Market + Oral,TRx (Adjusted),KINERET,PRODUCT,Y,2025-01-03,1.5119978822975508
SI Market + Oral,TRx (Adjusted),KINERET,PRODUCT,Y,2025-01-10,2.822640202730556
SI Market + Oral,TRx (Adjusted),KINERET,PRODUCT,Y,2025-01-17,0.7265618605578937
SI Market + Oral,TRx (Adjusted),KINERET,PRODUCT,Y,2025-01-24,0.9057503768320712
SI Market + Oral,TRx (Adjusted),KINERET,PRODUCT,Y,2025-01-31,2.062553330834784
SI Market + Oral,TRx (Adjusted),KINERET,PRODUCT,Y,2025-02-07,1.400609937914285
SI Market + Oral,TRx (Adjusted),KINERET,PRODUCT,Y,2025-02-14,2.1321345306223067
SI Market + Oral,TRx (Adjusted),KINERET,PRODUCT,Y,2025-02-21,2.5527967056070087
SI Market + Oral,TRx (Adjusted),KINERET,PRODUCT,Y,2025-02-28,1.4830850402222753
SI Market + Oral,TRx (Adjusted),KINERET,PRODUCT,Y,2025-03-07,1.119640665426472
SI Market + Oral,TRx (Adjusted),KINERET,PRODUCT,Y,2025-03-14,1.5539274226284732
SI Market + Oral,TRx (Adjusted),KINERET,PRODUCT,Y,2025-03-21,1.6172475986458588
SI Market + Oral,TRx (Adjusted),KINERET,PRODUCT,Y,2025-03-28,1.9104622675390777
SI Market + Oral,TRx (Adjusted),KINERET,PRODUCT,Y,2025-04-04,1.5685653297356708
SI Market + Oral,TRx (Adjusted),KINERET,PRODUCT,Y,2025-04-11,1.4999138135579229
SI Market + Oral,TRx (Adjusted),KINERET,PRODUCT,Y,2025-04-18,0.6598087327940374
SI Market + Oral,TRx (Adjusted),KINERET,PRODUCT,Y,2025-04-25,1.1670074898983156
SI Market + Oral,TRx (Adjusted),KINERET,PRODUCT,Y,2025-05-02,1.1597429774920731
SI Market + Oral,TRx (Adjusted),KINERET,PRODUCT,Y,2025-05-09,0.8877899952397942
SI Market + Oral,TRx (Adjusted),KINERET,PRODUCT,Y,2025-05-16,0.791816478727382
SI Market + Oral,TRx (Adjusted),KINERET,PRODUCT,Y,2025-05-23,0.9009773163740796
SI Market + Oral,TRx (Adjusted),KINERET,PRODUCT,Y,2025-05-30,0.3978435456170358
SI Market + Oral,TRx (Adjusted),KINERET,PRODUCT,Y,2025-06-06,0.60271759980383
SI Market + Oral,TRx (Adjusted),KINERET,PRODUCT,Y,2025-06-13,0.5152520938824509
SI Market + Oral,TRx (Adjusted),KINERET,PRODUCT,Y,2025-06-20,0.9157182789099528
SI Market + Oral,TRx (Adjusted),KINERET,PRODUCT,Y,2025-06-27,0.8409355593147935
SI Market + Oral,TRx (Adjusted),KINERET,PRODUCT,Y,2025-07-04,0.8959312196799472
SI Market + Oral,TRx (Adjusted),KINERET,PRODUCT,Y,2025-07-11,0.3983492508340084
SI Market + Oral,TRx (Adjusted),KINERET,PRODUCT,Y,2025-07-18,1.1669550575258252
SI Market + Oral,TRx (Adjusted),KINERET,PRODUCT,Y,2025-07-25,0.9614023979728206
SI Market + Oral,TRx (Adjusted),KINERET,PRODUCT,Y,2025-08-01,0.4020655631290801
SI Market + Oral,TRx (Adjusted),KINERET,PRODUCT,Y,2025-08-08,0.2456990717977453
SI Market + Oral,TRx (Adjusted),KINERET,PRODUCT,Y,2025-08-15,0.2402341329057076
SI Market + Oral,TRx (Adjusted),KINERET,PRODUCT,Y,2025-08-22,0.8628192103093318
SI Market + Oral,TRx (Adjusted),KINERET,PRODUCT,Y,2025-08-29,0.3970218331630459
SI Market + Oral,TRx (Adjusted),KINERET,PRODUCT,Y,2025-09-05,0.2137031741229881
SI Market + Oral,TRx (Adjusted),KINERET,PRODUCT,Y,2025-09-12,0.2464030048408882
SI Market + Oral,TRx (Adjusted),KINERET,PRODUCT,Y,2025-09-19,0.3082064648765604
SI Market + Oral,TRx (Adjusted),KINERET,PRODUCT,Y,2025-09-26,0.2797213186302575
SI Market + Oral,TRx (Adjusted),KINERET,PRODUCT,Y,2025-10-03,0.2862555826183619
SI Market + Oral,TRx (Adjusted),KINERET,PRODUCT,Y,2025-10-10,0.6310853119242276
SI Market + Oral,TRx (Adjusted),KINERET,PRODUCT,Y,2025-10-17,0.2294766586984769
SI Market + Oral,TRx (Adjusted),KINERET,PRODUCT,Y,2025-10-24,0.4944167082091322
SI Market + Oral,TRx (Adjusted),KINERET,PRODUCT,Y,2025-10-31,0.2329350049662264
SI Market + Oral,TRx (Adjusted),KINERET,PRODUCT,Y,2025-11-07,0.9186869236916652
SI Market + Oral,TRx (Adjusted),KINERET,PRODUCT,Y,2025-11-14,0.9892637494422156
SI Market + Oral,TRx (Adjusted),KINERET,PRODUCT,Y,2025-11-21,0.7931153400506584
SI Market + Oral,TRx (Adjusted),KINERET,PRODUCT,Y,2025-11-28,0.8738723652274943
SI Market + Oral,TRx (Adjusted),KINERET,PRODUCT,Y,2025-12-05,1.0501517761614567
SI Market + Oral,TRx (Adjusted),KINERET,PRODUCT,Y,2025-12-12,1.5619699665263231
SI Market + Oral,TRx (Adjusted),KINERET,PRODUCT,Y,2025-12-19,1.1321820536334248
SI Market + Oral,TRx (Adjusted),KINERET,PRODUCT,Y,2025-12-26,1.092596215476261
SI Market + Oral,TRx (Adjusted),KINERET,PRODUCT,Y,2026-01-02,1.5405505291158017
SI Market + Oral,TRx (Adjusted),KINERET,PRODUCT,Y,2026-01-09,1.4441497403875982
SI Market + Oral,TRx (Adjusted),KINERET,PRODUCT,Y,2026-01-16,0.6461887256218247
SI Market + Oral,TRx (Adjusted),KINERET,PRODUCT,Y,2026-01-23,0.9045750301756624
SI Market + Oral,TRx (Adjusted),KINERET,PRODUCT,Y,2026-01-30,0.9052385062108133
SI Market + Oral,TRx (Adjusted),KINERET,PRODUCT,Y,2026-02-06,1.2349443107362004
SI Market + Oral,TRx (Adjusted),KINERET,PRODUCT,Y,2026-02-13,2.063805704909448
SI Market + Oral,TRx (Adjusted),KINERET,PRODUCT,Y,2026-02-20,1.6517096107133065
SI Market + Oral,TRx (Adjusted),KINERET,PRODUCT,Y,2026-02-27,0.6710587027427196
SI Market + Oral,TRx (Adjusted),KINERET,PRODUCT,Y,2026-03-06,0.7172683059938288
SI Market + Oral,TRx (Adjusted),KINERET,PRODUCT,Y,2026-03-13,0.7849060061059658
SI Market + Oral,TRx (Adjusted),KINERET,PRODUCT,Y,2026-03-20,0.5147868447938369
SI Market + Oral,TRx (Adjusted),KINERET,PRODUCT,Y,2026-03-27,0.5411404131493525
SI Market + Oral,TRx (Adjusted),KINERET,PRODUCT,Y,2026-04-03,0.4034072170273168
SI Market + Oral,TRx (Adjusted),KINERET,PRODUCT,Y,2026-04-10,0.4701230014220615
SI Market + Oral,TRx (Adjusted),KINERET,PRODUCT,Y,2026-04-17,0.7684093189964142
SI Market + Oral,TRx (Adjusted),KINERET,PRODUCT,Y,2026-04-24,1.154294873168136
SI Market + Oral,TRx (Adjusted),KINERET,PRODUCT,Y,2026-05-01,0.397183703636196
SI Market + Oral,TRx (Adjusted),KINERET,PRODUCT,Y,2026-05-08,0.9921839861125986
SI Market + Oral,TRx (Adjusted),OLUMIANT,PRODUCT,Y,2024-05-03,1.0493504356647043
SI Market + Oral,TRx (Adjusted),OLUMIANT,PRODUCT,Y,2024-05-10,2.645942872727649
SI Market + Oral,TRx (Adjusted),OLUMIANT,PRODUCT,Y,2024-05-17,3.2259136901385217
SI Market + Oral,TRx (Adjusted),OLUMIANT,PRODUCT,Y,2024-05-24,2.3910042491769183
SI Market + Oral,TRx (Adjusted),OLUMIANT,PRODUCT,Y,2024-05-31,1.0098890618754763
SI Market + Oral,TRx (Adjusted),OLUMIANT,PRODUCT,Y,2024-06-07,2.8699367964432843
SI Market + Oral,TRx (Adjusted),OLUMIANT,PRODUCT,Y,2024-06-14,2.270810328705382
SI Market + Oral,TRx (Adjusted),OLUMIANT,PRODUCT,Y,2024-06-21,1.830499975275031
SI Market + Oral,TRx (Adjusted),OLUMIANT,PRODUCT,Y,2024-06-28,1.356915522958194
SI Market + Oral,TRx (Adjusted),OLUMIANT,PRODUCT,Y,2024-07-05,0.6880382869571482
SI Market + Oral,TRx (Adjusted),OLUMIANT,PRODUCT,Y,2024-07-12,2.4419341613214
SI Market + Oral,TRx (Adjusted),OLUMIANT,PRODUCT,Y,2024-07-19,1.6834320474620028
SI Market + Oral,TRx (Adjusted),OLUMIANT,PRODUCT,Y,2024-07-26,2.1582186379925474
SI Market + Oral,TRx (Adjusted),OLUMIANT,PRODUCT,Y,2024-08-02,1.5208995116906026
SI Market + Oral,TRx (Adjusted),OLUMIANT,PRODUCT,Y,2024-08-09,2.067342759493657
SI Market + Oral,TRx (Adjusted),OLUMIANT,PRODUCT,Y,2024-08-16,1.493900546850995
SI Market + Oral,TRx (Adjusted),OLUMIANT,PRODUCT,Y,2024-08-23,1.34228747758611
SI Market + Oral,TRx (Adjusted),OLUMIANT,PRODUCT,Y,2024-08-30,1.8160925989431371
SI Market + Oral,TRx (Adjusted),OLUMIANT,PRODUCT,Y,2024-09-06,1.2145268764076589
SI Market + Oral,TRx (Adjusted),OLUMIANT,PRODUCT,Y,2024-09-13,1.2789752102131653
SI Market + Oral,TRx (Adjusted),OLUMIANT,PRODUCT,Y,2024-09-20,2.8924236590808663
SI Market + Oral,TRx (Adjusted),OLUMIANT,PRODUCT,Y,2024-09-27,2.107791252234799
SI Market + Oral,TRx (Adjusted),OLUMIANT,PRODUCT,Y,2024-10-04,2.458200575045614
SI Market + Oral,TRx (Adjusted),OLUMIANT,PRODUCT,Y,2024-10-11,0.909561377831787
SI Market + Oral,TRx (Adjusted),OLUMIANT,PRODUCT,Y,2024-10-18,1.958972790407644
SI Market + Oral,TRx (Adjusted),OLUMIANT,PRODUCT,Y,2024-10-25,1.292254212035333
SI Market + Oral,TRx (Adjusted),OLUMIANT,PRODUCT,Y,2024-11-01,1.014653156446233
SI Market + Oral,TRx (Adjusted),OLUMIANT,PRODUCT,Y,2024-11-08,1.101051562717817
SI Market + Oral,TRx (Adjusted),OLUMIANT,PRODUCT,Y,2024-11-15,1.7925489113357786
SI Market + Oral,TRx (Adjusted),OLUMIANT,PRODUCT,Y,2024-11-22,0.7562750913982264
SI Market + Oral,TRx (Adjusted),OLUMIANT,PRODUCT,Y,2024-11-29,1.3800142865451193
SI Market + Oral,TRx (Adjusted),OLUMIANT,PRODUCT,Y,2024-12-06,0.8983475429747789
SI Market + Oral,TRx (Adjusted),OLUMIANT,PRODUCT,Y,2024-12-13,1.013300189546419
SI Market + Oral,TRx (Adjusted),OLUMIANT,PRODUCT,Y,2024-12-20,2.047452023211246
SI Market + Oral,TRx (Adjusted),OLUMIANT,PRODUCT,Y,2024-12-27,0.7422828417477457
SI Market + Oral,TRx (Adjusted),OLUMIANT,PRODUCT,Y,2025-01-03,2.017866914522567
SI Market + Oral,TRx (Adjusted),OLUMIANT,PRODUCT,Y,2025-01-10,1.3252871148687084
SI Market + Oral,TRx (Adjusted),OLUMIANT,PRODUCT,Y,2025-01-17,0.4920391449967229
SI Market + Oral,TRx (Adjusted),OLUMIANT,PRODUCT,Y,2025-01-24,1.2274315907144568
SI Market + Oral,TRx (Adjusted),OLUMIANT,PRODUCT,Y,2025-01-31,1.4336091218283291
SI Market + Oral,TRx (Adjusted),OLUMIANT,PRODUCT,Y,2025-02-07,0.9426448391176236
SI Market + Oral,TRx (Adjusted),OLUMIANT,PRODUCT,Y,2025-02-14,0.9769859510254358
SI Market + Oral,TRx (Adjusted),OLUMIANT,PRODUCT,Y,2025-02-21,0.86057570356802
SI Market + Oral,TRx (Adjusted),OLUMIANT,PRODUCT,Y,2025-02-28,1.0510210679428698
SI Market + Oral,TRx (Adjusted),OLUMIANT,PRODUCT,Y,2025-03-07,0.4733628198339497
SI Market + Oral,TRx (Adjusted),OLUMIANT,PRODUCT,Y,2025-03-14,0.466761231128552
SI Market + Oral,TRx (Adjusted),OLUMIANT,PRODUCT,Y,2025-03-21,0.7071792846699985
SI Market + Oral,TRx (Adjusted),OLUMIANT,PRODUCT,Y,2025-03-28,0.4335752942019724
SI Market + Oral,TRx (Adjusted),OLUMIANT,PRODUCT,Y,2025-04-04,0.6425601890444544
SI Market + Oral,TRx (Adjusted),OLUMIANT,PRODUCT,Y,2025-04-11,0.3524685842971823
SI Market + Oral,TRx (Adjusted),OLUMIANT,PRODUCT,Y,2025-04-18,0.4959764283389327
SI Market + Oral,TRx (Adjusted),OLUMIANT,PRODUCT,Y,2025-04-25,0.929393221395496
SI Market + Oral,TRx (Adjusted),OLUMIANT,PRODUCT,Y,2025-05-02,0.3303969889076277
SI Market + Oral,TRx (Adjusted),OLUMIANT,PRODUCT,Y,2025-05-09,0.4201209477433096
SI Market + Oral,TRx (Adjusted),OLUMIANT,PRODUCT,Y,2025-05-16,0.6324263543401805
SI Market + Oral,TRx (Adjusted),OLUMIANT,PRODUCT,Y,2025-05-23,0.5804414510430186
SI Market + Oral,TRx (Adjusted),OLUMIANT,PRODUCT,Y,2025-05-30,0.4808853682964251
SI Market + Oral,TRx (Adjusted),OLUMIANT,PRODUCT,Y,2025-06-06,0.3991704878433429
SI Market + Oral,TRx (Adjusted),OLUMIANT,PRODUCT,Y,2025-06-13,0.5569626927783632
SI Market + Oral,TRx (Adjusted),OLUMIANT,PRODUCT,Y,2025-06-20,0.6246497166055489
SI Market + Oral,TRx (Adjusted),OLUMIANT,PRODUCT,Y,2025-06-27,0.7264672664228413
SI Market + Oral,TRx (Adjusted),OLUMIANT,PRODUCT,Y,2025-07-04,0.5748276446741852
SI Market + Oral,TRx (Adjusted),OLUMIANT,PRODUCT,Y,2025-07-11,0.6856220567945099
SI Market + Oral,TRx (Adjusted),OLUMIANT,PRODUCT,Y,2025-07-18,0.7472142427482811
SI Market + Oral,TRx (Adjusted),OLUMIANT,PRODUCT,Y,2025-07-25,0.6114569720915706
SI Market + Oral,TRx (Adjusted),OLUMIANT,PRODUCT,Y,2025-08-01,0.4929693753218667
SI Market + Oral,TRx (Adjusted),OLUMIANT,PRODUCT,Y,2025-08-08,0.6737650105574834
SI Market + Oral,TRx (Adjusted),OLUMIANT,PRODUCT,Y,2025-08-15,0.627069659234638
SI Market + Oral,TRx (Adjusted),OLUMIANT,PRODUCT,Y,2025-08-22,0.308451773526504
SI Market + Oral,TRx (Adjusted),OLUMIANT,PRODUCT,Y,2025-08-29,0.563030475653602
SI Market + Oral,TRx (Adjusted),OLUMIANT,PRODUCT,Y,2025-09-05,0.5105797197369163
SI Market + Oral,TRx (Adjusted),OLUMIANT,PRODUCT,Y,2025-09-12,0.9078661866985182
SI Market + Oral,TRx (Adjusted),OLUMIANT,PRODUCT,Y,2025-09-19,0.5848877157601733
SI Market + Oral,TRx (Adjusted),OLUMIANT,PRODUCT,Y,2025-09-26,0.3656668122388334
SI Market + Oral,TRx (Adjusted),OLUMIANT,PRODUCT,Y,2025-10-03,0.6518182327994213
SI Market + Oral,TRx (Adjusted),OLUMIANT,PRODUCT,Y,2025-10-10,0.4024188411296253
SI Market + Oral,TRx (Adjusted),OLUMIANT,PRODUCT,Y,2025-10-17,0.7390791475688266
SI Market + Oral,TRx (Adjusted),OLUMIANT,PRODUCT,Y,2025-10-24,0.5862547508318016
SI Market + Oral,TRx (Adjusted),OLUMIANT,PRODUCT,Y,2025-10-31,0.4688160983250869
SI Market + Oral,TRx (Adjusted),OLUMIANT,PRODUCT,Y,2025-11-07,0.3525422537274132
SI Market + Oral,TRx (Adjusted),OLUMIANT,PRODUCT,Y,2025-11-14,0.3193175207513823
SI Market + Oral,TRx (Adjusted),OLUMIANT,PRODUCT,Y,2025-11-21,0.2835452793991059
SI Market + Oral,TRx (Adjusted),OLUMIANT,PRODUCT,Y,2025-11-28,0.4755098505330795
SI Market + Oral,TRx (Adjusted),OLUMIANT,PRODUCT,Y,2025-12-05,0.1872804151401133
SI Market + Oral,TRx (Adjusted),OLUMIANT,PRODUCT,Y,2025-12-12,0.2177737586536848
SI Market + Oral,TRx (Adjusted),OLUMIANT,PRODUCT,Y,2025-12-19,0.2039760074099331
SI Market + Oral,TRx (Adjusted),OLUMIANT,PRODUCT,Y,2025-12-26,0.0592113160690454
SI Market + Oral,TRx (Adjusted),OLUMIANT,PRODUCT,Y,2026-01-02,0.0866045207415698
SI Market + Oral,TRx (Adjusted),OLUMIANT,PRODUCT,Y,2026-01-09,0.0
SI Market + Oral,TRx (Adjusted),OLUMIANT,PRODUCT,Y,2026-01-16,0.0
SI Market + Oral,TRx (Adjusted),OLUMIANT,PRODUCT,Y,2026-01-23,0.0
SI Market + Oral,TRx (Adjusted),OLUMIANT,PRODUCT,Y,2026-01-30,0.0
SI Market + Oral,TRx (Adjusted),OLUMIANT,PRODUCT,Y,2026-02-06,0.0
SI Market + Oral,TRx (Adjusted),OLUMIANT,PRODUCT,Y,2026-02-13,0.0
SI Market + Oral,TRx (Adjusted),OLUMIANT,PRODUCT,Y,2026-02-20,0.0
SI Market + Oral,TRx (Adjusted),OLUMIANT,PRODUCT,Y,2026-02-27,0.0
SI Market + Oral,TRx (Adjusted),OLUMIANT,PRODUCT,Y,2026-03-06,0.0
SI Market + Oral,TRx (Adjusted),OLUMIANT,PRODUCT,Y,2026-03-13,0.0
SI Market + Oral,TRx (Adjusted),OLUMIANT,PRODUCT,Y,2026-03-20,0.0
SI Market + Oral,TRx (Adjusted),OLUMIANT,PRODUCT,Y,2026-03-27,0.0
SI Market + Oral,TRx (Adjusted),OLUMIANT,PRODUCT,Y,2026-04-03,0.0
SI Market + Oral,TRx (Adjusted),OLUMIANT,PRODUCT,Y,2026-04-10,0.0
SI Market + Oral,TRx (Adjusted),OLUMIANT,PRODUCT,Y,2026-04-17,0.0
SI Market + Oral,TRx (Adjusted),OLUMIANT,PRODUCT,Y,2026-04-24,0.0
SI Market + Oral,TRx (Adjusted),OLUMIANT,PRODUCT,Y,2026-05-01,0.0
SI Market + Oral,TRx (Adjusted),OLUMIANT,PRODUCT,Y,2026-05-08,0.0
SI Market + Oral,TRx (Adjusted),ORENCIA SQ,PRODUCT,Y,2024-05-03,0.9600803523837088
SI Market + Oral,TRx (Adjusted),ORENCIA SQ,PRODUCT,Y,2024-05-10,1.1240503389532472
SI Market + Oral,TRx (Adjusted),ORENCIA SQ,PRODUCT,Y,2024-05-17,0.5827106237341867
SI Market + Oral,TRx (Adjusted),ORENCIA SQ,PRODUCT,Y,2024-05-24,1.1057767484678722
SI Market + Oral,TRx (Adjusted),ORENCIA SQ,PRODUCT,Y,2024-05-31,0.8742674405640349
SI Market + Oral,TRx (Adjusted),ORENCIA SQ,PRODUCT,Y,2024-06-07,0.5618317654095267
SI Market + Oral,TRx (Adjusted),ORENCIA SQ,PRODUCT,Y,2024-06-14,1.2037372019124686
SI Market + Oral,TRx (Adjusted),ORENCIA SQ,PRODUCT,Y,2024-06-21,1.5286194226526664
SI Market + Oral,TRx (Adjusted),ORENCIA SQ,PRODUCT,Y,2024-06-28,1.5531219173595774
SI Market + Oral,TRx (Adjusted),ORENCIA SQ,PRODUCT,Y,2024-07-05,0.9477984824155052
SI Market + Oral,TRx (Adjusted),ORENCIA SQ,PRODUCT,Y,2024-07-12,0.8669007520158875
SI Market + Oral,TRx (Adjusted),ORENCIA SQ,PRODUCT,Y,2024-07-19,2.231932378598061
SI Market + Oral,TRx (Adjusted),ORENCIA SQ,PRODUCT,Y,2024-07-26,1.7929763128020073
SI Market + Oral,TRx (Adjusted),ORENCIA SQ,PRODUCT,Y,2024-08-02,1.566764457458055
SI Market + Oral,TRx (Adjusted),ORENCIA SQ,PRODUCT,Y,2024-08-09,2.121770950852555
SI Market + Oral,TRx (Adjusted),ORENCIA SQ,PRODUCT,Y,2024-08-16,1.608696301110356
SI Market + Oral,TRx (Adjusted),ORENCIA SQ,PRODUCT,Y,2024-08-23,1.7960137963862484
SI Market + Oral,TRx (Adjusted),ORENCIA SQ,PRODUCT,Y,2024-08-30,1.413615732632078
SI Market + Oral,TRx (Adjusted),ORENCIA SQ,PRODUCT,Y,2024-09-06,1.4158312612137527
SI Market + Oral,TRx (Adjusted),ORENCIA SQ,PRODUCT,Y,2024-09-13,1.8834965985175744
SI Market + Oral,TRx (Adjusted),ORENCIA SQ,PRODUCT,Y,2024-09-20,3.2705365341332717
SI Market + Oral,TRx (Adjusted),ORENCIA SQ,PRODUCT,Y,2024-09-27,1.1438351420752195
SI Market + Oral,TRx (Adjusted),ORENCIA SQ,PRODUCT,Y,2024-10-04,2.131303379968722
SI Market + Oral,TRx (Adjusted),ORENCIA SQ,PRODUCT,Y,2024-10-11,2.474626666365762
SI Market + Oral,TRx (Adjusted),ORENCIA SQ,PRODUCT,Y,2024-10-18,2.0508000257287646
SI Market + Oral,TRx (Adjusted),ORENCIA SQ,PRODUCT,Y,2024-10-25,2.021861241424916
SI Market + Oral,TRx (Adjusted),ORENCIA SQ,PRODUCT,Y,2024-11-01,3.536063093649842
SI Market + Oral,TRx (Adjusted),ORENCIA SQ,PRODUCT,Y,2024-11-08,1.9735750374991377
SI Market + Oral,TRx (Adjusted),ORENCIA SQ,PRODUCT,Y,2024-11-15,2.512072838803141
SI Market + Oral,TRx (Adjusted),ORENCIA SQ,PRODUCT,Y,2024-11-22,5.173636076121095
SI Market + Oral,TRx (Adjusted),ORENCIA SQ,PRODUCT,Y,2024-11-29,1.4391782045533674
SI Market + Oral,TRx (Adjusted),ORENCIA SQ,PRODUCT,Y,2024-12-06,4.929826706325335
SI Market + Oral,TRx (Adjusted),ORENCIA SQ,PRODUCT,Y,2024-12-13,4.631638589759098
SI Market + Oral,TRx (Adjusted),ORENCIA SQ,PRODUCT,Y,2024-12-20,5.028556044276814
SI Market + Oral,TRx (Adjusted),ORENCIA SQ,PRODUCT,Y,2024-12-27,1.8990904040105068
SI Market + Oral,TRx (Adjusted),ORENCIA SQ,PRODUCT,Y,2025-01-03,3.2525896824629483
SI Market + Oral,TRx (Adjusted),ORENCIA SQ,PRODUCT,Y,2025-01-10,3.151451471566824
SI Market + Oral,TRx (Adjusted),ORENCIA SQ,PRODUCT,Y,2025-01-17,2.4627648261437325
SI Market + Oral,TRx (Adjusted),ORENCIA SQ,PRODUCT,Y,2025-01-24,1.0712539327026624
SI Market + Oral,TRx (Adjusted),ORENCIA SQ,PRODUCT,Y,2025-01-31,3.194778342068368
SI Market + Oral,TRx (Adjusted),ORENCIA SQ,PRODUCT,Y,2025-02-07,2.534565038327815
SI Market + Oral,TRx (Adjusted),ORENCIA SQ,PRODUCT,Y,2025-02-14,3.3048047662757267
SI Market + Oral,TRx (Adjusted),ORENCIA SQ,PRODUCT,Y,2025-02-21,1.9364398437175143
SI Market + Oral,TRx (Adjusted),ORENCIA SQ,PRODUCT,Y,2025-02-28,1.0771524915023756
SI Market + Oral,TRx (Adjusted),ORENCIA SQ,PRODUCT,Y,2025-03-07,1.7793509816626367
SI Market + Oral,TRx (Adjusted),ORENCIA SQ,PRODUCT,Y,2025-03-14,2.3055300308896376
SI Market + Oral,TRx (Adjusted),ORENCIA SQ,PRODUCT,Y,2025-03-21,1.9096911901834583
SI Market + Oral,TRx (Adjusted),ORENCIA SQ,PRODUCT,Y,2025-03-28,1.751496900047077
SI Market + Oral,TRx (Adjusted),ORENCIA SQ,PRODUCT,Y,2025-04-04,1.8663596830950853
SI Market + Oral,TRx (Adjusted),ORENCIA SQ,PRODUCT,Y,2025-04-11,2.800320912569109
SI Market + Oral,TRx (Adjusted),ORENCIA SQ,PRODUCT,Y,2025-04-18,1.5966875390569126
SI Market + Oral,TRx (Adjusted),ORENCIA SQ,PRODUCT,Y,2025-04-25,3.00700074927036
SI Market + Oral,TRx (Adjusted),ORENCIA SQ,PRODUCT,Y,2025-05-02,1.3900719772377412
SI Market + Oral,TRx (Adjusted),ORENCIA SQ,PRODUCT,Y,2025-05-09,1.9381067177034124
SI Market + Oral,TRx (Adjusted),ORENCIA SQ,PRODUCT,Y,2025-05-16,1.394859181852297
SI Market + Oral,TRx (Adjusted),ORENCIA SQ,PRODUCT,Y,2025-05-23,2.468083903646212
SI Market + Oral,TRx (Adjusted),ORENCIA SQ,PRODUCT,Y,2025-05-30,1.7068900232599098
SI Market + Oral,TRx (Adjusted),ORENCIA SQ,PRODUCT,Y,2025-06-06,2.431397964390285
SI Market + Oral,TRx (Adjusted),ORENCIA SQ,PRODUCT,Y,2025-06-13,2.278413831705
SI Market + Oral,TRx (Adjusted),ORENCIA SQ,PRODUCT,Y,2025-06-20,1.8292548206678247
SI Market + Oral,TRx (Adjusted),ORENCIA SQ,PRODUCT,Y,2025-06-27,2.6684357721919203
SI Market + Oral,TRx (Adjusted),ORENCIA SQ,PRODUCT,Y,2025-07-04,0.9918143111086248
SI Market + Oral,TRx (Adjusted),ORENCIA SQ,PRODUCT,Y,2025-07-11,1.4734486555582853
SI Market + Oral,TRx (Adjusted),ORENCIA SQ,PRODUCT,Y,2025-07-18,2.833405619285243
SI Market + Oral,TRx (Adjusted),ORENCIA SQ,PRODUCT,Y,2025-07-25,1.3166706728992656
SI Market + Oral,TRx (Adjusted),ORENCIA SQ,PRODUCT,Y,2025-08-01,3.2110003156909346
SI Market + Oral,TRx (Adjusted),ORENCIA SQ,PRODUCT,Y,2025-08-08,2.643450930399532
SI Market + Oral,TRx (Adjusted),ORENCIA SQ,PRODUCT,Y,2025-08-15,3.520491391973284
SI Market + Oral,TRx (Adjusted),ORENCIA SQ,PRODUCT,Y,2025-08-22,3.1654267522195267
SI Market + Oral,TRx (Adjusted),ORENCIA SQ,PRODUCT,Y,2025-08-29,3.6251523744915697
SI Market + Oral,TRx (Adjusted),ORENCIA SQ,PRODUCT,Y,2025-09-05,2.28770872603877
SI Market + Oral,TRx (Adjusted),ORENCIA SQ,PRODUCT,Y,2025-09-12,1.4937485861734323
SI Market + Oral,TRx (Adjusted),ORENCIA SQ,PRODUCT,Y,2025-09-19,1.452559385052281
SI Market + Oral,TRx (Adjusted),ORENCIA SQ,PRODUCT,Y,2025-09-26,2.897944252312813
SI Market + Oral,TRx (Adjusted),ORENCIA SQ,PRODUCT,Y,2025-10-03,3.9597188263537393
SI Market + Oral,TRx (Adjusted),ORENCIA SQ,PRODUCT,Y,2025-10-10,1.7468747647218448
SI Market + Oral,TRx (Adjusted),ORENCIA SQ,PRODUCT,Y,2025-10-17,3.4550644611949632
SI Market + Oral,TRx (Adjusted),ORENCIA SQ,PRODUCT,Y,2025-10-24,2.9266234332248744
SI Market + Oral,TRx (Adjusted),ORENCIA SQ,PRODUCT,Y,2025-10-31,4.015145170507431
SI Market + Oral,TRx (Adjusted),ORENCIA SQ,PRODUCT,Y,2025-11-07,3.213478024262643
SI Market + Oral,TRx (Adjusted),ORENCIA SQ,PRODUCT,Y,2025-11-14,2.8099181270123195
SI Market + Oral,TRx (Adjusted),ORENCIA SQ,PRODUCT,Y,2025-11-21,3.253272606615048
SI Market + Oral,TRx (Adjusted),ORENCIA SQ,PRODUCT,Y,2025-11-28,2.0328431440725283
SI Market + Oral,TRx (Adjusted),ORENCIA SQ,PRODUCT,Y,2025-12-05,1.3195094587928329
SI Market + Oral,TRx (Adjusted),ORENCIA SQ,PRODUCT,Y,2025-12-12,2.290374079520023
SI Market + Oral,TRx (Adjusted),ORENCIA SQ,PRODUCT,Y,2025-12-19,1.159146632357267
SI Market + Oral,TRx (Adjusted),ORENCIA SQ,PRODUCT,Y,2025-12-26,1.6735179702366043
SI Market + Oral,TRx (Adjusted),ORENCIA SQ,PRODUCT,Y,2026-01-02,1.2328730004080857
SI Market + Oral,TRx (Adjusted),ORENCIA SQ,PRODUCT,Y,2026-01-09,2.0871502613357213
SI Market + Oral,TRx (Adjusted),ORENCIA SQ,PRODUCT,Y,2026-01-16,0.8703183510654486
SI Market + Oral,TRx (Adjusted),ORENCIA SQ,PRODUCT,Y,2026-01-23,1.9283291736249508
SI Market + Oral,TRx (Adjusted),ORENCIA SQ,PRODUCT,Y,2026-01-30,1.7864125261109711
SI Market + Oral,TRx (Adjusted),ORENCIA SQ,PRODUCT,Y,2026-02-06,1.3703671956063062
SI Market + Oral,TRx (Adjusted),ORENCIA SQ,PRODUCT,Y,2026-02-13,2.3583607994622477
SI Market + Oral,TRx (Adjusted),ORENCIA SQ,PRODUCT,Y,2026-02-20,1.9451905959588924
SI Market + Oral,TRx (Adjusted),ORENCIA SQ,PRODUCT,Y,2026-02-27,2.466799170134101
SI Market + Oral,TRx (Adjusted),ORENCIA SQ,PRODUCT,Y,2026-03-06,3.535034523557301
SI Market + Oral,TRx (Adjusted),ORENCIA SQ,PRODUCT,Y,2026-03-13,3.2337326495954524
SI Market + Oral,TRx (Adjusted),ORENCIA SQ,PRODUCT,Y,2026-03-20,1.3863255863789603
SI Market + Oral,TRx (Adjusted),ORENCIA SQ,PRODUCT,Y,2026-03-27,1.4300046349341202
SI Market + Oral,TRx (Adjusted),ORENCIA SQ,PRODUCT,Y,2026-04-03,3.310598456552009
SI Market + Oral,TRx (Adjusted),ORENCIA SQ,PRODUCT,Y,2026-04-10,1.625351794671469
SI Market + Oral,TRx (Adjusted),ORENCIA SQ,PRODUCT,Y,2026-04-17,1.8093828175809243
SI Market + Oral,TRx (Adjusted),ORENCIA SQ,PRODUCT,Y,2026-04-24,2.826870396752018
SI Market + Oral,TRx (Adjusted),ORENCIA SQ,PRODUCT,Y,2026-05-01,2.9758110036180536
SI Market + Oral,TRx (Adjusted),ORENCIA SQ,PRODUCT,Y,2026-05-08,1.946651634134796
SI Market + Oral,TRx (Adjusted),OTEZLA,PRODUCT,Y,2024-05-03,8.651618142757215
SI Market + Oral,TRx (Adjusted),OTEZLA,PRODUCT,Y,2024-05-10,7.6429149864334365
SI Market + Oral,TRx (Adjusted),OTEZLA,PRODUCT,Y,2024-05-17,9.202964442005609
SI Market + Oral,TRx (Adjusted),OTEZLA,PRODUCT,Y,2024-05-24,3.9223532105037218
SI Market + Oral,TRx (Adjusted),OTEZLA,PRODUCT,Y,2024-05-31,2.869145190195299
SI Market + Oral,TRx (Adjusted),OTEZLA,PRODUCT,Y,2024-06-07,5.518765981671112
SI Market + Oral,TRx (Adjusted),OTEZLA,PRODUCT,Y,2024-06-14,3.6056102667628913
SI Market + Oral,TRx (Adjusted),OTEZLA,PRODUCT,Y,2024-06-21,6.874033761490587
SI Market + Oral,TRx (Adjusted),OTEZLA,PRODUCT,Y,2024-06-28,4.387327189858984
SI Market + Oral,TRx (Adjusted),OTEZLA,PRODUCT,Y,2024-07-05,4.556058383572164
SI Market + Oral,TRx (Adjusted),OTEZLA,PRODUCT,Y,2024-07-12,4.028748739736315
SI Market + Oral,TRx (Adjusted),OTEZLA,PRODUCT,Y,2024-07-19,4.285822683126863
SI Market + Oral,TRx (Adjusted),OTEZLA,PRODUCT,Y,2024-07-26,5.8744897262050335
SI Market + Oral,TRx (Adjusted),OTEZLA,PRODUCT,Y,2024-08-02,2.7724717638104117
SI Market + Oral,TRx (Adjusted),OTEZLA,PRODUCT,Y,2024-08-09,3.739803772014237
SI Market + Oral,TRx (Adjusted),OTEZLA,PRODUCT,Y,2024-08-16,2.0301559152448942
SI Market + Oral,TRx (Adjusted),OTEZLA,PRODUCT,Y,2024-08-23,5.012544029798393
SI Market + Oral,TRx (Adjusted),OTEZLA,PRODUCT,Y,2024-08-30,4.389957344369925
SI Market + Oral,TRx (Adjusted),OTEZLA,PRODUCT,Y,2024-09-06,4.131331872750097
SI Market + Oral,TRx (Adjusted),OTEZLA,PRODUCT,Y,2024-09-13,4.703728142182088
SI Market + Oral,TRx (Adjusted),OTEZLA,PRODUCT,Y,2024-09-20,5.330538198187171
SI Market + Oral,TRx (Adjusted),OTEZLA,PRODUCT,Y,2024-09-27,2.279108942270629
SI Market + Oral,TRx (Adjusted),OTEZLA,PRODUCT,Y,2024-10-04,4.04806437155983
SI Market + Oral,TRx (Adjusted),OTEZLA,PRODUCT,Y,2024-10-11,2.683508333613724
SI Market + Oral,TRx (Adjusted),OTEZLA,PRODUCT,Y,2024-10-18,2.477607879438241
SI Market + Oral,TRx (Adjusted),OTEZLA,PRODUCT,Y,2024-10-25,2.6738200077076315
SI Market + Oral,TRx (Adjusted),OTEZLA,PRODUCT,Y,2024-11-01,2.93553790915801
SI Market + Oral,TRx (Adjusted),OTEZLA,PRODUCT,Y,2024-11-08,2.954838415246367
SI Market + Oral,TRx (Adjusted),OTEZLA,PRODUCT,Y,2024-11-15,2.7764052172761677
SI Market + Oral,TRx (Adjusted),OTEZLA,PRODUCT,Y,2024-11-22,2.2944748704160327
SI Market + Oral,TRx (Adjusted),OTEZLA,PRODUCT,Y,2024-11-29,3.4037913694139523
SI Market + Oral,TRx (Adjusted),OTEZLA,PRODUCT,Y,2024-12-06,5.303643494815574
SI Market + Oral,TRx (Adjusted),OTEZLA,PRODUCT,Y,2024-12-13,3.8706952716551575
SI Market + Oral,TRx (Adjusted),OTEZLA,PRODUCT,Y,2024-12-20,3.496922601948378
SI Market + Oral,TRx (Adjusted),OTEZLA,PRODUCT,Y,2024-12-27,2.951155596357486
SI Market + Oral,TRx (Adjusted),OTEZLA,PRODUCT,Y,2025-01-03,2.023919240809242
SI Market + Oral,TRx (Adjusted),OTEZLA,PRODUCT,Y,2025-01-10,2.037048319878346
SI Market + Oral,TRx (Adjusted),OTEZLA,PRODUCT,Y,2025-01-17,3.9980152712557104
SI Market + Oral,TRx (Adjusted),OTEZLA,PRODUCT,Y,2025-01-24,2.0827558458494626
SI Market + Oral,TRx (Adjusted),OTEZLA,PRODUCT,Y,2025-01-31,4.271774720615645
SI Market + Oral,TRx (Adjusted),OTEZLA,PRODUCT,Y,2025-02-07,4.55117993359699
SI Market + Oral,TRx (Adjusted),OTEZLA,PRODUCT,Y,2025-02-14,3.243712507662133
SI Market + Oral,TRx (Adjusted),OTEZLA,PRODUCT,Y,2025-02-21,3.4450700462938437
SI Market + Oral,TRx (Adjusted),OTEZLA,PRODUCT,Y,2025-02-28,3.027576835503261
SI Market + Oral,TRx (Adjusted),OTEZLA,PRODUCT,Y,2025-03-07,5.580349600748738
SI Market + Oral,TRx (Adjusted),OTEZLA,PRODUCT,Y,2025-03-14,4.8240312638800535
SI Market + Oral,TRx (Adjusted),OTEZLA,PRODUCT,Y,2025-03-21,6.180100689208513
SI Market + Oral,TRx (Adjusted),OTEZLA,PRODUCT,Y,2025-03-28,4.107366036941936
SI Market + Oral,TRx (Adjusted),OTEZLA,PRODUCT,Y,2025-04-04,4.189624350160331
SI Market + Oral,TRx (Adjusted),OTEZLA,PRODUCT,Y,2025-04-11,6.318808731141507
SI Market + Oral,TRx (Adjusted),OTEZLA,PRODUCT,Y,2025-04-18,4.590404133113825
SI Market + Oral,TRx (Adjusted),OTEZLA,PRODUCT,Y,2025-04-25,5.600192235205838
SI Market + Oral,TRx (Adjusted),OTEZLA,PRODUCT,Y,2025-05-02,4.416492705617555
SI Market + Oral,TRx (Adjusted),OTEZLA,PRODUCT,Y,2025-05-09,4.336176086316731
SI Market + Oral,TRx (Adjusted),OTEZLA,PRODUCT,Y,2025-05-16,7.569373093426629
SI Market + Oral,TRx (Adjusted),OTEZLA,PRODUCT,Y,2025-05-23,4.7576275136010775
SI Market + Oral,TRx (Adjusted),OTEZLA,PRODUCT,Y,2025-05-30,5.072711313952951
SI Market + Oral,TRx (Adjusted),OTEZLA,PRODUCT,Y,2025-06-06,2.860999241767052
SI Market + Oral,TRx (Adjusted),OTEZLA,PRODUCT,Y,2025-06-13,3.239182866402986
SI Market + Oral,TRx (Adjusted),OTEZLA,PRODUCT,Y,2025-06-20,3.87086949898518
SI Market + Oral,TRx (Adjusted),OTEZLA,PRODUCT,Y,2025-06-27,3.191941198838593
SI Market + Oral,TRx (Adjusted),OTEZLA,PRODUCT,Y,2025-07-04,2.516606547994632
SI Market + Oral,TRx (Adjusted),OTEZLA,PRODUCT,Y,2025-07-11,2.8246760874990127
SI Market + Oral,TRx (Adjusted),OTEZLA,PRODUCT,Y,2025-07-18,4.04637704735691
SI Market + Oral,TRx (Adjusted),OTEZLA,PRODUCT,Y,2025-07-25,4.895967851937145
SI Market + Oral,TRx (Adjusted),OTEZLA,PRODUCT,Y,2025-08-01,4.084214589573098
SI Market + Oral,TRx (Adjusted),OTEZLA,PRODUCT,Y,2025-08-08,2.3564079182950386
SI Market + Oral,TRx (Adjusted),OTEZLA,PRODUCT,Y,2025-08-15,3.589286507406382
SI Market + Oral,TRx (Adjusted),OTEZLA,PRODUCT,Y,2025-08-22,3.850042386586
SI Market + Oral,TRx (Adjusted),OTEZLA,PRODUCT,Y,2025-08-29,3.275178189422108
SI Market + Oral,TRx (Adjusted),OTEZLA,PRODUCT,Y,2025-09-05,3.160957439395494
SI Market + Oral,TRx (Adjusted),OTEZLA,PRODUCT,Y,2025-09-12,3.380015130811133
SI Market + Oral,TRx (Adjusted),OTEZLA,PRODUCT,Y,2025-09-19,4.456615340969697
SI Market + Oral,TRx (Adjusted),OTEZLA,PRODUCT,Y,2025-09-26,4.825024686833679
SI Market + Oral,TRx (Adjusted),OTEZLA,PRODUCT,Y,2025-10-03,3.7502535084500113
SI Market + Oral,TRx (Adjusted),OTEZLA,PRODUCT,Y,2025-10-10,3.386112189697692
SI Market + Oral,TRx (Adjusted),OTEZLA,PRODUCT,Y,2025-10-17,6.709441088081814
SI Market + Oral,TRx (Adjusted),OTEZLA,PRODUCT,Y,2025-10-24,6.403066851382287
SI Market + Oral,TRx (Adjusted),OTEZLA,PRODUCT,Y,2025-10-31,4.321128339386847
SI Market + Oral,TRx (Adjusted),OTEZLA,PRODUCT,Y,2025-11-07,5.531626574891926
SI Market + Oral,TRx (Adjusted),OTEZLA,PRODUCT,Y,2025-11-14,6.052401802784079
SI Market + Oral,TRx (Adjusted),OTEZLA,PRODUCT,Y,2025-11-21,2.9263458195973984
SI Market + Oral,TRx (Adjusted),OTEZLA,PRODUCT,Y,2025-11-28,5.214177530011671
SI Market + Oral,TRx (Adjusted),OTEZLA,PRODUCT,Y,2025-12-05,4.430274925168863
SI Market + Oral,TRx (Adjusted),OTEZLA,PRODUCT,Y,2025-12-12,7.303612164866269
SI Market + Oral,TRx (Adjusted),OTEZLA,PRODUCT,Y,2025-12-19,5.097729876558414
SI Market + Oral,TRx (Adjusted),OTEZLA,PRODUCT,Y,2025-12-26,4.732983585753588
SI Market + Oral,TRx (Adjusted),OTEZLA,PRODUCT,Y,2026-01-02,3.7433819694669626
SI Market + Oral,TRx (Adjusted),OTEZLA,PRODUCT,Y,2026-01-09,8.349862456598897
SI Market + Oral,TRx (Adjusted),OTEZLA,PRODUCT,Y,2026-01-16,11.486779425538364
SI Market + Oral,TRx (Adjusted),OTEZLA,PRODUCT,Y,2026-01-23,4.690114580157891
SI Market + Oral,TRx (Adjusted),OTEZLA,PRODUCT,Y,2026-01-30,9.26946962055637
SI Market + Oral,TRx (Adjusted),OTEZLA,PRODUCT,Y,2026-02-06,10.940855840591182
SI Market + Oral,TRx (Adjusted),OTEZLA,PRODUCT,Y,2026-02-13,9.766896563925208
SI Market + Oral,TRx (Adjusted),OTEZLA,PRODUCT,Y,2026-02-20,4.793686181835907
SI Market + Oral,TRx (Adjusted),OTEZLA,PRODUCT,Y,2026-02-27,9.261569633650742
SI Market + Oral,TRx (Adjusted),OTEZLA,PRODUCT,Y,2026-03-06,3.1009143147649203
SI Market + Oral,TRx (Adjusted),OTEZLA,PRODUCT,Y,2026-03-13,4.802495184006248
SI Market + Oral,TRx (Adjusted),OTEZLA,PRODUCT,Y,2026-03-20,8.114102239494095
SI Market + Oral,TRx (Adjusted),OTEZLA,PRODUCT,Y,2026-03-27,6.259314890019818
SI Market + Oral,TRx (Adjusted),OTEZLA,PRODUCT,Y,2026-04-03,6.5713554256382025
SI Market + Oral,TRx (Adjusted),OTEZLA,PRODUCT,Y,2026-04-10,5.525878729272286
SI Market + Oral,TRx (Adjusted),OTEZLA,PRODUCT,Y,2026-04-17,6.341449353541214
SI Market + Oral,TRx (Adjusted),OTEZLA,PRODUCT,Y,2026-04-24,6.113770482256732
SI Market + Oral,TRx (Adjusted),OTEZLA,PRODUCT,Y,2026-05-01,5.693383647880608
SI Market + Oral,TRx (Adjusted),OTEZLA,PRODUCT,Y,2026-05-08,11.093802598340035
SI Market + Oral,TRx (Adjusted),SILIQ,PRODUCT,Y,2024-05-03,0.2376985946884837
SI Market + Oral,TRx (Adjusted),SILIQ,PRODUCT,Y,2024-05-10,0.2855085933643579
SI Market + Oral,TRx (Adjusted),SILIQ,PRODUCT,Y,2024-05-17,0.3098106331556137
SI Market + Oral,TRx (Adjusted),SILIQ,PRODUCT,Y,2024-05-24,0.437631510400654
SI Market + Oral,TRx (Adjusted),SILIQ,PRODUCT,Y,2024-05-31,0.1613643302104818
SI Market + Oral,TRx (Adjusted),SILIQ,PRODUCT,Y,2024-06-07,0.2598894270710491
SI Market + Oral,TRx (Adjusted),SILIQ,PRODUCT,Y,2024-06-14,0.1937530496629147
SI Market + Oral,TRx (Adjusted),SILIQ,PRODUCT,Y,2024-06-21,0.4328048005683443
SI Market + Oral,TRx (Adjusted),SILIQ,PRODUCT,Y,2024-06-28,0.1807220769262495
SI Market + Oral,TRx (Adjusted),SILIQ,PRODUCT,Y,2024-07-05,0.3478646232281702
SI Market + Oral,TRx (Adjusted),SILIQ,PRODUCT,Y,2024-07-12,0.8671937248287191
SI Market + Oral,TRx (Adjusted),SILIQ,PRODUCT,Y,2024-07-19,0.2488162137044539
SI Market + Oral,TRx (Adjusted),SILIQ,PRODUCT,Y,2024-07-26,0.4877244048302828
SI Market + Oral,TRx (Adjusted),SILIQ,PRODUCT,Y,2024-08-02,0.421366305549741
SI Market + Oral,TRx (Adjusted),SILIQ,PRODUCT,Y,2024-08-09,0.5161908300459437
SI Market + Oral,TRx (Adjusted),SILIQ,PRODUCT,Y,2024-08-16,0.3285284246364114
SI Market + Oral,TRx (Adjusted),SILIQ,PRODUCT,Y,2024-08-23,0.5545118939501898
SI Market + Oral,TRx (Adjusted),SILIQ,PRODUCT,Y,2024-08-30,0.2585500965817868
SI Market + Oral,TRx (Adjusted),SILIQ,PRODUCT,Y,2024-09-06,0.446442553434801
SI Market + Oral,TRx (Adjusted),SILIQ,PRODUCT,Y,2024-09-13,0.5929788848187444
SI Market + Oral,TRx (Adjusted),SILIQ,PRODUCT,Y,2024-09-20,0.2716843758666754
SI Market + Oral,TRx (Adjusted),SILIQ,PRODUCT,Y,2024-09-27,0.3929767492604485
SI Market + Oral,TRx (Adjusted),SILIQ,PRODUCT,Y,2024-10-04,0.629627611872118
SI Market + Oral,TRx (Adjusted),SILIQ,PRODUCT,Y,2024-10-11,0.1663189444125523
SI Market + Oral,TRx (Adjusted),SILIQ,PRODUCT,Y,2024-10-18,0.3469761516959191
SI Market + Oral,TRx (Adjusted),SILIQ,PRODUCT,Y,2024-10-25,0.3552687024049796
SI Market + Oral,TRx (Adjusted),SILIQ,PRODUCT,Y,2024-11-01,0.3872918379488763
SI Market + Oral,TRx (Adjusted),SILIQ,PRODUCT,Y,2024-11-08,0.2243868506972739
SI Market + Oral,TRx (Adjusted),SILIQ,PRODUCT,Y,2024-11-15,0.4654314292056275
SI Market + Oral,TRx (Adjusted),SILIQ,PRODUCT,Y,2024-11-22,0.2765319090403409
SI Market + Oral,TRx (Adjusted),SILIQ,PRODUCT,Y,2024-11-29,0.3205875989712129
SI Market + Oral,TRx (Adjusted),SILIQ,PRODUCT,Y,2024-12-06,0.649005170665808
SI Market + Oral,TRx (Adjusted),SILIQ,PRODUCT,Y,2024-12-13,0.5627172103363519
SI Market + Oral,TRx (Adjusted),SILIQ,PRODUCT,Y,2024-12-20,0.2628793472987342
SI Market + Oral,TRx (Adjusted),SILIQ,PRODUCT,Y,2024-12-27,0.3513980040633085
SI Market + Oral,TRx (Adjusted),SILIQ,PRODUCT,Y,2025-01-03,0.1675039043398878
SI Market + Oral,TRx (Adjusted),SILIQ,PRODUCT,Y,2025-01-10,0.2031826619151958
SI Market + Oral,TRx (Adjusted),SILIQ,PRODUCT,Y,2025-01-17,0.1186871989167663
SI Market + Oral,TRx (Adjusted),SILIQ,PRODUCT,Y,2025-01-24,0.0892285750474438
SI Market + Oral,TRx (Adjusted),SILIQ,PRODUCT,Y,2025-01-31,0.0702832999090204
SI Market + Oral,TRx (Adjusted),SILIQ,PRODUCT,Y,2025-02-07,0.0558702553538394
SI Market + Oral,TRx (Adjusted),SILIQ,PRODUCT,Y,2025-02-14,0.040604763758687
SI Market + Oral,TRx (Adjusted),SILIQ,PRODUCT,Y,2025-02-21,0.0252947878179849
SI Market + Oral,TRx (Adjusted),SILIQ,PRODUCT,Y,2025-02-28,0.0586893093244654
SI Market + Oral,TRx (Adjusted),SILIQ,PRODUCT,Y,2025-03-07,0.0679725111364136
SI Market + Oral,TRx (Adjusted),SILIQ,PRODUCT,Y,2025-03-14,0.0956985583036046
SI Market + Oral,TRx (Adjusted),SILIQ,PRODUCT,Y,2025-03-21,0.0284275412831636
SI Market + Oral,TRx (Adjusted),SILIQ,PRODUCT,Y,2025-03-28,0.1308677944733124
SI Market + Oral,TRx (Adjusted),SILIQ,PRODUCT,Y,2025-04-04,0.0793652890335644
SI Market + Oral,TRx (Adjusted),SILIQ,PRODUCT,Y,2025-04-11,0.2277990437281909
SI Market + Oral,TRx (Adjusted),SILIQ,PRODUCT,Y,2025-04-18,0.1549030858652356
SI Market + Oral,TRx (Adjusted),SILIQ,PRODUCT,Y,2025-04-25,0.1007554782881445
SI Market + Oral,TRx (Adjusted),SILIQ,PRODUCT,Y,2025-05-02,0.1762287358171325
SI Market + Oral,TRx (Adjusted),SILIQ,PRODUCT,Y,2025-05-09,0.3354795692986202
SI Market + Oral,TRx (Adjusted),SILIQ,PRODUCT,Y,2025-05-16,0.266604026319215
SI Market + Oral,TRx (Adjusted),SILIQ,PRODUCT,Y,2025-05-23,0.1983104077923099
SI Market + Oral,TRx (Adjusted),SILIQ,PRODUCT,Y,2025-05-30,0.2796986414570218
SI Market + Oral,TRx (Adjusted),SILIQ,PRODUCT,Y,2025-06-06,0.1707591222225742
SI Market + Oral,TRx (Adjusted),SILIQ,PRODUCT,Y,2025-06-13,0.2579288790564127
SI Market + Oral,TRx (Adjusted),SILIQ,PRODUCT,Y,2025-06-20,0.4594832078873141
SI Market + Oral,TRx (Adjusted),SILIQ,PRODUCT,Y,2025-06-27,0.4857124983811171
SI Market + Oral,TRx (Adjusted),SILIQ,PRODUCT,Y,2025-07-04,0.3050812538603025
SI Market + Oral,TRx (Adjusted),SILIQ,PRODUCT,Y,2025-07-11,0.4379791573213086
SI Market + Oral,TRx (Adjusted),SILIQ,PRODUCT,Y,2025-07-18,0.1767340308977638
SI Market + Oral,TRx (Adjusted),SILIQ,PRODUCT,Y,2025-07-25,0.4417458148776622
SI Market + Oral,TRx (Adjusted),SILIQ,PRODUCT,Y,2025-08-01,0.3733240325181723
SI Market + Oral,TRx (Adjusted),SILIQ,PRODUCT,Y,2025-08-08,0.0561667397008428
SI Market + Oral,TRx (Adjusted),SILIQ,PRODUCT,Y,2025-08-15,0.1419600855662987
SI Market + Oral,TRx (Adjusted),SILIQ,PRODUCT,Y,2025-08-22,0.1095196249794942
SI Market + Oral,TRx (Adjusted),SILIQ,PRODUCT,Y,2025-08-29,0.1570373615273365
SI Market + Oral,TRx (Adjusted),SILIQ,PRODUCT,Y,2025-09-05,0.0
SI Market + Oral,TRx (Adjusted),SILIQ,PRODUCT,Y,2025-09-12,0.0
SI Market + Oral,TRx (Adjusted),SILIQ,PRODUCT,Y,2025-09-19,0.0
SI Market + Oral,TRx (Adjusted),SILIQ,PRODUCT,Y,2025-09-26,0.0
SI Market + Oral,TRx (Adjusted),SILIQ,PRODUCT,Y,2025-10-03,0.0
SI Market + Oral,TRx (Adjusted),SILIQ,PRODUCT,Y,2025-10-10,0.0
SI Market + Oral,TRx (Adjusted),SILIQ,PRODUCT,Y,2025-10-17,0.0
SI Market + Oral,TRx (Adjusted),SILIQ,PRODUCT,Y,2025-10-24,0.0
SI Market + Oral,TRx (Adjusted),SILIQ,PRODUCT,Y,2025-10-31,0.0
SI Market + Oral,TRx (Adjusted),SILIQ,PRODUCT,Y,2025-11-07,0.0
SI Market + Oral,TRx (Adjusted),SILIQ,PRODUCT,Y,2025-11-14,0.0
SI Market + Oral,TRx (Adjusted),SILIQ,PRODUCT,Y,2025-11-21,0.0
SI Market + Oral,TRx (Adjusted),SILIQ,PRODUCT,Y,2025-11-28,0.0
SI Market + Oral,TRx (Adjusted),SILIQ,PRODUCT,Y,2025-12-05,0.0
SI Market + Oral,TRx (Adjusted),SILIQ,PRODUCT,Y,2025-12-12,0.0
SI Market + Oral,TRx (Adjusted),SILIQ,PRODUCT,Y,2025-12-19,0.0
SI Market + Oral,TRx (Adjusted),SILIQ,PRODUCT,Y,2025-12-26,0.0
SI Market + Oral,TRx (Adjusted),SILIQ,PRODUCT,Y,2026-01-02,0.0
SI Market + Oral,TRx (Adjusted),SILIQ,PRODUCT,Y,2026-01-09,0.0
SI Market + Oral,TRx (Adjusted),SILIQ,PRODUCT,Y,2026-01-16,0.0
SI Market + Oral,TRx (Adjusted),SILIQ,PRODUCT,Y,2026-01-23,0.0
SI Market + Oral,TRx (Adjusted),SILIQ,PRODUCT,Y,2026-01-30,0.0
SI Market + Oral,TRx (Adjusted),SILIQ,PRODUCT,Y,2026-02-06,0.0
SI Market + Oral,TRx (Adjusted),SILIQ,PRODUCT,Y,2026-02-13,0.0
SI Market + Oral,TRx (Adjusted),SILIQ,PRODUCT,Y,2026-02-20,0.0
SI Market + Oral,TRx (Adjusted),SILIQ,PRODUCT,Y,2026-02-27,0.0
SI Market + Oral,TRx (Adjusted),SILIQ,PRODUCT,Y,2026-03-06,0.0
SI Market + Oral,TRx (Adjusted),SILIQ,PRODUCT,Y,2026-03-13,0.0
SI Market + Oral,TRx (Adjusted),SILIQ,PRODUCT,Y,2026-03-20,0.0
SI Market + Oral,TRx (Adjusted),SILIQ,PRODUCT,Y,2026-03-27,0.0
SI Market + Oral,TRx (Adjusted),SILIQ,PRODUCT,Y,2026-04-03,0.0
SI Market + Oral,TRx (Adjusted),SILIQ,PRODUCT,Y,2026-04-10,0.0
SI Market + Oral,TRx (Adjusted),SILIQ,PRODUCT,Y,2026-04-17,0.0
SI Market + Oral,TRx (Adjusted),SILIQ,PRODUCT,Y,2026-04-24,0.0
SI Market + Oral,TRx (Adjusted),SILIQ,PRODUCT,Y,2026-05-01,0.0
SI Market + Oral,TRx (Adjusted),SILIQ,PRODUCT,Y,2026-05-08,0.0
SI Market + Oral,TRx (Adjusted),SKYRIZI,PRODUCT,Y,2024-05-03,5.048940059781426
SI Market + Oral,TRx (Adjusted),SKYRIZI,PRODUCT,Y,2024-05-10,5.577433585314448
SI Market + Oral,TRx (Adjusted),SKYRIZI,PRODUCT,Y,2024-05-17,11.781246156946471
SI Market + Oral,TRx (Adjusted),SKYRIZI,PRODUCT,Y,2024-05-24,8.531171055932928
SI Market + Oral,TRx (Adjusted),SKYRIZI,PRODUCT,Y,2024-05-31,10.155438843486497
SI Market + Oral,TRx (Adjusted),SKYRIZI,PRODUCT,Y,2024-06-07,11.893602500445768
SI Market + Oral,TRx (Adjusted),SKYRIZI,PRODUCT,Y,2024-06-14,19.76468763887271
SI Market + Oral,TRx (Adjusted),SKYRIZI,PRODUCT,Y,2024-06-21,10.996568748074353
SI Market + Oral,TRx (Adjusted),SKYRIZI,PRODUCT,Y,2024-06-28,12.417925426198128
SI Market + Oral,TRx (Adjusted),SKYRIZI,PRODUCT,Y,2024-07-05,7.394250845606643
SI Market + Oral,TRx (Adjusted),SKYRIZI,PRODUCT,Y,2024-07-12,27.850538241593053
SI Market + Oral,TRx (Adjusted),SKYRIZI,PRODUCT,Y,2024-07-19,26.670303641169795
SI Market + Oral,TRx (Adjusted),SKYRIZI,PRODUCT,Y,2024-07-26,17.336506086581302
SI Market + Oral,TRx (Adjusted),SKYRIZI,PRODUCT,Y,2024-08-02,9.920427226315358
SI Market + Oral,TRx (Adjusted),SKYRIZI,PRODUCT,Y,2024-08-09,8.620095108671816
SI Market + Oral,TRx (Adjusted),SKYRIZI,PRODUCT,Y,2024-08-16,10.943143372053036
SI Market + Oral,TRx (Adjusted),SKYRIZI,PRODUCT,Y,2024-08-23,15.780742445253829
SI Market + Oral,TRx (Adjusted),SKYRIZI,PRODUCT,Y,2024-08-30,11.312649404117426
SI Market + Oral,TRx (Adjusted),SKYRIZI,PRODUCT,Y,2024-09-06,12.834731203556943
SI Market + Oral,TRx (Adjusted),SKYRIZI,PRODUCT,Y,2024-09-13,13.23459810265409
SI Market + Oral,TRx (Adjusted),SKYRIZI,PRODUCT,Y,2024-09-20,20.44314415858236
SI Market + Oral,TRx (Adjusted),SKYRIZI,PRODUCT,Y,2024-09-27,13.396248341361463
SI Market + Oral,TRx (Adjusted),SKYRIZI,PRODUCT,Y,2024-10-04,20.40736098544159
SI Market + Oral,TRx (Adjusted),SKYRIZI,PRODUCT,Y,2024-10-11,14.92353360611432
SI Market + Oral,TRx (Adjusted),SKYRIZI,PRODUCT,Y,2024-10-18,13.506500643438365
SI Market + Oral,TRx (Adjusted),SKYRIZI,PRODUCT,Y,2024-10-25,14.844927519675576
SI Market + Oral,TRx (Adjusted),SKYRIZI,PRODUCT,Y,2024-11-01,2.949718835105006
SI Market + Oral,TRx (Adjusted),SKYRIZI,PRODUCT,Y,2024-11-08,8.87021741976866
SI Market + Oral,TRx (Adjusted),SKYRIZI,PRODUCT,Y,2024-11-15,4.378155991023565
SI Market + Oral,TRx (Adjusted),SKYRIZI,PRODUCT,Y,2024-11-22,4.969960658983047
SI Market + Oral,TRx (Adjusted),SKYRIZI,PRODUCT,Y,2024-11-29,3.286868261270768
SI Market + Oral,TRx (Adjusted),SKYRIZI,PRODUCT,Y,2024-12-06,14.42086447439771
SI Market + Oral,TRx (Adjusted),SKYRIZI,PRODUCT,Y,2024-12-13,16.68055501186902
SI Market + Oral,TRx (Adjusted),SKYRIZI,PRODUCT,Y,2024-12-20,14.274379679257905
SI Market + Oral,TRx (Adjusted),SKYRIZI,PRODUCT,Y,2024-12-27,7.3320159070744735
SI Market + Oral,TRx (Adjusted),SKYRIZI,PRODUCT,Y,2025-01-03,13.13441267083674
SI Market + Oral,TRx (Adjusted),SKYRIZI,PRODUCT,Y,2025-01-10,10.26413960154387
SI Market + Oral,TRx (Adjusted),SKYRIZI,PRODUCT,Y,2025-01-17,16.458140191660558
SI Market + Oral,TRx (Adjusted),SKYRIZI,PRODUCT,Y,2025-01-24,10.05857926372556
SI Market + Oral,TRx (Adjusted),SKYRIZI,PRODUCT,Y,2025-01-31,17.255062743091454
SI Market + Oral,TRx (Adjusted),SKYRIZI,PRODUCT,Y,2025-02-07,8.19450039714508
SI Market + Oral,TRx (Adjusted),SKYRIZI,PRODUCT,Y,2025-02-14,12.783667331792016
SI Market + Oral,TRx (Adjusted),SKYRIZI,PRODUCT,Y,2025-02-21,17.063941048021334
SI Market + Oral,TRx (Adjusted),SKYRIZI,PRODUCT,Y,2025-02-28,11.470910189282366
SI Market + Oral,TRx (Adjusted),SKYRIZI,PRODUCT,Y,2025-03-07,19.47564511071687
SI Market + Oral,TRx (Adjusted),SKYRIZI,PRODUCT,Y,2025-03-14,28.763598035740696
SI Market + Oral,TRx (Adjusted),SKYRIZI,PRODUCT,Y,2025-03-21,15.593209208118028
SI Market + Oral,TRx (Adjusted),SKYRIZI,PRODUCT,Y,2025-03-28,20.662817447551312
SI Market + Oral,TRx (Adjusted),SKYRIZI,PRODUCT,Y,2025-04-04,15.181296856574283
SI Market + Oral,TRx (Adjusted),SKYRIZI,PRODUCT,Y,2025-04-11,12.696735325320793
SI Market + Oral,TRx (Adjusted),SKYRIZI,PRODUCT,Y,2025-04-18,12.072154706665378
SI Market + Oral,TRx (Adjusted),SKYRIZI,PRODUCT,Y,2025-04-25,15.505981095770258
SI Market + Oral,TRx (Adjusted),SKYRIZI,PRODUCT,Y,2025-05-02,8.960061807044529
SI Market + Oral,TRx (Adjusted),SKYRIZI,PRODUCT,Y,2025-05-09,10.0207785279
SI Market + Oral,TRx (Adjusted),SKYRIZI,PRODUCT,Y,2025-05-16,13.461755918965691
SI Market + Oral,TRx (Adjusted),SKYRIZI,PRODUCT,Y,2025-05-23,17.146671152748475
SI Market + Oral,TRx (Adjusted),SKYRIZI,PRODUCT,Y,2025-05-30,5.362156332236161
SI Market + Oral,TRx (Adjusted),SKYRIZI,PRODUCT,Y,2025-06-06,21.281706708137243
SI Market + Oral,TRx (Adjusted),SKYRIZI,PRODUCT,Y,2025-06-13,13.729965704971114
SI Market + Oral,TRx (Adjusted),SKYRIZI,PRODUCT,Y,2025-06-20,8.511968395674879
SI Market + Oral,TRx (Adjusted),SKYRIZI,PRODUCT,Y,2025-06-27,9.568209168144415
SI Market + Oral,TRx (Adjusted),SKYRIZI,PRODUCT,Y,2025-07-04,7.884435527555832
SI Market + Oral,TRx (Adjusted),SKYRIZI,PRODUCT,Y,2025-07-11,10.329546516382855
SI Market + Oral,TRx (Adjusted),SKYRIZI,PRODUCT,Y,2025-07-18,12.486428380861865
SI Market + Oral,TRx (Adjusted),SKYRIZI,PRODUCT,Y,2025-07-25,17.979704979934787
SI Market + Oral,TRx (Adjusted),SKYRIZI,PRODUCT,Y,2025-08-01,18.6802859433726
SI Market + Oral,TRx (Adjusted),SKYRIZI,PRODUCT,Y,2025-08-08,5.542359021438717
SI Market + Oral,TRx (Adjusted),SKYRIZI,PRODUCT,Y,2025-08-15,8.859785814450271
SI Market + Oral,TRx (Adjusted),SKYRIZI,PRODUCT,Y,2025-08-22,6.909569641245421
SI Market + Oral,TRx (Adjusted),SKYRIZI,PRODUCT,Y,2025-08-29,14.352440626672772
SI Market + Oral,TRx (Adjusted),SKYRIZI,PRODUCT,Y,2025-09-05,11.36033576526476
SI Market + Oral,TRx (Adjusted),SKYRIZI,PRODUCT,Y,2025-09-12,24.593329595001723
SI Market + Oral,TRx (Adjusted),SKYRIZI,PRODUCT,Y,2025-09-19,12.606800410936346
SI Market + Oral,TRx (Adjusted),SKYRIZI,PRODUCT,Y,2025-09-26,10.81174293641964
SI Market + Oral,TRx (Adjusted),SKYRIZI,PRODUCT,Y,2025-10-03,30.624390798456208
SI Market + Oral,TRx (Adjusted),SKYRIZI,PRODUCT,Y,2025-10-10,8.559129669878239
SI Market + Oral,TRx (Adjusted),SKYRIZI,PRODUCT,Y,2025-10-17,11.456249618403149
SI Market + Oral,TRx (Adjusted),SKYRIZI,PRODUCT,Y,2025-10-24,12.946950318889575
SI Market + Oral,TRx (Adjusted),SKYRIZI,PRODUCT,Y,2025-10-31,26.0574290264664
SI Market + Oral,TRx (Adjusted),SKYRIZI,PRODUCT,Y,2025-11-07,25.820606381868565
SI Market + Oral,TRx (Adjusted),SKYRIZI,PRODUCT,Y,2025-11-14,21.65608940022523
SI Market + Oral,TRx (Adjusted),SKYRIZI,PRODUCT,Y,2025-11-21,35.26249272502231
SI Market + Oral,TRx (Adjusted),SKYRIZI,PRODUCT,Y,2025-11-28,10.2487802334356
SI Market + Oral,TRx (Adjusted),SKYRIZI,PRODUCT,Y,2025-12-05,27.07258168520584
SI Market + Oral,TRx (Adjusted),SKYRIZI,PRODUCT,Y,2025-12-12,9.10231379195664
SI Market + Oral,TRx (Adjusted),SKYRIZI,PRODUCT,Y,2025-12-19,20.176155043051583
SI Market + Oral,TRx (Adjusted),SKYRIZI,PRODUCT,Y,2025-12-26,12.173394283016307
SI Market + Oral,TRx (Adjusted),SKYRIZI,PRODUCT,Y,2026-01-02,8.954933459119289
SI Market + Oral,TRx (Adjusted),SKYRIZI,PRODUCT,Y,2026-01-09,29.2106201825845
SI Market + Oral,TRx (Adjusted),SKYRIZI,PRODUCT,Y,2026-01-16,13.300549075026169
SI Market + Oral,TRx (Adjusted),SKYRIZI,PRODUCT,Y,2026-01-23,30.964332652335848
SI Market + Oral,TRx (Adjusted),SKYRIZI,PRODUCT,Y,2026-01-30,12.98001860200009
SI Market + Oral,TRx (Adjusted),SKYRIZI,PRODUCT,Y,2026-02-06,22.60881284125305
SI Market + Oral,TRx (Adjusted),SKYRIZI,PRODUCT,Y,2026-02-13,32.22304445849092
SI Market + Oral,TRx (Adjusted),SKYRIZI,PRODUCT,Y,2026-02-20,9.67472421079222
SI Market + Oral,TRx (Adjusted),SKYRIZI,PRODUCT,Y,2026-02-27,35.4816350382255
SI Market + Oral,TRx (Adjusted),SKYRIZI,PRODUCT,Y,2026-03-06,8.523750072409689
SI Market + Oral,TRx (Adjusted),SKYRIZI,PRODUCT,Y,2026-03-13,11.073513517183756
SI Market + Oral,TRx (Adjusted),SKYRIZI,PRODUCT,Y,2026-03-20,7.583117255784798
SI Market + Oral,TRx (Adjusted),SKYRIZI,PRODUCT,Y,2026-03-27,11.182239762504752
SI Market + Oral,TRx (Adjusted),SKYRIZI,PRODUCT,Y,2026-04-03,12.842491182961584
SI Market + Oral,TRx (Adjusted),SKYRIZI,PRODUCT,Y,2026-04-10,10.974093797105926
SI Market + Oral,TRx (Adjusted),SKYRIZI,PRODUCT,Y,2026-04-17,7.145457698661513
SI Market + Oral,TRx (Adjusted),SKYRIZI,PRODUCT,Y,2026-04-24,7.80700415890253
SI Market + Oral,TRx (Adjusted),SKYRIZI,PRODUCT,Y,2026-05-01,15.06238244687936
SI Market + Oral,TRx (Adjusted),SKYRIZI,PRODUCT,Y,2026-05-08,7.1765025740287705
SI Market + Oral,TRx (Adjusted),SOTYKTU,PRODUCT,Y,2024-05-03,0.1199696889601962
SI Market + Oral,TRx (Adjusted),SOTYKTU,PRODUCT,Y,2024-05-10,0.2194687218710297
SI Market + Oral,TRx (Adjusted),SOTYKTU,PRODUCT,Y,2024-05-17,0.0739986616907285
SI Market + Oral,TRx (Adjusted),SOTYKTU,PRODUCT,Y,2024-05-24,0.0780914500602957
SI Market + Oral,TRx (Adjusted),SOTYKTU,PRODUCT,Y,2024-05-31,0.2629116168357457
SI Market + Oral,TRx (Adjusted),SOTYKTU,PRODUCT,Y,2024-06-07,0.1806463051609416
SI Market + Oral,TRx (Adjusted),SOTYKTU,PRODUCT,Y,2024-06-14,0.2526823804423107
SI Market + Oral,TRx (Adjusted),SOTYKTU,PRODUCT,Y,2024-06-21,0.2588294197212817
SI Market + Oral,TRx (Adjusted),SOTYKTU,PRODUCT,Y,2024-06-28,0.3058328890456858
SI Market + Oral,TRx (Adjusted),SOTYKTU,PRODUCT,Y,2024-07-05,0.3625632976715701
SI Market + Oral,TRx (Adjusted),SOTYKTU,PRODUCT,Y,2024-07-12,0.5905486912515643
SI Market + Oral,TRx (Adjusted),SOTYKTU,PRODUCT,Y,2024-07-19,0.5794449286064464
SI Market + Oral,TRx (Adjusted),SOTYKTU,PRODUCT,Y,2024-07-26,0.4419512998833343
SI Market + Oral,TRx (Adjusted),SOTYKTU,PRODUCT,Y,2024-08-02,0.7101803965423754
SI Market + Oral,TRx (Adjusted),SOTYKTU,PRODUCT,Y,2024-08-09,1.0248363687130215
SI Market + Oral,TRx (Adjusted),SOTYKTU,PRODUCT,Y,2024-08-16,0.8122374965560221
SI Market + Oral,TRx (Adjusted),SOTYKTU,PRODUCT,Y,2024-08-23,0.7584873322301213
SI Market + Oral,TRx (Adjusted),SOTYKTU,PRODUCT,Y,2024-08-30,0.7114179674068872
SI Market + Oral,TRx (Adjusted),SOTYKTU,PRODUCT,Y,2024-09-06,0.3616048399555351
SI Market + Oral,TRx (Adjusted),SOTYKTU,PRODUCT,Y,2024-09-13,0.6840117818944021
SI Market + Oral,TRx (Adjusted),SOTYKTU,PRODUCT,Y,2024-09-20,0.5070244255852591
SI Market + Oral,TRx (Adjusted),SOTYKTU,PRODUCT,Y,2024-09-27,1.223926933613536
SI Market + Oral,TRx (Adjusted),SOTYKTU,PRODUCT,Y,2024-10-04,0.8168291388243328
SI Market + Oral,TRx (Adjusted),SOTYKTU,PRODUCT,Y,2024-10-11,1.4307679747329765
SI Market + Oral,TRx (Adjusted),SOTYKTU,PRODUCT,Y,2024-10-18,0.6695181850070482
SI Market + Oral,TRx (Adjusted),SOTYKTU,PRODUCT,Y,2024-10-25,0.6599308259000208
SI Market + Oral,TRx (Adjusted),SOTYKTU,PRODUCT,Y,2024-11-01,1.0233632572631182
SI Market + Oral,TRx (Adjusted),SOTYKTU,PRODUCT,Y,2024-11-08,0.9541295098718016
SI Market + Oral,TRx (Adjusted),SOTYKTU,PRODUCT,Y,2024-11-15,1.3868938005662597
SI Market + Oral,TRx (Adjusted),SOTYKTU,PRODUCT,Y,2024-11-22,1.5036546353002536
SI Market + Oral,TRx (Adjusted),SOTYKTU,PRODUCT,Y,2024-11-29,1.5918010388882926
SI Market + Oral,TRx (Adjusted),SOTYKTU,PRODUCT,Y,2024-12-06,0.9870729767622788
SI Market + Oral,TRx (Adjusted),SOTYKTU,PRODUCT,Y,2024-12-13,1.5067819236681324
SI Market + Oral,TRx (Adjusted),SOTYKTU,PRODUCT,Y,2024-12-20,0.96106012092456
SI Market + Oral,TRx (Adjusted),SOTYKTU,PRODUCT,Y,2024-12-27,1.503692291903603
SI Market + Oral,TRx (Adjusted),SOTYKTU,PRODUCT,Y,2025-01-03,0.9010483198947274
SI Market + Oral,TRx (Adjusted),SOTYKTU,PRODUCT,Y,2025-01-10,1.1803140395384268
SI Market + Oral,TRx (Adjusted),SOTYKTU,PRODUCT,Y,2025-01-17,0.9071235537098522
SI Market + Oral,TRx (Adjusted),SOTYKTU,PRODUCT,Y,2025-01-24,0.5373228233520445
SI Market + Oral,TRx (Adjusted),SOTYKTU,PRODUCT,Y,2025-01-31,0.9069893227658145
SI Market + Oral,TRx (Adjusted),SOTYKTU,PRODUCT,Y,2025-02-07,1.4418899615302816
SI Market + Oral,TRx (Adjusted),SOTYKTU,PRODUCT,Y,2025-02-14,1.3884483175493898
SI Market + Oral,TRx (Adjusted),SOTYKTU,PRODUCT,Y,2025-02-21,2.1246498977243182
SI Market + Oral,TRx (Adjusted),SOTYKTU,PRODUCT,Y,2025-02-28,0.8684481918054591
SI Market + Oral,TRx (Adjusted),SOTYKTU,PRODUCT,Y,2025-03-07,1.3321488271890063
SI Market + Oral,TRx (Adjusted),SOTYKTU,PRODUCT,Y,2025-03-14,1.302800105247656
SI Market + Oral,TRx (Adjusted),SOTYKTU,PRODUCT,Y,2025-03-21,1.1955805706243876
SI Market + Oral,TRx (Adjusted),SOTYKTU,PRODUCT,Y,2025-03-28,1.3421213282892654
SI Market + Oral,TRx (Adjusted),SOTYKTU,PRODUCT,Y,2025-04-04,1.1076833651618447
SI Market + Oral,TRx (Adjusted),SOTYKTU,PRODUCT,Y,2025-04-11,1.23296132575508
SI Market + Oral,TRx (Adjusted),SOTYKTU,PRODUCT,Y,2025-04-18,1.0685699864828262
SI Market + Oral,TRx (Adjusted),SOTYKTU,PRODUCT,Y,2025-04-25,1.7785890125282806
SI Market + Oral,TRx (Adjusted),SOTYKTU,PRODUCT,Y,2025-05-02,1.4165843381379497
SI Market + Oral,TRx (Adjusted),SOTYKTU,PRODUCT,Y,2025-05-09,0.7194477445832181
SI Market + Oral,TRx (Adjusted),SOTYKTU,PRODUCT,Y,2025-05-16,2.340694858667515
SI Market + Oral,TRx (Adjusted),SOTYKTU,PRODUCT,Y,2025-05-23,1.7155464136827137
SI Market + Oral,TRx (Adjusted),SOTYKTU,PRODUCT,Y,2025-05-30,1.6880525994858164
SI Market + Oral,TRx (Adjusted),SOTYKTU,PRODUCT,Y,2025-06-06,0.9376016118186888
SI Market + Oral,TRx (Adjusted),SOTYKTU,PRODUCT,Y,2025-06-13,1.2962856305382104
SI Market + Oral,TRx (Adjusted),SOTYKTU,PRODUCT,Y,2025-06-20,1.1600140084420631
SI Market + Oral,TRx (Adjusted),SOTYKTU,PRODUCT,Y,2025-06-27,1.6469078122136884
SI Market + Oral,TRx (Adjusted),SOTYKTU,PRODUCT,Y,2025-07-04,0.9912137880502888
SI Market + Oral,TRx (Adjusted),SOTYKTU,PRODUCT,Y,2025-07-11,0.3679779209765456
SI Market + Oral,TRx (Adjusted),SOTYKTU,PRODUCT,Y,2025-07-18,0.248998459299227
SI Market + Oral,TRx (Adjusted),SOTYKTU,PRODUCT,Y,2025-07-25,0.5196738891235304
SI Market + Oral,TRx (Adjusted),SOTYKTU,PRODUCT,Y,2025-08-01,0.2139098243822122
SI Market + Oral,TRx (Adjusted),SOTYKTU,PRODUCT,Y,2025-08-08,0.087076851990718
SI Market + Oral,TRx (Adjusted),SOTYKTU,PRODUCT,Y,2025-08-15,0.0771131881924919
SI Market + Oral,TRx (Adjusted),SOTYKTU,PRODUCT,Y,2025-08-22,0.1900036378959542
SI Market + Oral,TRx (Adjusted),SOTYKTU,PRODUCT,Y,2025-08-29,0.0701354901642452
SI Market + Oral,TRx (Adjusted),SOTYKTU,PRODUCT,Y,2025-09-05,0.0
SI Market + Oral,TRx (Adjusted),SOTYKTU,PRODUCT,Y,2025-09-12,0.0
SI Market + Oral,TRx (Adjusted),SOTYKTU,PRODUCT,Y,2025-09-19,0.0
SI Market + Oral,TRx (Adjusted),SOTYKTU,PRODUCT,Y,2025-09-26,0.0
SI Market + Oral,TRx (Adjusted),SOTYKTU,PRODUCT,Y,2025-10-03,0.0
SI Market + Oral,TRx (Adjusted),SOTYKTU,PRODUCT,Y,2025-10-10,0.0
SI Market + Oral,TRx (Adjusted),SOTYKTU,PRODUCT,Y,2025-10-17,0.0
SI Market + Oral,TRx (Adjusted),SOTYKTU,PRODUCT,Y,2025-10-24,0.0
SI Market + Oral,TRx (Adjusted),SOTYKTU,PRODUCT,Y,2025-10-31,0.0
SI Market + Oral,TRx (Adjusted),SOTYKTU,PRODUCT,Y,2025-11-07,0.0
SI Market + Oral,TRx (Adjusted),SOTYKTU,PRODUCT,Y,2025-11-14,0.0
SI Market + Oral,TRx (Adjusted),SOTYKTU,PRODUCT,Y,2025-11-21,0.0
SI Market + Oral,TRx (Adjusted),SOTYKTU,PRODUCT,Y,2025-11-28,0.0
SI Market + Oral,TRx (Adjusted),SOTYKTU,PRODUCT,Y,2025-12-05,0.0
SI Market + Oral,TRx (Adjusted),SOTYKTU,PRODUCT,Y,2025-12-12,0.0
SI Market + Oral,TRx (Adjusted),SOTYKTU,PRODUCT,Y,2025-12-19,0.0
SI Market + Oral,TRx (Adjusted),SOTYKTU,PRODUCT,Y,2025-12-26,0.0
SI Market + Oral,TRx (Adjusted),SOTYKTU,PRODUCT,Y,2026-01-02,0.0
SI Market + Oral,TRx (Adjusted),SOTYKTU,PRODUCT,Y,2026-01-09,0.0
SI Market + Oral,TRx (Adjusted),SOTYKTU,PRODUCT,Y,2026-01-16,0.0
SI Market + Oral,TRx (Adjusted),SOTYKTU,PRODUCT,Y,2026-01-23,0.0
SI Market + Oral,TRx (Adjusted),SOTYKTU,PRODUCT,Y,2026-01-30,0.0
SI Market + Oral,TRx (Adjusted),SOTYKTU,PRODUCT,Y,2026-02-06,0.0
SI Market + Oral,TRx (Adjusted),SOTYKTU,PRODUCT,Y,2026-02-13,0.0
SI Market + Oral,TRx (Adjusted),SOTYKTU,PRODUCT,Y,2026-02-20,0.0
SI Market + Oral,TRx (Adjusted),SOTYKTU,PRODUCT,Y,2026-02-27,0.0
SI Market + Oral,TRx (Adjusted),SOTYKTU,PRODUCT,Y,2026-03-06,0.0
SI Market + Oral,TRx (Adjusted),SOTYKTU,PRODUCT,Y,2026-03-13,0.0
SI Market + Oral,TRx (Adjusted),SOTYKTU,PRODUCT,Y,2026-03-20,0.0
SI Market + Oral,TRx (Adjusted),SOTYKTU,PRODUCT,Y,2026-03-27,0.0
SI Market + Oral,TRx (Adjusted),SOTYKTU,PRODUCT,Y,2026-04-03,0.0
SI Market + Oral,TRx (Adjusted),SOTYKTU,PRODUCT,Y,2026-04-10,0.0
SI Market + Oral,TRx (Adjusted),SOTYKTU,PRODUCT,Y,2026-04-17,0.0
SI Market + Oral,TRx (Adjusted),SOTYKTU,PRODUCT,Y,2026-04-24,0.0
SI Market + Oral,TRx (Adjusted),SOTYKTU,PRODUCT,Y,2026-05-01,0.0
SI Market + Oral,TRx (Adjusted),SOTYKTU,PRODUCT,Y,2026-05-08,0.0
SI Market + Oral,TRx (Adjusted),TALTZ,PRODUCT,Y,2024-05-03,3.0140931193759304
SI Market + Oral,TRx (Adjusted),TALTZ,PRODUCT,Y,2024-05-10,3.5526199448362545
SI Market + Oral,TRx (Adjusted),TALTZ,PRODUCT,Y,2024-05-17,6.434049812806255
SI Market + Oral,TRx (Adjusted),TALTZ,PRODUCT,Y,2024-05-24,5.829205319313267
SI Market + Oral,TRx (Adjusted),TALTZ,PRODUCT,Y,2024-05-31,3.132295369985386
SI Market + Oral,TRx (Adjusted),TALTZ,PRODUCT,Y,2024-06-07,6.693122331782267
SI Market + Oral,TRx (Adjusted),TALTZ,PRODUCT,Y,2024-06-14,3.126942850911126
SI Market + Oral,TRx (Adjusted),TALTZ,PRODUCT,Y,2024-06-21,3.0005553583546383
SI Market + Oral,TRx (Adjusted),TALTZ,PRODUCT,Y,2024-06-28,3.419590623111277
SI Market + Oral,TRx (Adjusted),TALTZ,PRODUCT,Y,2024-07-05,4.590731150124555
SI Market + Oral,TRx (Adjusted),TALTZ,PRODUCT,Y,2024-07-12,4.968101972570704
SI Market + Oral,TRx (Adjusted),TALTZ,PRODUCT,Y,2024-07-19,5.100440111147206
SI Market + Oral,TRx (Adjusted),TALTZ,PRODUCT,Y,2024-07-26,2.435085531703021
SI Market + Oral,TRx (Adjusted),TALTZ,PRODUCT,Y,2024-08-02,2.7587729057456203
SI Market + Oral,TRx (Adjusted),TALTZ,PRODUCT,Y,2024-08-09,6.003520570815067
SI Market + Oral,TRx (Adjusted),TALTZ,PRODUCT,Y,2024-08-16,3.214687535172704
SI Market + Oral,TRx (Adjusted),TALTZ,PRODUCT,Y,2024-08-23,7.520866091781333
SI Market + Oral,TRx (Adjusted),TALTZ,PRODUCT,Y,2024-08-30,6.382018174197444
SI Market + Oral,TRx (Adjusted),TALTZ,PRODUCT,Y,2024-09-06,3.392154584899171
SI Market + Oral,TRx (Adjusted),TALTZ,PRODUCT,Y,2024-09-13,4.349384890179183
SI Market + Oral,TRx (Adjusted),TALTZ,PRODUCT,Y,2024-09-20,7.586184916759176
SI Market + Oral,TRx (Adjusted),TALTZ,PRODUCT,Y,2024-09-27,3.0826778947698106
SI Market + Oral,TRx (Adjusted),TALTZ,PRODUCT,Y,2024-10-04,4.455412984452305
SI Market + Oral,TRx (Adjusted),TALTZ,PRODUCT,Y,2024-10-11,4.1736533593241125
SI Market + Oral,TRx (Adjusted),TALTZ,PRODUCT,Y,2024-10-18,2.434661542199894
SI Market + Oral,TRx (Adjusted),TALTZ,PRODUCT,Y,2024-10-25,5.768561159186294
SI Market + Oral,TRx (Adjusted),TALTZ,PRODUCT,Y,2024-11-01,1.628800924279058
SI Market + Oral,TRx (Adjusted),TALTZ,PRODUCT,Y,2024-11-08,4.048074646745622
SI Market + Oral,TRx (Adjusted),TALTZ,PRODUCT,Y,2024-11-15,3.8449137478927247
SI Market + Oral,TRx (Adjusted),TALTZ,PRODUCT,Y,2024-11-22,3.827446221046093
SI Market + Oral,TRx (Adjusted),TALTZ,PRODUCT,Y,2024-11-29,2.3109158005154096
SI Market + Oral,TRx (Adjusted),TALTZ,PRODUCT,Y,2024-12-06,4.919924591167647
SI Market + Oral,TRx (Adjusted),TALTZ,PRODUCT,Y,2024-12-13,2.4396890261728914
SI Market + Oral,TRx (Adjusted),TALTZ,PRODUCT,Y,2024-12-20,2.067394312243189
SI Market + Oral,TRx (Adjusted),TALTZ,PRODUCT,Y,2024-12-27,1.3559631207261005
SI Market + Oral,TRx (Adjusted),TALTZ,PRODUCT,Y,2025-01-03,3.173594357400682
SI Market + Oral,TRx (Adjusted),TALTZ,PRODUCT,Y,2025-01-10,1.7105763646250978
SI Market + Oral,TRx (Adjusted),TALTZ,PRODUCT,Y,2025-01-17,1.6426739928861211
SI Market + Oral,TRx (Adjusted),TALTZ,PRODUCT,Y,2025-01-24,2.295068931018744
SI Market + Oral,TRx (Adjusted),TALTZ,PRODUCT,Y,2025-01-31,2.596494287248857
SI Market + Oral,TRx (Adjusted),TALTZ,PRODUCT,Y,2025-02-07,1.7203927733580369
SI Market + Oral,TRx (Adjusted),TALTZ,PRODUCT,Y,2025-02-14,2.163366171260458
SI Market + Oral,TRx (Adjusted),TALTZ,PRODUCT,Y,2025-02-21,0.9817576309472004
SI Market + Oral,TRx (Adjusted),TALTZ,PRODUCT,Y,2025-02-28,2.797191653398924
SI Market + Oral,TRx (Adjusted),TALTZ,PRODUCT,Y,2025-03-07,1.2303059238838894
SI Market + Oral,TRx (Adjusted),TALTZ,PRODUCT,Y,2025-03-14,0.984005027630402
SI Market + Oral,TRx (Adjusted),TALTZ,PRODUCT,Y,2025-03-21,2.3122528344136013
SI Market + Oral,TRx (Adjusted),TALTZ,PRODUCT,Y,2025-03-28,1.8226715696883091
SI Market + Oral,TRx (Adjusted),TALTZ,PRODUCT,Y,2025-04-04,1.6308316592283427
SI Market + Oral,TRx (Adjusted),TALTZ,PRODUCT,Y,2025-04-11,2.116305745818958
SI Market + Oral,TRx (Adjusted),TALTZ,PRODUCT,Y,2025-04-18,2.1271688513919536
SI Market + Oral,TRx (Adjusted),TALTZ,PRODUCT,Y,2025-04-25,1.4212378456475223
SI Market + Oral,TRx (Adjusted),TALTZ,PRODUCT,Y,2025-05-02,1.309526213236535
SI Market + Oral,TRx (Adjusted),TALTZ,PRODUCT,Y,2025-05-09,2.460912345395814
SI Market + Oral,TRx (Adjusted),TALTZ,PRODUCT,Y,2025-05-16,1.3059274658048172
SI Market + Oral,TRx (Adjusted),TALTZ,PRODUCT,Y,2025-05-23,1.6338780857449926
SI Market + Oral,TRx (Adjusted),TALTZ,PRODUCT,Y,2025-05-30,0.8473189520734524
SI Market + Oral,TRx (Adjusted),TALTZ,PRODUCT,Y,2025-06-06,3.103511309159285
SI Market + Oral,TRx (Adjusted),TALTZ,PRODUCT,Y,2025-06-13,3.282077371095097
SI Market + Oral,TRx (Adjusted),TALTZ,PRODUCT,Y,2025-06-20,3.6670619738590826
SI Market + Oral,TRx (Adjusted),TALTZ,PRODUCT,Y,2025-06-27,1.984293076201157
SI Market + Oral,TRx (Adjusted),TALTZ,PRODUCT,Y,2025-07-04,1.1700378315858369
SI Market + Oral,TRx (Adjusted),TALTZ,PRODUCT,Y,2025-07-11,3.1374948769398148
SI Market + Oral,TRx (Adjusted),TALTZ,PRODUCT,Y,2025-07-18,4.591051622974419
SI Market + Oral,TRx (Adjusted),TALTZ,PRODUCT,Y,2025-07-25,6.003841862324383
SI Market + Oral,TRx (Adjusted),TALTZ,PRODUCT,Y,2025-08-01,4.127879362115402
SI Market + Oral,TRx (Adjusted),TALTZ,PRODUCT,Y,2025-08-08,4.414067696872122
SI Market + Oral,TRx (Adjusted),TALTZ,PRODUCT,Y,2025-08-15,6.1508871837743895
SI Market + Oral,TRx (Adjusted),TALTZ,PRODUCT,Y,2025-08-22,6.8856964790404165
SI Market + Oral,TRx (Adjusted),TALTZ,PRODUCT,Y,2025-08-29,3.2531758604247534
SI Market + Oral,TRx (Adjusted),TALTZ,PRODUCT,Y,2025-09-05,2.276127747398973
SI Market + Oral,TRx (Adjusted),TALTZ,PRODUCT,Y,2025-09-12,2.398596215378619
SI Market + Oral,TRx (Adjusted),TALTZ,PRODUCT,Y,2025-09-19,3.707790724884103
SI Market + Oral,TRx (Adjusted),TALTZ,PRODUCT,Y,2025-09-26,2.452123931770936
SI Market + Oral,TRx (Adjusted),TALTZ,PRODUCT,Y,2025-10-03,2.797869085352002
SI Market + Oral,TRx (Adjusted),TALTZ,PRODUCT,Y,2025-10-10,3.8857098601523687
SI Market + Oral,TRx (Adjusted),TALTZ,PRODUCT,Y,2025-10-17,2.0809325721727507
SI Market + Oral,TRx (Adjusted),TALTZ,PRODUCT,Y,2025-10-24,3.809442292601385
SI Market + Oral,TRx (Adjusted),TALTZ,PRODUCT,Y,2025-10-31,5.179517092080718
SI Market + Oral,TRx (Adjusted),TALTZ,PRODUCT,Y,2025-11-07,2.664361465069446
SI Market + Oral,TRx (Adjusted),TALTZ,PRODUCT,Y,2025-11-14,3.503688456313086
SI Market + Oral,TRx (Adjusted),TALTZ,PRODUCT,Y,2025-11-21,1.7101015471484369
SI Market + Oral,TRx (Adjusted),TALTZ,PRODUCT,Y,2025-11-28,2.34321016342385
SI Market + Oral,TRx (Adjusted),TALTZ,PRODUCT,Y,2025-12-05,1.3607748253095886
SI Market + Oral,TRx (Adjusted),TALTZ,PRODUCT,Y,2025-12-12,3.624136657126062
SI Market + Oral,TRx (Adjusted),TALTZ,PRODUCT,Y,2025-12-19,1.5459615534698812
SI Market + Oral,TRx (Adjusted),TALTZ,PRODUCT,Y,2025-12-26,0.8074837199968043
SI Market + Oral,TRx (Adjusted),TALTZ,PRODUCT,Y,2026-01-02,1.7165810583818093
SI Market + Oral,TRx (Adjusted),TALTZ,PRODUCT,Y,2026-01-09,2.88912470101831
SI Market + Oral,TRx (Adjusted),TALTZ,PRODUCT,Y,2026-01-16,2.154403180818284
SI Market + Oral,TRx (Adjusted),TALTZ,PRODUCT,Y,2026-01-23,2.2391954423253773
SI Market + Oral,TRx (Adjusted),TALTZ,PRODUCT,Y,2026-01-30,1.1807204773724909
SI Market + Oral,TRx (Adjusted),TALTZ,PRODUCT,Y,2026-02-06,3.4987506630176424
SI Market + Oral,TRx (Adjusted),TALTZ,PRODUCT,Y,2026-02-13,2.66437884375331
SI Market + Oral,TRx (Adjusted),TALTZ,PRODUCT,Y,2026-02-20,2.052348512076492
SI Market + Oral,TRx (Adjusted),TALTZ,PRODUCT,Y,2026-02-27,1.722505992970891
SI Market + Oral,TRx (Adjusted),TALTZ,PRODUCT,Y,2026-03-06,3.109777472893261
SI Market + Oral,TRx (Adjusted),TALTZ,PRODUCT,Y,2026-03-13,2.883543296998685
SI Market + Oral,TRx (Adjusted),TALTZ,PRODUCT,Y,2026-03-20,2.8336056112067034
SI Market + Oral,TRx (Adjusted),TALTZ,PRODUCT,Y,2026-03-27,2.799135238738736
SI Market + Oral,TRx (Adjusted),TALTZ,PRODUCT,Y,2026-04-03,2.164809989238962
SI Market + Oral,TRx (Adjusted),TALTZ,PRODUCT,Y,2026-04-10,4.072669899809163
SI Market + Oral,TRx (Adjusted),TALTZ,PRODUCT,Y,2026-04-17,2.613679437157144
SI Market + Oral,TRx (Adjusted),TALTZ,PRODUCT,Y,2026-04-24,3.440647877589433
SI Market + Oral,TRx (Adjusted),TALTZ,PRODUCT,Y,2026-05-01,4.507391118677737
SI Market + Oral,TRx (Adjusted),TALTZ,PRODUCT,Y,2026-05-08,3.797572413516352
SI Market + Oral,TRx (Adjusted),SI Market + Oral,MARKET_TOTAL,N,2026-05-15,77871.51577210918
SI Market + Oral,TRx (Adjusted),HUMIRA (Including Citrate Free),PRODUCT,N,2026-05-15,10566.35446706292
SI Market + Oral,TRx (Adjusted),ADALIMUMAB,PRODUCT,N,2026-05-15,8093.673953923526
SI Market + Oral,TRx (Adjusted),CIMZIA,PRODUCT,N,2026-05-15,313.1286083173893
SI Market + Oral,TRx (Adjusted),ENTYVIO SQ,PRODUCT,N,2026-05-15,4806.542160402721
SI Market + Oral,TRx (Adjusted),OMVOH SQ,PRODUCT,N,2026-05-15,559.7788942969121
SI Market + Oral,TRx (Adjusted),RINVOQ,PRODUCT,N,2026-05-15,11658.781740311402
SI Market + Oral,TRx (Adjusted),SIMPONI SC,PRODUCT,N,2026-05-15,126.6801777943612
SI Market + Oral,TRx (Adjusted),SKYRIZI OBI,PRODUCT,N,2026-05-15,22027.947069651847
SI Market + Oral,TRx (Adjusted),STELARA BIOSIMILARS TOTAL SQ,PRODUCT,N,2026-05-15,6919.434601373875
SI Market + Oral,TRx (Adjusted),STELARA SQ,PRODUCT,N,2026-05-15,4995.549312661362
SI Market + Oral,TRx (Adjusted),TREMFYA,PRODUCT,N,2026-05-15,5334.506778880816
SI Market + Oral,TRx (Adjusted),VELSIPITY,PRODUCT,N,2026-05-15,524.2000995959554
SI Market + Oral,TRx (Adjusted),XELJANZ,PRODUCT,N,2026-05-15,707.0245155360881
SI Market + Oral,TRx (Adjusted),ZEPOSIA,PRODUCT,N,2026-05-15,424.4598238961671
SI Market + Oral,TRx (Adjusted),ZYMFENTRA,PRODUCT,N,2026-05-15,705.0282028600778
SI Market + Oral,TRx (Adjusted),Total Non-Approved Volume,PRODUCT,N,2026-05-15,108.42536554375444
SI Market + Oral,TRx (Adjusted),ACTEMRA BIOSIMILARS SQ TOTAL,PRODUCT,Y,2026-05-15,1.1066895920796684
SI Market + Oral,TRx (Adjusted),ACTEMRA SQ,PRODUCT,Y,2026-05-15,1.1603123073537087
SI Market + Oral,TRx (Adjusted),BIMZELX,PRODUCT,Y,2026-05-15,7.686318830938575
SI Market + Oral,TRx (Adjusted),COSENTYX SQ,PRODUCT,Y,2026-05-15,0.592196544052756
SI Market + Oral,TRx (Adjusted),ENBREL,PRODUCT,Y,2026-05-15,15.879177035235807
SI Market + Oral,TRx (Adjusted),ILUMYA,PRODUCT,Y,2026-05-15,57.10353932185059
SI Market + Oral,TRx (Adjusted),KEVZARA,PRODUCT,Y,2026-05-15,0.7633012532673761
SI Market + Oral,TRx (Adjusted),KINERET,PRODUCT,Y,2026-05-15,0.5799819293811705
SI Market + Oral,TRx (Adjusted),OLUMIANT,PRODUCT,Y,2026-05-15,0.0
SI Market + Oral,TRx (Adjusted),ORENCIA SQ,PRODUCT,Y,2026-05-15,1.6854520157906945
SI Market + Oral,TRx (Adjusted),OTEZLA,PRODUCT,Y,2026-05-15,3.415436818112648
SI Market + Oral,TRx (Adjusted),SILIQ,PRODUCT,Y,2026-05-15,0.0
SI Market + Oral,TRx (Adjusted),SKYRIZI,PRODUCT,Y,2026-05-15,12.68687236662777
SI Market + Oral,TRx (Adjusted),SOTYKTU,PRODUCT,Y,2026-05-15,0.0
SI Market + Oral,TRx (Adjusted),TALTZ,PRODUCT,Y,2026-05-15,5.766087529063685
SI Market + Oral,TRx (Adjusted),SI Market + Oral,MARKET_TOTAL,N,2026-05-22,80508.54849250936
SI Market + Oral,TRx (Adjusted),HUMIRA (Including Citrate Free),PRODUCT,N,2026-05-22,14824.366786794868
SI Market + Oral,TRx (Adjusted),ADALIMUMAB,PRODUCT,N,2026-05-22,13550.609927852443
SI Market + Oral,TRx (Adjusted),CIMZIA,PRODUCT,N,2026-05-22,858.0042712672587
SI Market + Oral,TRx (Adjusted),ENTYVIO SQ,PRODUCT,N,2026-05-22,2970.757437852172
SI Market + Oral,TRx (Adjusted),OMVOH SQ,PRODUCT,N,2026-05-22,445.4362146246826
SI Market + Oral,TRx (Adjusted),RINVOQ,PRODUCT,N,2026-05-22,7087.356075519647
SI Market + Oral,TRx (Adjusted),SIMPONI SC,PRODUCT,N,2026-05-22,205.45264425569448
SI Market + Oral,TRx (Adjusted),SKYRIZI OBI,PRODUCT,N,2026-05-22,10742.06974202727
SI Market + Oral,TRx (Adjusted),STELARA BIOSIMILARS TOTAL SQ,PRODUCT,N,2026-05-22,6553.26984238437
SI Market + Oral,TRx (Adjusted),STELARA SQ,PRODUCT,N,2026-05-22,9834.052266403229
SI Market + Oral,TRx (Adjusted),TREMFYA,PRODUCT,N,2026-05-22,10105.956147637327
SI Market + Oral,TRx (Adjusted),VELSIPITY,PRODUCT,N,2026-05-22,299.9963907021525
SI Market + Oral,TRx (Adjusted),XELJANZ,PRODUCT,N,2026-05-22,2146.477390653653
SI Market + Oral,TRx (Adjusted),ZEPOSIA,PRODUCT,N,2026-05-22,345.7155539860705
SI Market + Oral,TRx (Adjusted),ZYMFENTRA,PRODUCT,N,2026-05-22,427.392060564099
SI Market + Oral,TRx (Adjusted),Total Non-Approved Volume,PRODUCT,N,2026-05-22,111.63573998441808
SI Market + Oral,TRx (Adjusted),ACTEMRA BIOSIMILARS SQ TOTAL,PRODUCT,Y,2026-05-22,1.2143739329350691
SI Market + Oral,TRx (Adjusted),ACTEMRA SQ,PRODUCT,Y,2026-05-22,1.184017386051692
SI Market + Oral,TRx (Adjusted),BIMZELX,PRODUCT,Y,2026-05-22,2.81435999015197
SI Market + Oral,TRx (Adjusted),COSENTYX SQ,PRODUCT,Y,2026-05-22,0.6942137796031201
SI Market + Oral,TRx (Adjusted),ENBREL,PRODUCT,Y,2026-05-22,49.86360131900083
SI Market + Oral,TRx (Adjusted),ILUMYA,PRODUCT,Y,2026-05-22,33.56050243485802
SI Market + Oral,TRx (Adjusted),KEVZARA,PRODUCT,Y,2026-05-22,1.0887586114379402
SI Market + Oral,TRx (Adjusted),KINERET,PRODUCT,Y,2026-05-22,0.4402663420198319
SI Market + Oral,TRx (Adjusted),OLUMIANT,PRODUCT,Y,2026-05-22,0.0
SI Market + Oral,TRx (Adjusted),ORENCIA SQ,PRODUCT,Y,2026-05-22,1.3208704118942818
SI Market + Oral,TRx (Adjusted),OTEZLA,PRODUCT,Y,2026-05-22,7.620441414664281
SI Market + Oral,TRx (Adjusted),SILIQ,PRODUCT,Y,2026-05-22,0.0
SI Market + Oral,TRx (Adjusted),SKYRIZI,PRODUCT,Y,2026-05-22,8.889565734375813
SI Market + Oral,TRx (Adjusted),SOTYKTU,PRODUCT,Y,2026-05-22,0.0
SI Market + Oral,TRx (Adjusted),TALTZ,PRODUCT,Y,2026-05-22,2.9447686274252125
SI Market + Oral,TRx (Adjusted),SI Market + Oral,MARKET_TOTAL,N,2026-05-29,80919.64142799679
SI Market + Oral,TRx (Adjusted),HUMIRA (Including Citrate Free),PRODUCT,N,2026-05-29,5309.853078548998
SI Market + Oral,TRx (Adjusted),ADALIMUMAB,PRODUCT,N,2026-05-29,21451.156584824694
SI Market + Oral,TRx (Adjusted),CIMZIA,PRODUCT,N,2026-05-29,607.7143971496157
SI Market + Oral,TRx (Adjusted),ENTYVIO SQ,PRODUCT,N,2026-05-29,3121.20271189341
SI Market + Oral,TRx (Adjusted),OMVOH SQ,PRODUCT,N,2026-05-29,297.7209688223515
SI Market + Oral,TRx (Adjusted),RINVOQ,PRODUCT,N,2026-05-29,10888.366640585667
SI Market + Oral,TRx (Adjusted),SIMPONI SC,PRODUCT,N,2026-05-29,199.09156626646305
SI Market + Oral,TRx (Adjusted),SKYRIZI OBI,PRODUCT,N,2026-05-29,9545.516420529064
SI Market + Oral,TRx (Adjusted),STELARA BIOSIMILARS TOTAL SQ,PRODUCT,N,2026-05-29,10773.658159773371
SI Market + Oral,TRx (Adjusted),STELARA SQ,PRODUCT,N,2026-05-29,7783.396490106264
SI Market + Oral,TRx (Adjusted),TREMFYA,PRODUCT,N,2026-05-29,8070.75181757544
SI Market + Oral,TRx (Adjusted),VELSIPITY,PRODUCT,N,2026-05-29,578.951044969867
SI Market + Oral,TRx (Adjusted),XELJANZ,PRODUCT,N,2026-05-29,1092.9352259906884
SI Market + Oral,TRx (Adjusted),ZEPOSIA,PRODUCT,N,2026-05-29,440.8677993442983
SI Market + Oral,TRx (Adjusted),ZYMFENTRA,PRODUCT,N,2026-05-29,619.0588342245995
SI Market + Oral,TRx (Adjusted),Total Non-Approved Volume,PRODUCT,N,2026-05-29,139.399687391995
SI Market + Oral,TRx (Adjusted),ACTEMRA BIOSIMILARS SQ TOTAL,PRODUCT,Y,2026-05-29,0.4084755226743676
SI Market + Oral,TRx (Adjusted),ACTEMRA SQ,PRODUCT,Y,2026-05-29,0.6737425910299432
SI Market + Oral,TRx (Adjusted),BIMZELX,PRODUCT,Y,2026-05-29,3.4713440173301757
SI Market + Oral,TRx (Adjusted),COSENTYX SQ,PRODUCT,Y,2026-05-29,0.466482880034212
SI Market + Oral,TRx (Adjusted),ENBREL,PRODUCT,Y,2026-05-29,35.80181438754236
SI Market + Oral,TRx (Adjusted),ILUMYA,PRODUCT,Y,2026-05-29,73.3814245475645
SI Market + Oral,TRx (Adjusted),KEVZARA,PRODUCT,Y,2026-05-29,1.304946763151739
SI Market + Oral,TRx (Adjusted),KINERET,PRODUCT,Y,2026-05-29,0.9901200184769804
SI Market + Oral,TRx (Adjusted),OLUMIANT,PRODUCT,Y,2026-05-29,0.0
SI Market + Oral,TRx (Adjusted),ORENCIA SQ,PRODUCT,Y,2026-05-29,3.1646005070414587
SI Market + Oral,TRx (Adjusted),OTEZLA,PRODUCT,Y,2026-05-29,5.650394065662877
SI Market + Oral,TRx (Adjusted),SILIQ,PRODUCT,Y,2026-05-29,0.0
SI Market + Oral,TRx (Adjusted),SKYRIZI,PRODUCT,Y,2026-05-29,11.005595123868211
SI Market + Oral,TRx (Adjusted),SOTYKTU,PRODUCT,Y,2026-05-29,0.0
SI Market + Oral,TRx (Adjusted),TALTZ,PRODUCT,Y,2026-05-29,3.08074696761818
SI Market + Oral,TRx (Adjusted),SI Market + Oral,MARKET_TOTAL,N,2026-06-05,93182.48376622616
SI Market + Oral,TRx (Adjusted),HUMIRA (Including Citrate Free),PRODUCT,N,2026-06-05,12068.95343865
SI Market + Oral,TRx (Adjusted),ADALIMUMAB,PRODUCT,N,2026-06-05,18651.24060273474
SI Market + Oral,TRx (Adjusted),CIMZIA,PRODUCT,N,2026-06-05,771.3242760320277
SI Market + Oral,TRx (Adjusted),ENTYVIO SQ,PRODUCT,N,2026-06-05,2087.271082970908
SI Market + Oral,TRx (Adjusted),OMVOH SQ,PRODUCT,N,2026-06-05,586.0248889435679
SI Market + Oral,TRx (Adjusted),RINVOQ,PRODUCT,N,2026-06-05,16079.328016034371
SI Market + Oral,TRx (Adjusted),SIMPONI SC,PRODUCT,N,2026-06-05,264.1252712867033
SI Market + Oral,TRx (Adjusted),SKYRIZI OBI,PRODUCT,N,2026-06-05,21449.99576755094
SI Market + Oral,TRx (Adjusted),STELARA BIOSIMILARS TOTAL SQ,PRODUCT,N,2026-06-05,6344.582705888188
SI Market + Oral,TRx (Adjusted),STELARA SQ,PRODUCT,N,2026-06-05,7277.928502949354
SI Market + Oral,TRx (Adjusted),TREMFYA,PRODUCT,N,2026-06-05,5583.582514071699
SI Market + Oral,TRx (Adjusted),VELSIPITY,PRODUCT,N,2026-06-05,337.187554297442
SI Market + Oral,TRx (Adjusted),XELJANZ,PRODUCT,N,2026-06-05,775.2815615524114
SI Market + Oral,TRx (Adjusted),ZEPOSIA,PRODUCT,N,2026-06-05,225.7701075867982
SI Market + Oral,TRx (Adjusted),ZYMFENTRA,PRODUCT,N,2026-06-05,545.8593153672966
SI Market + Oral,TRx (Adjusted),Total Non-Approved Volume,PRODUCT,N,2026-06-05,134.02816030970493
SI Market + Oral,TRx (Adjusted),ACTEMRA BIOSIMILARS SQ TOTAL,PRODUCT,Y,2026-06-05,1.0845665206861443
SI Market + Oral,TRx (Adjusted),ACTEMRA SQ,PRODUCT,Y,2026-06-05,0.7852150138557857
SI Market + Oral,TRx (Adjusted),BIMZELX,PRODUCT,Y,2026-06-05,3.5337919004927736
SI Market + Oral,TRx (Adjusted),COSENTYX SQ,PRODUCT,Y,2026-06-05,0.5881578756846536
SI Market + Oral,TRx (Adjusted),ENBREL,PRODUCT,Y,2026-06-05,43.01925273409442
SI Market + Oral,TRx (Adjusted),ILUMYA,PRODUCT,Y,2026-06-05,47.94997289705921
SI Market + Oral,TRx (Adjusted),KEVZARA,PRODUCT,Y,2026-06-05,1.568796040189452
SI Market + Oral,TRx (Adjusted),KINERET,PRODUCT,Y,2026-06-05,0.7689064506097163
SI Market + Oral,TRx (Adjusted),OLUMIANT,PRODUCT,Y,2026-06-05,0.0
SI Market + Oral,TRx (Adjusted),ORENCIA SQ,PRODUCT,Y,2026-06-05,2.7524921372076303
SI Market + Oral,TRx (Adjusted),OTEZLA,PRODUCT,Y,2026-06-05,5.03511958355831
SI Market + Oral,TRx (Adjusted),SILIQ,PRODUCT,Y,2026-06-05,0.0
SI Market + Oral,TRx (Adjusted),SKYRIZI,PRODUCT,Y,2026-06-05,19.862993285728
SI Market + Oral,TRx (Adjusted),SOTYKTU,PRODUCT,Y,2026-06-05,0.0
SI Market + Oral,TRx (Adjusted),TALTZ,PRODUCT,Y,2026-06-05,7.078895870538823
SI Market + Oral,TRx (Adjusted),SI Market + Oral,MARKET_TOTAL,N,2026-06-12,74529.05887843741
SI Market + Oral,TRx (Adjusted),HUMIRA (Including Citrate Free),PRODUCT,N,2026-06-12,10744.891847319115
SI Market + Oral,TRx (Adjusted),ADALIMUMAB,PRODUCT,N,2026-06-12,10818.138628390165
SI Market + Oral,TRx (Adjusted),CIMZIA,PRODUCT,N,2026-06-12,562.5848663262096
SI Market + Oral,TRx (Adjusted),ENTYVIO SQ,PRODUCT,N,2026-06-12,1790.9733427581782
SI Market + Oral,TRx (Adjusted),OMVOH SQ,PRODUCT,N,2026-06-12,643.7241082859192
SI Market + Oral,TRx (Adjusted),RINVOQ,PRODUCT,N,2026-06-12,8918.958067827309
SI Market + Oral,TRx (Adjusted),SIMPONI SC,PRODUCT,N,2026-06-12,271.6590488326912
SI Market + Oral,TRx (Adjusted),SKYRIZI OBI,PRODUCT,N,2026-06-12,19164.49460116141
SI Market + Oral,TRx (Adjusted),STELARA BIOSIMILARS TOTAL SQ,PRODUCT,N,2026-06-12,4249.35976167124
SI Market + Oral,TRx (Adjusted),STELARA SQ,PRODUCT,N,2026-06-12,4114.488476345813
SI Market + Oral,TRx (Adjusted),TREMFYA,PRODUCT,N,2026-06-12,11135.106229966044
SI Market + Oral,TRx (Adjusted),VELSIPITY,PRODUCT,N,2026-06-12,244.6182294165618
SI Market + Oral,TRx (Adjusted),XELJANZ,PRODUCT,N,2026-06-12,1040.2841544218672
SI Market + Oral,TRx (Adjusted),ZEPOSIA,PRODUCT,N,2026-06-12,265.3748097366267
SI Market + Oral,TRx (Adjusted),ZYMFENTRA,PRODUCT,N,2026-06-12,414.9458216341311
SI Market + Oral,TRx (Adjusted),Total Non-Approved Volume,PRODUCT,N,2026-06-12,149.4568843441402
SI Market + Oral,TRx (Adjusted),ACTEMRA BIOSIMILARS SQ TOTAL,PRODUCT,Y,2026-06-12,0.6160157116518103
SI Market + Oral,TRx (Adjusted),ACTEMRA SQ,PRODUCT,Y,2026-06-12,1.4919135241591293
SI Market + Oral,TRx (Adjusted),BIMZELX,PRODUCT,Y,2026-06-12,6.040199118972554
SI Market + Oral,TRx (Adjusted),COSENTYX SQ,PRODUCT,Y,2026-06-12,0.534713374634612
SI Market + Oral,TRx (Adjusted),ENBREL,PRODUCT,Y,2026-06-12,62.070709493307255
SI Market + Oral,TRx (Adjusted),ILUMYA,PRODUCT,Y,2026-06-12,50.42764632680834
SI Market + Oral,TRx (Adjusted),KEVZARA,PRODUCT,Y,2026-06-12,1.175789148847627
SI Market + Oral,TRx (Adjusted),KINERET,PRODUCT,Y,2026-06-12,1.3050434129237227
SI Market + Oral,TRx (Adjusted),OLUMIANT,PRODUCT,Y,2026-06-12,0.0
SI Market + Oral,TRx (Adjusted),ORENCIA SQ,PRODUCT,Y,2026-06-12,4.518001013956876
SI Market + Oral,TRx (Adjusted),OTEZLA,PRODUCT,Y,2026-06-12,7.259356890494312
SI Market + Oral,TRx (Adjusted),SILIQ,PRODUCT,Y,2026-06-12,0.0
SI Market + Oral,TRx (Adjusted),SKYRIZI,PRODUCT,Y,2026-06-12,9.233655082351548
SI Market + Oral,TRx (Adjusted),SOTYKTU,PRODUCT,Y,2026-06-12,0.0
SI Market + Oral,TRx (Adjusted),TALTZ,PRODUCT,Y,2026-06-12,4.783841246032448
SI Market + Oral,TRx (Adjusted),SI Market + Oral,MARKET_TOTAL,N,2026-06-19,74582.32718456932
SI Market + Oral,TRx (Adjusted),HUMIRA (Including Citrate Free),PRODUCT,N,2026-06-19,3823.952509968345
SI Market + Oral,TRx (Adjusted),ADALIMUMAB,PRODUCT,N,2026-06-19,15057.171302241912
SI Market + Oral,TRx (Adjusted),CIMZIA,PRODUCT,N,2026-06-19,411.2336508117759
SI Market + Oral,TRx (Adjusted),ENTYVIO SQ,PRODUCT,N,2026-06-19,2780.823920600617
SI Market + Oral,TRx (Adjusted),OMVOH SQ,PRODUCT,N,2026-06-19,592.3607750537742
SI Market + Oral,TRx (Adjusted),RINVOQ,PRODUCT,N,2026-06-19,15426.122816109362
SI Market + Oral,TRx (Adjusted),SIMPONI SC,PRODUCT,N,2026-06-19,268.7175114841291
SI Market + Oral,TRx (Adjusted),SKYRIZI OBI,PRODUCT,N,2026-06-19,8853.967249165866
SI Market + Oral,TRx (Adjusted),STELARA BIOSIMILARS TOTAL SQ,PRODUCT,N,2026-06-19,5604.545690142105
SI Market + Oral,TRx (Adjusted),STELARA SQ,PRODUCT,N,2026-06-19,7298.693822254957
SI Market + Oral,TRx (Adjusted),TREMFYA,PRODUCT,N,2026-06-19,11347.889635362795
SI Market + Oral,TRx (Adjusted),VELSIPITY,PRODUCT,N,2026-06-19,422.8886845880194
SI Market + Oral,TRx (Adjusted),XELJANZ,PRODUCT,N,2026-06-19,1100.3643000971997
SI Market + Oral,TRx (Adjusted),ZEPOSIA,PRODUCT,N,2026-06-19,416.9528028846795
SI Market + Oral,TRx (Adjusted),ZYMFENTRA,PRODUCT,N,2026-06-19,1027.8404623719805
SI Market + Oral,TRx (Adjusted),Total Non-Approved Volume,PRODUCT,N,2026-06-19,148.80205143181087
SI Market + Oral,TRx (Adjusted),ACTEMRA BIOSIMILARS SQ TOTAL,PRODUCT,Y,2026-06-19,1.2303809966825026
SI Market + Oral,TRx (Adjusted),ACTEMRA SQ,PRODUCT,Y,2026-06-19,1.0606260322509458
SI Market + Oral,TRx (Adjusted),BIMZELX,PRODUCT,Y,2026-06-19,4.335039790386464
SI Market + Oral,TRx (Adjusted),COSENTYX SQ,PRODUCT,Y,2026-06-19,0.4596437195783379
SI Market + Oral,TRx (Adjusted),ENBREL,PRODUCT,Y,2026-06-19,68.15757686728972
SI Market + Oral,TRx (Adjusted),ILUMYA,PRODUCT,Y,2026-06-19,44.33961446385224
SI Market + Oral,TRx (Adjusted),KEVZARA,PRODUCT,Y,2026-06-19,0.7873491364938862
SI Market + Oral,TRx (Adjusted),KINERET,PRODUCT,Y,2026-06-19,1.645805387947489
SI Market + Oral,TRx (Adjusted),OLUMIANT,PRODUCT,Y,2026-06-19,0.0
SI Market + Oral,TRx (Adjusted),ORENCIA SQ,PRODUCT,Y,2026-06-19,1.3485559464552717
SI Market + Oral,TRx (Adjusted),OTEZLA,PRODUCT,Y,2026-06-19,3.631269533754611
SI Market + Oral,TRx (Adjusted),SILIQ,PRODUCT,Y,2026-06-19,0.0
SI Market + Oral,TRx (Adjusted),SKYRIZI,PRODUCT,Y,2026-06-19,15.14855137516378
SI Market + Oral,TRx (Adjusted),SOTYKTU,PRODUCT,Y,2026-06-19,0.0
SI Market + Oral,TRx (Adjusted),TALTZ,PRODUCT,Y,2026-06-19,6.657638181955624
SI Market + Oral,TRx (Adjusted),SI Market + Oral,MARKET_TOTAL,N,2026-06-26,90901.40047461058
SI Market + Oral,TRx (Adjusted),HUMIRA (Including Citrate Free),PRODUCT,N,2026-06-26,15053.082358234124
SI Market + Oral,TRx (Adjusted),ADALIMUMAB,PRODUCT,N,2026-06-26,20782.15285118332
SI Market + Oral,TRx (Adjusted),CIMZIA,PRODUCT,N,2026-06-26,961.20287041581
SI Market + Oral,TRx (Adjusted),ENTYVIO SQ,PRODUCT,N,2026-06-26,2753.185851034581
SI Market + Oral,TRx (Adjusted),OMVOH SQ,PRODUCT,N,2026-06-26,294.0966311330133
SI Market + Oral,TRx (Adjusted),RINVOQ,PRODUCT,N,2026-06-26,18307.89289413943
SI Market + Oral,TRx (Adjusted),SIMPONI SC,PRODUCT,N,2026-06-26,237.8628879528785
SI Market + Oral,TRx (Adjusted),SKYRIZI OBI,PRODUCT,N,2026-06-26,10858.7731268242
SI Market + Oral,TRx (Adjusted),STELARA BIOSIMILARS TOTAL SQ,PRODUCT,N,2026-06-26,6876.565887400791
SI Market + Oral,TRx (Adjusted),STELARA SQ,PRODUCT,N,2026-06-26,3489.773121745695
SI Market + Oral,TRx (Adjusted),TREMFYA,PRODUCT,N,2026-06-26,7689.892001148728
SI Market + Oral,TRx (Adjusted),VELSIPITY,PRODUCT,N,2026-06-26,345.9912554700326
SI Market + Oral,TRx (Adjusted),XELJANZ,PRODUCT,N,2026-06-26,1812.017974662048
SI Market + Oral,TRx (Adjusted),ZEPOSIA,PRODUCT,N,2026-06-26,452.6331566174093
SI Market + Oral,TRx (Adjusted),ZYMFENTRA,PRODUCT,N,2026-06-26,838.9744705434798
SI Market + Oral,TRx (Adjusted),Total Non-Approved Volume,PRODUCT,N,2026-06-26,147.30313610504615
SI Market + Oral,TRx (Adjusted),ACTEMRA BIOSIMILARS SQ TOTAL,PRODUCT,Y,2026-06-26,0.6714681152406918
SI Market + Oral,TRx (Adjusted),ACTEMRA SQ,PRODUCT,Y,2026-06-26,1.8450630746782968
SI Market + Oral,TRx (Adjusted),BIMZELX,PRODUCT,Y,2026-06-26,6.171306797681422
SI Market + Oral,TRx (Adjusted),COSENTYX SQ,PRODUCT,Y,2026-06-26,0.5326474313025822
SI Market + Oral,TRx (Adjusted),ENBREL,PRODUCT,Y,2026-06-26,60.63351674624106
SI Market + Oral,TRx (Adjusted),ILUMYA,PRODUCT,Y,2026-06-26,52.88982609242581
SI Market + Oral,TRx (Adjusted),KEVZARA,PRODUCT,Y,2026-06-26,0.5903659635115511
SI Market + Oral,TRx (Adjusted),KINERET,PRODUCT,Y,2026-06-26,0.6671148576865118
SI Market + Oral,TRx (Adjusted),OLUMIANT,PRODUCT,Y,2026-06-26,0.0
SI Market + Oral,TRx (Adjusted),ORENCIA SQ,PRODUCT,Y,2026-06-26,3.0646725894435307
SI Market + Oral,TRx (Adjusted),OTEZLA,PRODUCT,Y,2026-06-26,9.72031828814897
SI Market + Oral,TRx (Adjusted),SILIQ,PRODUCT,Y,2026-06-26,0.0
SI Market + Oral,TRx (Adjusted),SKYRIZI,PRODUCT,Y,2026-06-26,7.61489175189446
SI Market + Oral,TRx (Adjusted),SOTYKTU,PRODUCT,Y,2026-06-26,0.0
SI Market + Oral,TRx (Adjusted),TALTZ,PRODUCT,Y,2026-06-26,2.901944396791269
SI Market + Oral,TRx (Adjusted),SI Market + Oral,MARKET_TOTAL,N,2026-07-03,83271.49749579854
SI Market + Oral,TRx (Adjusted),HUMIRA (Including Citrate Free),PRODUCT,N,2026-07-03,11747.201901562665
SI Market + Oral,TRx (Adjusted),ADALIMUMAB,PRODUCT,N,2026-07-03,13790.032396156554
SI Market + Oral,TRx (Adjusted),CIMZIA,PRODUCT,N,2026-07-03,527.1148658417421
SI Market + Oral,TRx (Adjusted),ENTYVIO SQ,PRODUCT,N,2026-07-03,4410.9696282038085
SI Market + Oral,TRx (Adjusted),OMVOH SQ,PRODUCT,N,2026-07-03,554.1820792525896
SI Market + Oral,TRx (Adjusted),RINVOQ,PRODUCT,N,2026-07-03,12479.10839183666
SI Market + Oral,TRx (Adjusted),SIMPONI SC,PRODUCT,N,2026-07-03,286.3082831008642
SI Market + Oral,TRx (Adjusted),SKYRIZI OBI,PRODUCT,N,2026-07-03,19996.32089003492
SI Market + Oral,TRx (Adjusted),STELARA BIOSIMILARS TOTAL SQ,PRODUCT,N,2026-07-03,5621.416714638109
SI Market + Oral,TRx (Adjusted),STELARA SQ,PRODUCT,N,2026-07-03,5818.403263884607
SI Market + Oral,TRx (Adjusted),TREMFYA,PRODUCT,N,2026-07-03,5224.994622585515
SI Market + Oral,TRx (Adjusted),VELSIPITY,PRODUCT,N,2026-07-03,228.63243512511903
SI Market + Oral,TRx (Adjusted),XELJANZ,PRODUCT,N,2026-07-03,1219.896818580518
SI Market + Oral,TRx (Adjusted),ZEPOSIA,PRODUCT,N,2026-07-03,453.5957556951079
SI Market + Oral,TRx (Adjusted),ZYMFENTRA,PRODUCT,N,2026-07-03,774.1449260380156
SI Market + Oral,TRx (Adjusted),Total Non-Approved Volume,PRODUCT,N,2026-07-03,139.17452326174322
SI Market + Oral,TRx (Adjusted),ACTEMRA BIOSIMILARS SQ TOTAL,PRODUCT,Y,2026-07-03,1.1282714106492666
SI Market + Oral,TRx (Adjusted),ACTEMRA SQ,PRODUCT,Y,2026-07-03,1.4585156137827409
SI Market + Oral,TRx (Adjusted),BIMZELX,PRODUCT,Y,2026-07-03,8.077388248685526
SI Market + Oral,TRx (Adjusted),COSENTYX SQ,PRODUCT,Y,2026-07-03,1.33217762224149
SI Market + Oral,TRx (Adjusted),ENBREL,PRODUCT,Y,2026-07-03,37.596856052713726
SI Market + Oral,TRx (Adjusted),ILUMYA,PRODUCT,Y,2026-07-03,57.45847715122918
SI Market + Oral,TRx (Adjusted),KEVZARA,PRODUCT,Y,2026-07-03,1.1745899315459445
SI Market + Oral,TRx (Adjusted),KINERET,PRODUCT,Y,2026-07-03,1.2697167603069168
SI Market + Oral,TRx (Adjusted),OLUMIANT,PRODUCT,Y,2026-07-03,0.0
SI Market + Oral,TRx (Adjusted),ORENCIA SQ,PRODUCT,Y,2026-07-03,2.1459403300590907
SI Market + Oral,TRx (Adjusted),OTEZLA,PRODUCT,Y,2026-07-03,11.768609888013188
SI Market + Oral,TRx (Adjusted),SILIQ,PRODUCT,Y,2026-07-03,0.0
SI Market + Oral,TRx (Adjusted),SKYRIZI,PRODUCT,Y,2026-07-03,9.143409984157469
SI Market + Oral,TRx (Adjusted),SOTYKTU,PRODUCT,Y,2026-07-03,0.0
SI Market + Oral,TRx (Adjusted),TALTZ,PRODUCT,Y,2026-07-03,6.620570268358674
SI Market + Oral,TRx (Adjusted),SI Market + Oral,MARKET_TOTAL,N,2026-07-10,93783.51707874196
SI Market + Oral,TRx (Adjusted),HUMIRA (Including Citrate Free),PRODUCT,N,2026-07-10,4861.721786281786
SI Market + Oral,TRx (Adjusted),ADALIMUMAB,PRODUCT,N,2026-07-10,28986.414162932757
SI Market + Oral,TRx (Adjusted),CIMZIA,PRODUCT,N,2026-07-10,590.814283377654
SI Market + Oral,TRx (Adjusted),ENTYVIO SQ,PRODUCT,N,2026-07-10,4518.268629202466
SI Market + Oral,TRx (Adjusted),OMVOH SQ,PRODUCT,N,2026-07-10,445.8582066638528
SI Market + Oral,TRx (Adjusted),RINVOQ,PRODUCT,N,2026-07-10,5012.081953369926
SI Market + Oral,TRx (Adjusted),SIMPONI SC,PRODUCT,N,2026-07-10,379.345847924891
SI Market + Oral,TRx (Adjusted),SKYRIZI OBI,PRODUCT,N,2026-07-10,15289.786667834363
SI Market + Oral,TRx (Adjusted),STELARA BIOSIMILARS TOTAL SQ,PRODUCT,N,2026-07-10,9340.7135703718
SI Market + Oral,TRx (Adjusted),STELARA SQ,PRODUCT,N,2026-07-10,8762.297672257997
SI Market + Oral,TRx (Adjusted),TREMFYA,PRODUCT,N,2026-07-10,11818.807693497449
SI Market + Oral,TRx (Adjusted),VELSIPITY,PRODUCT,N,2026-07-10,615.7315090081793
SI Market + Oral,TRx (Adjusted),XELJANZ,PRODUCT,N,2026-07-10,1586.3696310073608
SI Market + Oral,TRx (Adjusted),ZEPOSIA,PRODUCT,N,2026-07-10,326.5787273681986
SI Market + Oral,TRx (Adjusted),ZYMFENTRA,PRODUCT,N,2026-07-10,1092.9408421185365
SI Market + Oral,TRx (Adjusted),Total Non-Approved Volume,PRODUCT,N,2026-07-10,155.7858955247527
SI Market + Oral,TRx (Adjusted),ACTEMRA BIOSIMILARS SQ TOTAL,PRODUCT,Y,2026-07-10,1.138226169407853
SI Market + Oral,TRx (Adjusted),ACTEMRA SQ,PRODUCT,Y,2026-07-10,2.191501734183682
SI Market + Oral,TRx (Adjusted),BIMZELX,PRODUCT,Y,2026-07-10,6.569590970619781
SI Market + Oral,TRx (Adjusted),COSENTYX SQ,PRODUCT,Y,2026-07-10,0.8948642079346375
SI Market + Oral,TRx (Adjusted),ENBREL,PRODUCT,Y,2026-07-10,29.92129189138299
SI Market + Oral,TRx (Adjusted),ILUMYA,PRODUCT,Y,2026-07-10,83.01570925018179
SI Market + Oral,TRx (Adjusted),KEVZARA,PRODUCT,Y,2026-07-10,1.6275231552471292
SI Market + Oral,TRx (Adjusted),KINERET,PRODUCT,Y,2026-07-10,0.6240823035177888
SI Market + Oral,TRx (Adjusted),OLUMIANT,PRODUCT,Y,2026-07-10,0.0
SI Market + Oral,TRx (Adjusted),ORENCIA SQ,PRODUCT,Y,2026-07-10,3.7616310138689166
SI Market + Oral,TRx (Adjusted),OTEZLA,PRODUCT,Y,2026-07-10,5.778397743365129
SI Market + Oral,TRx (Adjusted),SILIQ,PRODUCT,Y,2026-07-10,0.0
SI Market + Oral,TRx (Adjusted),SKYRIZI,PRODUCT,Y,2026-07-10,17.504935337109313
SI Market + Oral,TRx (Adjusted),SOTYKTU,PRODUCT,Y,2026-07-10,0.0
SI Market + Oral,TRx (Adjusted),TALTZ,PRODUCT,Y,2026-07-10,2.7581417479337182
SI Market + Oral,TRx (Adjusted),SI Market + Oral,MARKET_TOTAL,N,2026-07-17,94941.08803498025
SI Market + Oral,TRx (Adjusted),HUMIRA (Including Citrate Free),PRODUCT,N,2026-07-17,12338.754378856009
SI Market + Oral,TRx (Adjusted),ADALIMUMAB,PRODUCT,N,2026-07-17,22328.43881925045
SI Market + Oral,TRx (Adjusted),CIMZIA,PRODUCT,N,2026-07-17,1278.721478819892
SI Market + Oral,TRx (Adjusted),ENTYVIO SQ,PRODUCT,N,2026-07-17,6304.953338742878
SI Market + Oral,TRx (Adjusted),OMVOH SQ,PRODUCT,N,2026-07-17,645.756446075712
SI Market + Oral,TRx (Adjusted),RINVOQ,PRODUCT,N,2026-07-17,10180.95513169067
SI Market + Oral,TRx (Adjusted),SIMPONI SC,PRODUCT,N,2026-07-17,205.49816752892852
SI Market + Oral,TRx (Adjusted),SKYRIZI OBI,PRODUCT,N,2026-07-17,16429.321810364185
SI Market + Oral,TRx (Adjusted),STELARA BIOSIMILARS TOTAL SQ,PRODUCT,N,2026-07-17,3936.169977264904
SI Market + Oral,TRx (Adjusted),STELARA SQ,PRODUCT,N,2026-07-17,13164.688019808753
SI Market + Oral,TRx (Adjusted),TREMFYA,PRODUCT,N,2026-07-17,5593.828187269517
SI Market + Oral,TRx (Adjusted),VELSIPITY,PRODUCT,N,2026-07-17,446.4763282138623
SI Market + Oral,TRx (Adjusted),XELJANZ,PRODUCT,N,2026-07-17,848.8042268452153
SI Market + Oral,TRx (Adjusted),ZEPOSIA,PRODUCT,N,2026-07-17,379.0156055235143
SI Market + Oral,TRx (Adjusted),ZYMFENTRA,PRODUCT,N,2026-07-17,688.5676574299115
SI Market + Oral,TRx (Adjusted),Total Non-Approved Volume,PRODUCT,N,2026-07-17,171.13846129584286
SI Market + Oral,TRx (Adjusted),ACTEMRA BIOSIMILARS SQ TOTAL,PRODUCT,Y,2026-07-17,1.2396318709370509
SI Market + Oral,TRx (Adjusted),ACTEMRA SQ,PRODUCT,Y,2026-07-17,1.9912329503723831
SI Market + Oral,TRx (Adjusted),BIMZELX,PRODUCT,Y,2026-07-17,3.9759274573716574
SI Market + Oral,TRx (Adjusted),COSENTYX SQ,PRODUCT,Y,2026-07-17,1.6037278820079943
SI Market + Oral,TRx (Adjusted),ENBREL,PRODUCT,Y,2026-07-17,65.06516040419451
SI Market + Oral,TRx (Adjusted),ILUMYA,PRODUCT,Y,2026-07-17,59.50108297657378
SI Market + Oral,TRx (Adjusted),KEVZARA,PRODUCT,Y,2026-07-17,1.3052170649087422
SI Market + Oral,TRx (Adjusted),KINERET,PRODUCT,Y,2026-07-17,1.0874943563742354
SI Market + Oral,TRx (Adjusted),OLUMIANT,PRODUCT,Y,2026-07-17,0.0
SI Market + Oral,TRx (Adjusted),ORENCIA SQ,PRODUCT,Y,2026-07-17,2.7659631766374178
SI Market + Oral,TRx (Adjusted),OTEZLA,PRODUCT,Y,2026-07-17,6.012691005811162
SI Market + Oral,TRx (Adjusted),SILIQ,PRODUCT,Y,2026-07-17,0.0
SI Market + Oral,TRx (Adjusted),SKYRIZI,PRODUCT,Y,2026-07-17,21.33528375860337
SI Market + Oral,TRx (Adjusted),SOTYKTU,PRODUCT,Y,2026-07-17,0.0
SI Market + Oral,TRx (Adjusted),TALTZ,PRODUCT,Y,2026-07-17,5.255048392050556
SI Market + Oral,TRx (Adjusted),SI Market + Oral,MARKET_TOTAL,N,2026-07-24,89685.23938392565
SI Market + Oral,TRx (Adjusted),HUMIRA (Including Citrate Free),PRODUCT,N,2026-07-24,9974.67872234364
SI Market + Oral,TRx (Adjusted),ADALIMUMAB,PRODUCT,N,2026-07-24,33038.06565534868
SI Market + Oral,TRx (Adjusted),CIMZIA,PRODUCT,N,2026-07-24,693.2112949972884
SI Market + Oral,TRx (Adjusted),ENTYVIO SQ,PRODUCT,N,2026-07-24,2687.938052170506
SI Market + Oral,TRx (Adjusted),OMVOH SQ,PRODUCT,N,2026-07-24,532.9265983975582
SI Market + Oral,TRx (Adjusted),RINVOQ,PRODUCT,N,2026-07-24,8471.891835560988
SI Market + Oral,TRx (Adjusted),SIMPONI SC,PRODUCT,N,2026-07-24,229.3021859636808
SI Market + Oral,TRx (Adjusted),SKYRIZI OBI,PRODUCT,N,2026-07-24,8447.213481317436
SI Market + Oral,TRx (Adjusted),STELARA BIOSIMILARS TOTAL SQ,PRODUCT,N,2026-07-24,7325.567569165424
SI Market + Oral,TRx (Adjusted),STELARA SQ,PRODUCT,N,2026-07-24,8853.14297100347
SI Market + Oral,TRx (Adjusted),TREMFYA,PRODUCT,N,2026-07-24,6190.629043896278
SI Market + Oral,TRx (Adjusted),VELSIPITY,PRODUCT,N,2026-07-24,243.39640690224329
SI Market + Oral,TRx (Adjusted),XELJANZ,PRODUCT,N,2026-07-24,1349.8765649389595
SI Market + Oral,TRx (Adjusted),ZEPOSIA,PRODUCT,N,2026-07-24,666.7860018074437
SI Market + Oral,TRx (Adjusted),ZYMFENTRA,PRODUCT,N,2026-07-24,802.6802770982072
SI Market + Oral,TRx (Adjusted),Total Non-Approved Volume,PRODUCT,N,2026-07-24,177.93272301384812
SI Market + Oral,TRx (Adjusted),ACTEMRA BIOSIMILARS SQ TOTAL,PRODUCT,Y,2026-07-24,1.3310792782140015
SI Market + Oral,TRx (Adjusted),ACTEMRA SQ,PRODUCT,Y,2026-07-24,1.9833274442987532
SI Market + Oral,TRx (Adjusted),BIMZELX,PRODUCT,Y,2026-07-24,6.026018371807492
SI Market + Oral,TRx (Adjusted),COSENTYX SQ,PRODUCT,Y,2026-07-24,1.6011029900710727
SI Market + Oral,TRx (Adjusted),ENBREL,PRODUCT,Y,2026-07-24,58.129568120701066
SI Market + Oral,TRx (Adjusted),ILUMYA,PRODUCT,Y,2026-07-24,76.32546772356899
SI Market + Oral,TRx (Adjusted),KEVZARA,PRODUCT,Y,2026-07-24,0.5754785206282842
SI Market + Oral,TRx (Adjusted),KINERET,PRODUCT,Y,2026-07-24,0.6575864195116871
SI Market + Oral,TRx (Adjusted),OLUMIANT,PRODUCT,Y,2026-07-24,0.0
SI Market + Oral,TRx (Adjusted),ORENCIA SQ,PRODUCT,Y,2026-07-24,3.516882930759431
SI Market + Oral,TRx (Adjusted),OTEZLA,PRODUCT,Y,2026-07-24,15.036008252303636
SI Market + Oral,TRx (Adjusted),SILIQ,PRODUCT,Y,2026-07-24,0.0
SI Market + Oral,TRx (Adjusted),SKYRIZI,PRODUCT,Y,2026-07-24,7.9519456622759375
SI Market + Oral,TRx (Adjusted),SOTYKTU,PRODUCT,Y,2026-07-24,0.0
SI Market + Oral,TRx (Adjusted),TALTZ,PRODUCT,Y,2026-07-24,4.798257299707744
SI Market + Oral,TRx (Adjusted),SI Market + Oral,MARKET_TOTAL,N,2026-07-31,90286.39362270008
SI Market + Oral,TRx (Adjusted),HUMIRA (Including Citrate Free),PRODUCT,N,2026-07-31,12405.639969756576
SI Market + Oral,TRx (Adjusted),ADALIMUMAB,PRODUCT,N,2026-07-31,11501.847425784235
SI Market + Oral,TRx (Adjusted),CIMZIA,PRODUCT,N,2026-07-31,745.1733819915581
SI Market + Oral,TRx (Adjusted),ENTYVIO SQ,PRODUCT,N,2026-07-31,5956.697876189266
SI Market + Oral,TRx (Adjusted),OMVOH SQ,PRODUCT,N,2026-07-31,661.8700330860985
SI Market + Oral,TRx (Adjusted),RINVOQ,PRODUCT,N,2026-07-31,11674.699745762424
SI Market + Oral,TRx (Adjusted),SIMPONI SC,PRODUCT,N,2026-07-31,227.89195611828805
SI Market + Oral,TRx (Adjusted),SKYRIZI OBI,PRODUCT,N,2026-07-31,13769.303065961689
SI Market + Oral,TRx (Adjusted),STELARA BIOSIMILARS TOTAL SQ,PRODUCT,N,2026-07-31,9997.611835645335
SI Market + Oral,TRx (Adjusted),STELARA SQ,PRODUCT,N,2026-07-31,11100.661229237285
SI Market + Oral,TRx (Adjusted),TREMFYA,PRODUCT,N,2026-07-31,8694.475069334927
SI Market + Oral,TRx (Adjusted),VELSIPITY,PRODUCT,N,2026-07-31,483.4220099894684
SI Market + Oral,TRx (Adjusted),XELJANZ,PRODUCT,N,2026-07-31,1448.780512425761
SI Market + Oral,TRx (Adjusted),ZEPOSIA,PRODUCT,N,2026-07-31,519.1885118628098
SI Market + Oral,TRx (Adjusted),ZYMFENTRA,PRODUCT,N,2026-07-31,912.3475964233268
SI Market + Oral,TRx (Adjusted),Total Non-Approved Volume,PRODUCT,N,2026-07-31,186.78340313102257
SI Market + Oral,TRx (Adjusted),ACTEMRA BIOSIMILARS SQ TOTAL,PRODUCT,Y,2026-07-31,1.5277082497771592
SI Market + Oral,TRx (Adjusted),ACTEMRA SQ,PRODUCT,Y,2026-07-31,2.268520006987505
SI Market + Oral,TRx (Adjusted),BIMZELX,PRODUCT,Y,2026-07-31,10.629771094297311
SI Market + Oral,TRx (Adjusted),COSENTYX SQ,PRODUCT,Y,2026-07-31,1.3151295356192565
SI Market + Oral,TRx (Adjusted),ENBREL,PRODUCT,Y,2026-07-31,46.8688438254238
SI Market + Oral,TRx (Adjusted),ILUMYA,PRODUCT,Y,2026-07-31,88.58249640879093
SI Market + Oral,TRx (Adjusted),KEVZARA,PRODUCT,Y,2026-07-31,1.568046835741849
SI Market + Oral,TRx (Adjusted),KINERET,PRODUCT,Y,2026-07-31,1.3324524923591718
SI Market + Oral,TRx (Adjusted),OLUMIANT,PRODUCT,Y,2026-07-31,0.0
SI Market + Oral,TRx (Adjusted),ORENCIA SQ,PRODUCT,Y,2026-07-31,3.4961491018764588
SI Market + Oral,TRx (Adjusted),OTEZLA,PRODUCT,Y,2026-07-31,12.55040876823455
SI Market + Oral,TRx (Adjusted),SILIQ,PRODUCT,Y,2026-07-31,0.0
SI Market + Oral,TRx (Adjusted),SKYRIZI,PRODUCT,Y,2026-07-31,11.044074519458746
SI Market + Oral,TRx (Adjusted),SOTYKTU,PRODUCT,Y,2026-07-31,0.0
SI Market + Oral,TRx (Adjusted),TALTZ,PRODUCT,Y,2026-07-31,5.599802292455819
SI Market + Oral,TRx (Adjusted),SI Market + Oral,MARKET_TOTAL,N,2026-08-07,104355.6286570538
SI Market + Oral,TRx (Adjusted),HUMIRA (Including Citrate Free),PRODUCT,N,2026-08-07,4930.550237732078
SI Market + Oral,TRx (Adjusted),ADALIMUMAB,PRODUCT,N,2026-08-07,31394.31584089101
SI Market + Oral,TRx (Adjusted),CIMZIA,PRODUCT,N,2026-08-07,1070.419537739136
SI Market + Oral,TRx (Adjusted),ENTYVIO SQ,PRODUCT,N,2026-08-07,3054.7861602184253
SI Market + Oral,TRx (Adjusted),OMVOH SQ,PRODUCT,N,2026-08-07,687.2916921965398
SI Market + Oral,TRx (Adjusted),RINVOQ,PRODUCT,N,2026-08-07,12943.4323124054
SI Market + Oral,TRx (Adjusted),SIMPONI SC,PRODUCT,N,2026-08-07,365.0411382321387
SI Market + Oral,TRx (Adjusted),SKYRIZI OBI,PRODUCT,N,2026-08-07,15460.312704540447
SI Market + Oral,TRx (Adjusted),STELARA BIOSIMILARS TOTAL SQ,PRODUCT,N,2026-08-07,9414.989167446667
SI Market + Oral,TRx (Adjusted),STELARA SQ,PRODUCT,N,2026-08-07,11019.061488868214
SI Market + Oral,TRx (Adjusted),TREMFYA,PRODUCT,N,2026-08-07,10023.661004936152
SI Market + Oral,TRx (Adjusted),VELSIPITY,PRODUCT,N,2026-08-07,234.58543756894636
SI Market + Oral,TRx (Adjusted),XELJANZ,PRODUCT,N,2026-08-07,1860.1857151853776
SI Market + Oral,TRx (Adjusted),ZEPOSIA,PRODUCT,N,2026-08-07,612.8332481910616
SI Market + Oral,TRx (Adjusted),ZYMFENTRA,PRODUCT,N,2026-08-07,1065.1168386064735
SI Market + Oral,TRx (Adjusted),Total Non-Approved Volume,PRODUCT,N,2026-08-07,219.04613229572396
SI Market + Oral,TRx (Adjusted),ACTEMRA BIOSIMILARS SQ TOTAL,PRODUCT,Y,2026-08-07,1.1704852377057873
SI Market + Oral,TRx (Adjusted),ACTEMRA SQ,PRODUCT,Y,2026-08-07,2.1511278995433663
SI Market + Oral,TRx (Adjusted),BIMZELX,PRODUCT,Y,2026-08-07,8.944057067131764
SI Market + Oral,TRx (Adjusted),COSENTYX SQ,PRODUCT,Y,2026-08-07,0.9806798512188788
SI Market + Oral,TRx (Adjusted),ENBREL,PRODUCT,Y,2026-08-07,74.03586305792655
SI Market + Oral,TRx (Adjusted),ILUMYA,PRODUCT,Y,2026-08-07,90.50611606304253
SI Market + Oral,TRx (Adjusted),KEVZARA,PRODUCT,Y,2026-08-07,1.7782105189814468
SI Market + Oral,TRx (Adjusted),KINERET,PRODUCT,Y,2026-08-07,1.881116466187152
SI Market + Oral,TRx (Adjusted),OLUMIANT,PRODUCT,Y,2026-08-07,0.0
SI Market + Oral,TRx (Adjusted),ORENCIA SQ,PRODUCT,Y,2026-08-07,3.5821725639694257
SI Market + Oral,TRx (Adjusted),OTEZLA,PRODUCT,Y,2026-08-07,12.072716086487675
SI Market + Oral,TRx (Adjusted),SILIQ,PRODUCT,Y,2026-08-07,0.0
SI Market + Oral,TRx (Adjusted),SKYRIZI,PRODUCT,Y,2026-08-07,16.585599289777154
SI Market + Oral,TRx (Adjusted),SOTYKTU,PRODUCT,Y,2026-08-07,0.0
SI Market + Oral,TRx (Adjusted),TALTZ,PRODUCT,Y,2026-08-07,5.357988193752187
SI Market + Oral,TRx (Adjusted),SI Market + Oral,MARKET_TOTAL,N,2026-08-14,87237.22958032899
SI Market + Oral,TRx (Adjusted),HUMIRA (Including Citrate Free),PRODUCT,N,2026-08-14,13694.32321724347
SI Market + Oral,TRx (Adjusted),ADALIMUMAB,PRODUCT,N,2026-08-14,14397.539993519418
SI Market + Oral,TRx (Adjusted),CIMZIA,PRODUCT,N,2026-08-14,866.4991334463288
SI Market + Oral,TRx (Adjusted),ENTYVIO SQ,PRODUCT,N,2026-08-14,4982.173416333049
SI Market + Oral,TRx (Adjusted),OMVOH SQ,PRODUCT,N,2026-08-14,496.51802865746834
SI Market + Oral,TRx (Adjusted),RINVOQ,PRODUCT,N,2026-08-14,6601.780348099819
SI Market + Oral,TRx (Adjusted),SIMPONI SC,PRODUCT,N,2026-08-14,193.38480070498213
SI Market + Oral,TRx (Adjusted),SKYRIZI OBI,PRODUCT,N,2026-08-14,23646.38698353917
SI Market + Oral,TRx (Adjusted),STELARA BIOSIMILARS TOTAL SQ,PRODUCT,N,2026-08-14,6980.733260757041
SI Market + Oral,TRx (Adjusted),STELARA SQ,PRODUCT,N,2026-08-14,6747.42688776992
SI Market + Oral,TRx (Adjusted),TREMFYA,PRODUCT,N,2026-08-14,4932.863902587963
SI Market + Oral,TRx (Adjusted),VELSIPITY,PRODUCT,N,2026-08-14,465.26315195562495
SI Market + Oral,TRx (Adjusted),XELJANZ,PRODUCT,N,2026-08-14,1101.0697653609952
SI Market + Oral,TRx (Adjusted),ZEPOSIA,PRODUCT,N,2026-08-14,618.393566477428
SI Market + Oral,TRx (Adjusted),ZYMFENTRA,PRODUCT,N,2026-08-14,1318.762906638544
SI Market + Oral,TRx (Adjusted),Total Non-Approved Volume,PRODUCT,N,2026-08-14,194.11021723776463
SI Market + Oral,TRx (Adjusted),ACTEMRA BIOSIMILARS SQ TOTAL,PRODUCT,Y,2026-08-14,0.8725118377756563
SI Market + Oral,TRx (Adjusted),ACTEMRA SQ,PRODUCT,Y,2026-08-14,1.829402935738652
SI Market + Oral,TRx (Adjusted),BIMZELX,PRODUCT,Y,2026-08-14,5.053830959280066
SI Market + Oral,TRx (Adjusted),COSENTYX SQ,PRODUCT,Y,2026-08-14,1.0330866604723956
SI Market + Oral,TRx (Adjusted),ENBREL,PRODUCT,Y,2026-08-14,71.87924260244365
SI Market + Oral,TRx (Adjusted),ILUMYA,PRODUCT,Y,2026-08-14,79.83916778856029
SI Market + Oral,TRx (Adjusted),KEVZARA,PRODUCT,Y,2026-08-14,1.6893775310503527
SI Market + Oral,TRx (Adjusted),KINERET,PRODUCT,Y,2026-08-14,0.9458290228294872
SI Market + Oral,TRx (Adjusted),OLUMIANT,PRODUCT,Y,2026-08-14,0.0
SI Market + Oral,TRx (Adjusted),ORENCIA SQ,PRODUCT,Y,2026-08-14,2.8259998918247966
SI Market + Oral,TRx (Adjusted),OTEZLA,PRODUCT,Y,2026-08-14,10.878450738865814
SI Market + Oral,TRx (Adjusted),SILIQ,PRODUCT,Y,2026-08-14,0.0
SI Market + Oral,TRx (Adjusted),SKYRIZI,PRODUCT,Y,2026-08-14,9.962859107698897
SI Market + Oral,TRx (Adjusted),SOTYKTU,PRODUCT,Y,2026-08-14,0.0
SI Market + Oral,TRx (Adjusted),TALTZ,PRODUCT,Y,2026-08-14,7.300458161224587
SI Market + Oral,TRx (Adjusted),SI Market + Oral,MARKET_TOTAL,N,2026-08-21,104995.90203668618
SI Market + Oral,TRx (Adjusted),HUMIRA (Including Citrate Free),PRODUCT,N,2026-08-21,10751.994308811276
SI Market + Oral,TRx (Adjusted),ADALIMUMAB,PRODUCT,N,2026-08-21,20331.305052516207
SI Market + Oral,TRx (Adjusted),CIMZIA,PRODUCT,N,2026-08-21,1022.568337279539
SI Market + Oral,TRx (Adjusted),ENTYVIO SQ,PRODUCT,N,2026-08-21,4003.298415566916
SI Market + Oral,TRx (Adjusted),OMVOH SQ,PRODUCT,N,2026-08-21,705.6881077009766
SI Market + Oral,TRx (Adjusted),RINVOQ,PRODUCT,N,2026-08-21,11045.640346239932
SI Market + Oral,TRx (Adjusted),SIMPONI SC,PRODUCT,N,2026-08-21,430.35769441504567
SI Market + Oral,TRx (Adjusted),SKYRIZI OBI,PRODUCT,N,2026-08-21,20243.866475515897
SI Market + Oral,TRx (Adjusted),STELARA BIOSIMILARS TOTAL SQ,PRODUCT,N,2026-08-21,7336.877334604463
SI Market + Oral,TRx (Adjusted),STELARA SQ,PRODUCT,N,2026-08-21,15189.89119824214
SI Market + Oral,TRx (Adjusted),TREMFYA,PRODUCT,N,2026-08-21,9780.049296809088
SI Market + Oral,TRx (Adjusted),VELSIPITY,PRODUCT,N,2026-08-21,684.6956295269811
SI Market + Oral,TRx (Adjusted),XELJANZ,PRODUCT,N,2026-08-21,1157.0135803232274
SI Market + Oral,TRx (Adjusted),ZEPOSIA,PRODUCT,N,2026-08-21,771.1488888537261
SI Market + Oral,TRx (Adjusted),ZYMFENTRA,PRODUCT,N,2026-08-21,1362.6539166094738
SI Market + Oral,TRx (Adjusted),Total Non-Approved Volume,PRODUCT,N,2026-08-21,178.85345367129213
SI Market + Oral,TRx (Adjusted),ACTEMRA BIOSIMILARS SQ TOTAL,PRODUCT,Y,2026-08-21,1.6627862320649096
SI Market + Oral,TRx (Adjusted),ACTEMRA SQ,PRODUCT,Y,2026-08-21,1.6793039290529694
SI Market + Oral,TRx (Adjusted),BIMZELX,PRODUCT,Y,2026-08-21,10.53282503617126
SI Market + Oral,TRx (Adjusted),COSENTYX SQ,PRODUCT,Y,2026-08-21,1.0579341506319593
SI Market + Oral,TRx (Adjusted),ENBREL,PRODUCT,Y,2026-08-21,66.6203467520683
SI Market + Oral,TRx (Adjusted),ILUMYA,PRODUCT,Y,2026-08-21,49.9528432394326
SI Market + Oral,TRx (Adjusted),KEVZARA,PRODUCT,Y,2026-08-21,1.0034592984388089
SI Market + Oral,TRx (Adjusted),KINERET,PRODUCT,Y,2026-08-21,1.2580400693156906
SI Market + Oral,TRx (Adjusted),OLUMIANT,PRODUCT,Y,2026-08-21,0.0
SI Market + Oral,TRx (Adjusted),ORENCIA SQ,PRODUCT,Y,2026-08-21,2.633337384111989
SI Market + Oral,TRx (Adjusted),OTEZLA,PRODUCT,Y,2026-08-21,14.945623952677408
SI Market + Oral,TRx (Adjusted),SILIQ,PRODUCT,Y,2026-08-21,0.0
SI Market + Oral,TRx (Adjusted),SKYRIZI,PRODUCT,Y,2026-08-21,20.595310552132897
SI Market + Oral,TRx (Adjusted),SOTYKTU,PRODUCT,Y,2026-08-21,0.0
SI Market + Oral,TRx (Adjusted),TALTZ,PRODUCT,Y,2026-08-21,6.911643075193333
SI Market + Oral,TRx (Adjusted),SI Market + Oral,MARKET_TOTAL,N,2026-08-28,113189.0320755876
SI Market + Oral,TRx (Adjusted),HUMIRA (Including Citrate Free),PRODUCT,N,2026-08-28,13453.932297478295
SI Market + Oral,TRx (Adjusted),ADALIMUMAB,PRODUCT,N,2026-08-28,22154.67260316803
SI Market + Oral,TRx (Adjusted),CIMZIA,PRODUCT,N,2026-08-28,1251.0162880018936
SI Market + Oral,TRx (Adjusted),ENTYVIO SQ,PRODUCT,N,2026-08-28,7291.812298208942
SI Market + Oral,TRx (Adjusted),OMVOH SQ,PRODUCT,N,2026-08-28,720.6914508247527
SI Market + Oral,TRx (Adjusted),RINVOQ,PRODUCT,N,2026-08-28,10049.55663132479
SI Market + Oral,TRx (Adjusted),SIMPONI SC,PRODUCT,N,2026-08-28,303.00347532215795
SI Market + Oral,TRx (Adjusted),SKYRIZI OBI,PRODUCT,N,2026-08-28,23530.177113819493
SI Market + Oral,TRx (Adjusted),STELARA BIOSIMILARS TOTAL SQ,PRODUCT,N,2026-08-28,5847.736973197097
SI Market + Oral,TRx (Adjusted),STELARA SQ,PRODUCT,N,2026-08-28,16681.087365950676
SI Market + Oral,TRx (Adjusted),TREMFYA,PRODUCT,N,2026-08-28,8228.186960812312
SI Market + Oral,TRx (Adjusted),VELSIPITY,PRODUCT,N,2026-08-28,649.4026639015245
SI Market + Oral,TRx (Adjusted),XELJANZ,PRODUCT,N,2026-08-28,1011.7888676645272
SI Market + Oral,TRx (Adjusted),ZEPOSIA,PRODUCT,N,2026-08-28,290.6356134328526
SI Market + Oral,TRx (Adjusted),ZYMFENTRA,PRODUCT,N,2026-08-28,1586.3775102720674
SI Market + Oral,TRx (Adjusted),Total Non-Approved Volume,PRODUCT,N,2026-08-28,138.9539622081884
SI Market + Oral,TRx (Adjusted),ACTEMRA BIOSIMILARS SQ TOTAL,PRODUCT,Y,2026-08-28,1.7069146391708117
SI Market + Oral,TRx (Adjusted),ACTEMRA SQ,PRODUCT,Y,2026-08-28,2.40985515595047
SI Market + Oral,TRx (Adjusted),BIMZELX,PRODUCT,Y,2026-08-28,11.660021385615744
SI Market + Oral,TRx (Adjusted),COSENTYX SQ,PRODUCT,Y,2026-08-28,1.255035596494254
SI Market + Oral,TRx (Adjusted),ENBREL,PRODUCT,Y,2026-08-28,42.36912674380394
SI Market + Oral,TRx (Adjusted),ILUMYA,PRODUCT,Y,2026-08-28,50.12251169329237
SI Market + Oral,TRx (Adjusted),KEVZARA,PRODUCT,Y,2026-08-28,1.269765461845754
SI Market + Oral,TRx (Adjusted),KINERET,PRODUCT,Y,2026-08-28,0.9769853228172372
SI Market + Oral,TRx (Adjusted),OLUMIANT,PRODUCT,Y,2026-08-28,0.0
SI Market + Oral,TRx (Adjusted),ORENCIA SQ,PRODUCT,Y,2026-08-28,1.526187600291015
SI Market + Oral,TRx (Adjusted),OTEZLA,PRODUCT,Y,2026-08-28,7.427619847539124
SI Market + Oral,TRx (Adjusted),SILIQ,PRODUCT,Y,2026-08-28,0.0
SI Market + Oral,TRx (Adjusted),SKYRIZI,PRODUCT,Y,2026-08-28,11.791019492126091
SI Market + Oral,TRx (Adjusted),SOTYKTU,PRODUCT,Y,2026-08-28,0.0
SI Market + Oral,TRx (Adjusted),TALTZ,PRODUCT,Y,2026-08-28,6.438919269241601
SI Market + Oral,TRx (Adjusted),SI Market + Oral,MARKET_TOTAL,N,2026-09-04,115452.812717
SI Market + Oral,TRx (Adjusted),HUMIRA (Including Citrate Free),PRODUCT,N,2026-09-04,13723.010943
SI Market + Oral,TRx (Adjusted),ADALIMUMAB,PRODUCT,N,2026-09-04,22597.766055
SI Market + Oral,TRx (Adjusted),CIMZIA,PRODUCT,N,2026-09-04,1276.036614
SI Market + Oral,TRx (Adjusted),ENTYVIO SQ,PRODUCT,N,2026-09-04,7437.648544
SI Market + Oral,TRx (Adjusted),OMVOH SQ,PRODUCT,N,2026-09-04,735.10528
SI Market + Oral,TRx (Adjusted),RINVOQ,PRODUCT,N,2026-09-04,10250.547764
SI Market + Oral,TRx (Adjusted),SIMPONI SC,PRODUCT,N,2026-09-04,309.063545
SI Market + Oral,TRx (Adjusted),SKYRIZI OBI,PRODUCT,N,2026-09-04,24000.780656
SI Market + Oral,TRx (Adjusted),STELARA BIOSIMILARS TOTAL SQ,PRODUCT,N,2026-09-04,5964.691713
SI Market + Oral,TRx (Adjusted),STELARA SQ,PRODUCT,N,2026-09-04,17014.709113
SI Market + Oral,TRx (Adjusted),TREMFYA,PRODUCT,N,2026-09-04,8392.7507
SI Market + Oral,TRx (Adjusted),VELSIPITY,PRODUCT,N,2026-09-04,662.390717
SI Market + Oral,TRx (Adjusted),XELJANZ,PRODUCT,N,2026-09-04,1032.024645
SI Market + Oral,TRx (Adjusted),ZEPOSIA,PRODUCT,N,2026-09-04,296.448326
SI Market + Oral,TRx (Adjusted),ZYMFENTRA,PRODUCT,N,2026-09-04,1618.10506
SI Market + Oral,TRx (Adjusted),Total Non-Approved Volume,PRODUCT,N,2026-09-04,141.733041
SI Market + Oral,TRx (Adjusted),ACTEMRA BIOSIMILARS SQ TOTAL,PRODUCT,Y,2026-09-04,1.741053
SI Market + Oral,TRx (Adjusted),ACTEMRA SQ,PRODUCT,Y,2026-09-04,2.458052
SI Market + Oral,TRx (Adjusted),BIMZELX,PRODUCT,Y,2026-09-04,11.893222
SI Market + Oral,TRx (Adjusted),COSENTYX SQ,PRODUCT,Y,2026-09-04,1.280136
SI Market + Oral,TRx (Adjusted),ENBREL,PRODUCT,Y,2026-09-04,43.216509
SI Market + Oral,TRx (Adjusted),ILUMYA,PRODUCT,Y,2026-09-04,51.124962
SI Market + Oral,TRx (Adjusted),KEVZARA,PRODUCT,Y,2026-09-04,1.295161
SI Market + Oral,TRx (Adjusted),KINERET,PRODUCT,Y,2026-09-04,0.996525
SI Market + Oral,TRx (Adjusted),OLUMIANT,PRODUCT,Y,2026-09-04,0.0
SI Market + Oral,TRx (Adjusted),ORENCIA SQ,PRODUCT,Y,2026-09-04,1.556711
SI Market + Oral,TRx (Adjusted),OTEZLA,PRODUCT,Y,2026-09-04,7.576172
SI Market + Oral,TRx (Adjusted),SILIQ,PRODUCT,Y,2026-09-04,0.0
SI Market + Oral,TRx (Adjusted),SKYRIZI,PRODUCT,Y,2026-09-04,12.02684
SI Market + Oral,TRx (Adjusted),SOTYKTU,PRODUCT,Y,2026-09-04,0.0
SI Market + Oral,TRx (Adjusted),TALTZ,PRODUCT,Y,2026-09-04,6.567698
SI Market + Oral,TRx (Adjusted),SI Market + Oral,MARKET_TOTAL,N,2026-09-11,117761.868971
SI Market + Oral,TRx (Adjusted),HUMIRA (Including Citrate Free),PRODUCT,N,2026-09-11,13997.471162
SI Market + Oral,TRx (Adjusted),ADALIMUMAB,PRODUCT,N,2026-09-11,23049.721376
SI Market + Oral,TRx (Adjusted),CIMZIA,PRODUCT,N,2026-09-11,1301.557346
SI Market + Oral,TRx (Adjusted),ENTYVIO SQ,PRODUCT,N,2026-09-11,7586.401515
SI Market + Oral,TRx (Adjusted),OMVOH SQ,PRODUCT,N,2026-09-11,749.807385
SI Market + Oral,TRx (Adjusted),RINVOQ,PRODUCT,N,2026-09-11,10455.558719
SI Market + Oral,TRx (Adjusted),SIMPONI SC,PRODUCT,N,2026-09-11,315.244816
SI Market + Oral,TRx (Adjusted),SKYRIZI OBI,PRODUCT,N,2026-09-11,24480.796269
SI Market + Oral,TRx (Adjusted),STELARA BIOSIMILARS TOTAL SQ,PRODUCT,N,2026-09-11,6083.985547
SI Market + Oral,TRx (Adjusted),STELARA SQ,PRODUCT,N,2026-09-11,17355.003296
SI Market + Oral,TRx (Adjusted),TREMFYA,PRODUCT,N,2026-09-11,8560.605714
SI Market + Oral,TRx (Adjusted),VELSIPITY,PRODUCT,N,2026-09-11,675.638532
SI Market + Oral,TRx (Adjusted),XELJANZ,PRODUCT,N,2026-09-11,1052.665138
SI Market + Oral,TRx (Adjusted),ZEPOSIA,PRODUCT,N,2026-09-11,302.377292
SI Market + Oral,TRx (Adjusted),ZYMFENTRA,PRODUCT,N,2026-09-11,1650.467162
SI Market + Oral,TRx (Adjusted),Total Non-Approved Volume,PRODUCT,N,2026-09-11,144.567702
SI Market + Oral,TRx (Adjusted),ACTEMRA BIOSIMILARS SQ TOTAL,PRODUCT,Y,2026-09-11,1.775874
SI Market + Oral,TRx (Adjusted),ACTEMRA SQ,PRODUCT,Y,2026-09-11,2.507213
SI Market + Oral,TRx (Adjusted),BIMZELX,PRODUCT,Y,2026-09-11,12.131086
SI Market + Oral,TRx (Adjusted),COSENTYX SQ,PRODUCT,Y,2026-09-11,1.305739
SI Market + Oral,TRx (Adjusted),ENBREL,PRODUCT,Y,2026-09-11,44.080839
SI Market + Oral,TRx (Adjusted),ILUMYA,PRODUCT,Y,2026-09-11,52.147461
SI Market + Oral,TRx (Adjusted),KEVZARA,PRODUCT,Y,2026-09-11,1.321064
SI Market + Oral,TRx (Adjusted),KINERET,PRODUCT,Y,2026-09-11,1.016456
SI Market + Oral,TRx (Adjusted),OLUMIANT,PRODUCT,Y,2026-09-11,0.0
SI Market + Oral,TRx (Adjusted),ORENCIA SQ,PRODUCT,Y,2026-09-11,1.587846
SI Market + Oral,TRx (Adjusted),OTEZLA,PRODUCT,Y,2026-09-11,7.727696
SI Market + Oral,TRx (Adjusted),SILIQ,PRODUCT,Y,2026-09-11,0.0
SI Market + Oral,TRx (Adjusted),SKYRIZI,PRODUCT,Y,2026-09-11,12.267377
SI Market + Oral,TRx (Adjusted),SOTYKTU,PRODUCT,Y,2026-09-11,0.0
SI Market + Oral,TRx (Adjusted),TALTZ,PRODUCT,Y,2026-09-11,6.699052
SI Market + Oral,TRx (Adjusted),SI Market + Oral,MARKET_TOTAL,N,2026-09-18,120117.106351
SI Market + Oral,TRx (Adjusted),HUMIRA (Including Citrate Free),PRODUCT,N,2026-09-18,14277.420586
SI Market + Oral,TRx (Adjusted),ADALIMUMAB,PRODUCT,N,2026-09-18,23510.715804
SI Market + Oral,TRx (Adjusted),CIMZIA,PRODUCT,N,2026-09-18,1327.588493
SI Market + Oral,TRx (Adjusted),ENTYVIO SQ,PRODUCT,N,2026-09-18,7738.129545
SI Market + Oral,TRx (Adjusted),OMVOH SQ,PRODUCT,N,2026-09-18,764.803533
SI Market + Oral,TRx (Adjusted),RINVOQ,PRODUCT,N,2026-09-18,10664.669894
SI Market + Oral,TRx (Adjusted),SIMPONI SC,PRODUCT,N,2026-09-18,321.549712
SI Market + Oral,TRx (Adjusted),SKYRIZI OBI,PRODUCT,N,2026-09-18,24970.412195
SI Market + Oral,TRx (Adjusted),STELARA BIOSIMILARS TOTAL SQ,PRODUCT,N,2026-09-18,6205.665258
SI Market + Oral,TRx (Adjusted),STELARA SQ,PRODUCT,N,2026-09-18,17702.103361
SI Market + Oral,TRx (Adjusted),TREMFYA,PRODUCT,N,2026-09-18,8731.817828
SI Market + Oral,TRx (Adjusted),VELSIPITY,PRODUCT,N,2026-09-18,689.151302
SI Market + Oral,TRx (Adjusted),XELJANZ,PRODUCT,N,2026-09-18,1073.718441
SI Market + Oral,TRx (Adjusted),ZEPOSIA,PRODUCT,N,2026-09-18,308.424838
SI Market + Oral,TRx (Adjusted),ZYMFENTRA,PRODUCT,N,2026-09-18,1683.476505
SI Market + Oral,TRx (Adjusted),Total Non-Approved Volume,PRODUCT,N,2026-09-18,147.459056
SI Market + Oral,TRx (Adjusted),ACTEMRA BIOSIMILARS SQ TOTAL,PRODUCT,Y,2026-09-18,1.811391
SI Market + Oral,TRx (Adjusted),ACTEMRA SQ,PRODUCT,Y,2026-09-18,2.557358
SI Market + Oral,TRx (Adjusted),BIMZELX,PRODUCT,Y,2026-09-18,12.373708
SI Market + Oral,TRx (Adjusted),COSENTYX SQ,PRODUCT,Y,2026-09-18,1.331854
SI Market + Oral,TRx (Adjusted),ENBREL,PRODUCT,Y,2026-09-18,44.962456
SI Market + Oral,TRx (Adjusted),ILUMYA,PRODUCT,Y,2026-09-18,53.19041
SI Market + Oral,TRx (Adjusted),KEVZARA,PRODUCT,Y,2026-09-18,1.347485
SI Market + Oral,TRx (Adjusted),KINERET,PRODUCT,Y,2026-09-18,1.036785
SI Market + Oral,TRx (Adjusted),OLUMIANT,PRODUCT,Y,2026-09-18,0.0
SI Market + Oral,TRx (Adjusted),ORENCIA SQ,PRODUCT,Y,2026-09-18,1.619602
SI Market + Oral,TRx (Adjusted),OTEZLA,PRODUCT,Y,2026-09-18,7.88225
SI Market + Oral,TRx (Adjusted),SILIQ,PRODUCT,Y,2026-09-18,0.0
SI Market + Oral,TRx (Adjusted),SKYRIZI,PRODUCT,Y,2026-09-18,12.512724
SI Market + Oral,TRx (Adjusted),SOTYKTU,PRODUCT,Y,2026-09-18,0.0
SI Market + Oral,TRx (Adjusted),TALTZ,PRODUCT,Y,2026-09-18,6.833033
SI Market + Oral,TRx (Adjusted),SI Market + Oral,MARKET_TOTAL,N,2026-09-25,122519.448478
SI Market + Oral,TRx (Adjusted),HUMIRA (Including Citrate Free),PRODUCT,N,2026-09-25,14562.968997
SI Market + Oral,TRx (Adjusted),ADALIMUMAB,PRODUCT,N,2026-09-25,23980.93012
SI Market + Oral,TRx (Adjusted),CIMZIA,PRODUCT,N,2026-09-25,1354.140263
SI Market + Oral,TRx (Adjusted),ENTYVIO SQ,PRODUCT,N,2026-09-25,7892.892136
SI Market + Oral,TRx (Adjusted),OMVOH SQ,PRODUCT,N,2026-09-25,780.099604
SI Market + Oral,TRx (Adjusted),RINVOQ,PRODUCT,N,2026-09-25,10877.963291
SI Market + Oral,TRx (Adjusted),SIMPONI SC,PRODUCT,N,2026-09-25,327.980706
SI Market + Oral,TRx (Adjusted),SKYRIZI OBI,PRODUCT,N,2026-09-25,25469.820438
SI Market + Oral,TRx (Adjusted),STELARA BIOSIMILARS TOTAL SQ,PRODUCT,N,2026-09-25,6329.778563
SI Market + Oral,TRx (Adjusted),STELARA SQ,PRODUCT,N,2026-09-25,18056.145429
SI Market + Oral,TRx (Adjusted),TREMFYA,PRODUCT,N,2026-09-25,8906.454185
SI Market + Oral,TRx (Adjusted),VELSIPITY,PRODUCT,N,2026-09-25,702.934328
SI Market + Oral,TRx (Adjusted),XELJANZ,PRODUCT,N,2026-09-25,1095.192809
SI Market + Oral,TRx (Adjusted),ZEPOSIA,PRODUCT,N,2026-09-25,314.593335
SI Market + Oral,TRx (Adjusted),ZYMFENTRA,PRODUCT,N,2026-09-25,1717.146035
SI Market + Oral,TRx (Adjusted),Total Non-Approved Volume,PRODUCT,N,2026-09-25,150.408237
SI Market + Oral,TRx (Adjusted),ACTEMRA BIOSIMILARS SQ TOTAL,PRODUCT,Y,2026-09-25,1.847619
SI Market + Oral,TRx (Adjusted),ACTEMRA SQ,PRODUCT,Y,2026-09-25,2.608505
SI Market + Oral,TRx (Adjusted),BIMZELX,PRODUCT,Y,2026-09-25,12.621182
SI Market + Oral,TRx (Adjusted),COSENTYX SQ,PRODUCT,Y,2026-09-25,1.358491
SI Market + Oral,TRx (Adjusted),ENBREL,PRODUCT,Y,2026-09-25,45.861705
SI Market + Oral,TRx (Adjusted),ILUMYA,PRODUCT,Y,2026-09-25,54.254219
SI Market + Oral,TRx (Adjusted),KEVZARA,PRODUCT,Y,2026-09-25,1.374435
SI Market + Oral,TRx (Adjusted),KINERET,PRODUCT,Y,2026-09-25,1.05752
SI Market + Oral,TRx (Adjusted),OLUMIANT,PRODUCT,Y,2026-09-25,0.0
SI Market + Oral,TRx (Adjusted),ORENCIA SQ,PRODUCT,Y,2026-09-25,1.651995
SI Market + Oral,TRx (Adjusted),OTEZLA,PRODUCT,Y,2026-09-25,8.039895
SI Market + Oral,TRx (Adjusted),SILIQ,PRODUCT,Y,2026-09-25,0.0
SI Market + Oral,TRx (Adjusted),SKYRIZI,PRODUCT,Y,2026-09-25,12.762979
SI Market + Oral,TRx (Adjusted),SOTYKTU,PRODUCT,Y,2026-09-25,0.0
SI Market + Oral,TRx (Adjusted),TALTZ,PRODUCT,Y,2026-09-25,6.969693
