MARKET,METRIC,PRODUCT,ROW_TYPE,NON_APPROVED_FLAG,WEEK_ENDING,TRX_ADJUSTED
SI Market + Oral,TRx (Adjusted),SI Market + Oral,MARKET_TOTAL,N,2024-05-03,55206.03464711867
SI Market + Oral,TRx (Adjusted),SI Market + Oral,MARKET_TOTAL,N,2024-05-10,53274.65458081292
SI Market + Oral,TRx (Adjusted),SI Market + Oral,MARKET_TOTAL,N,2024-05-17,56694.49202327464
SI Market + Oral,TRx (Adjusted),SI Market + Oral,MARKET_TOTAL,N,2024-05-24,57380.92034965759
SI Market + Oral,TRx (Adjusted),SI Market + Oral,MARKET_TOTAL,N,2024-05-31,57177.50587847914
SI Market + Oral,TRx (Adjusted),SI Market + Oral,MARKET_TOTAL,N,2024-06-07,60661.02623545966
SI Market + Oral,TRx (Adjusted),SI Market + Oral,MARKET_TOTAL,N,2024-06-14,64858.88890769744
SI Market + Oral,TRx (Adjusted),SI Market + Oral,MARKET_TOTAL,N,2024-06-21,56867.43110985859
SI Market + Oral,TRx (Adjusted),SI Market + Oral,MARKET_TOTAL,N,2024-06-28,56114.85163414724
SI Market + Oral,TRx (Adjusted),SI Market + Oral,MARKET_TOTAL,N,2024-07-05,43361.61008924742
SI Market + Oral,TRx (Adjusted),SI Market + Oral,MARKET_TOTAL,N,2024-07-12,60972.0995881148
SI Market + Oral,TRx (Adjusted),SI Market + Oral,MARKET_TOTAL,N,2024-07-19,48604.61257776427
SI Market + Oral,TRx (Adjusted),SI Market + Oral,MARKET_TOTAL,N,2024-07-26,61535.135879876056
SI Market + Oral,TRx (Adjusted),SI Market + Oral,MARKET_TOTAL,N,2024-08-02,59777.94208944632
SI Market + Oral,TRx (Adjusted),SI Market + Oral,MARKET_TOTAL,N,2024-08-09,56205.53041199458
SI Market + Oral,TRx (Adjusted),SI Market + Oral,MARKET_TOTAL,N,2024-08-16,62089.04291025063
SI Market + Oral,TRx (Adjusted),SI Market + Oral,MARKET_TOTAL,N,2024-08-23,48927.4942812212
SI Market + Oral,TRx (Adjusted),SI Market + Oral,MARKET_TOTAL,N,2024-08-30,58999.78566099799
SI Market + Oral,TRx (Adjusted),SI Market + Oral,MARKET_TOTAL,N,2024-09-06,51983.34030100502
SI Market + Oral,TRx (Adjusted),SI Market + Oral,MARKET_TOTAL,N,2024-09-13,67550.51061660728
SI Market + Oral,TRx (Adjusted),SI Market + Oral,MARKET_TOTAL,N,2024-09-20,56468.76399871548
SI Market + Oral,TRx (Adjusted),SI Market + Oral,MARKET_TOTAL,N,2024-09-27,62494.28830317855
SI Market + Oral,TRx (Adjusted),SI Market + Oral,MARKET_TOTAL,N,2024-10-04,57004.38068115804
SI Market + Oral,TRx (Adjusted),SI Market + Oral,MARKET_TOTAL,N,2024-10-11,51654.53652683344
SI Market + Oral,TRx (Adjusted),SI Market + Oral,MARKET_TOTAL,N,2024-10-18,64047.12700883027
SI Market + Oral,TRx (Adjusted),SI Market + Oral,MARKET_TOTAL,N,2024-10-25,64661.90562438128
SI Market + Oral,TRx (Adjusted),SI Market + Oral,MARKET_TOTAL,N,2024-11-01,57311.90787158379
SI Market + Oral,TRx (Adjusted),SI Market + Oral,MARKET_TOTAL,N,2024-11-08,63038.26399286049
SI Market + Oral,TRx (Adjusted),SI Market + Oral,MARKET_TOTAL,N,2024-11-15,68910.40477306157
SI Market + Oral,TRx (Adjusted),SI Market + Oral,MARKET_TOTAL,N,2024-11-22,59297.22318879383
SI Market + Oral,TRx (Adjusted),SI Market + Oral,MARKET_TOTAL,N,2024-11-29,48086.32925424308
SI Market + Oral,TRx (Adjusted),SI Market + Oral,MARKET_TOTAL,N,2024-12-06,69295.91163452987
SI Market + Oral,TRx (Adjusted),SI Market + Oral,MARKET_TOTAL,N,2024-12-13,61540.976200376834
SI Market + Oral,TRx (Adjusted),SI Market + Oral,MARKET_TOTAL,N,2024-12-20,74260.0650058934
SI Market + Oral,TRx (Adjusted),SI Market + Oral,MARKET_TOTAL,N,2024-12-27,40107.7286986884
SI Market + Oral,TRx (Adjusted),SI Market + Oral,MARKET_TOTAL,N,2025-01-03,51343.68298631199
SI Market + Oral,TRx (Adjusted),SI Market + Oral,MARKET_TOTAL,N,2025-01-10,59946.02122395656
SI Market + Oral,TRx (Adjusted),SI Market + Oral,MARKET_TOTAL,N,2025-01-17,58480.93363348296
SI Market + Oral,TRx (Adjusted),SI Market + Oral,MARKET_TOTAL,N,2025-01-24,54657.83670376823
SI Market + Oral,TRx (Adjusted),SI Market + Oral,MARKET_TOTAL,N,2025-01-31,60848.43800943115
SI Market + Oral,TRx (Adjusted),SI Market + Oral,MARKET_TOTAL,N,2025-02-07,64991.27691225536
SI Market + Oral,TRx (Adjusted),SI Market + Oral,MARKET_TOTAL,N,2025-02-14,58191.53660579896
SI Market + Oral,TRx (Adjusted),SI Market + Oral,MARKET_TOTAL,N,2025-02-21,66004.95073518004
SI Market + Oral,TRx (Adjusted),SI Market + Oral,MARKET_TOTAL,N,2025-02-28,63758.0268454561
SI Market + Oral,TRx (Adjusted),SI Market + Oral,MARKET_TOTAL,N,2025-03-07,67754.22227975042
SI Market + Oral,TRx (Adjusted),SI Market + Oral,MARKET_TOTAL,N,2025-03-14,65098.89350969541
SI Market + Oral,TRx (Adjusted),SI Market + Oral,MARKET_TOTAL,N,2025-03-21,69869.12525116383
SI Market + Oral,TRx (Adjusted),SI Market + Oral,MARKET_TOTAL,N,2025-03-28,68576.31354596451
SI Market + Oral,TRx (Adjusted),SI Market + Oral,MARKET_TOTAL,N,2025-04-04,65488.37498474448
SI Market + Oral,TRx (Adjusted),SI Market + Oral,MARKET_TOTAL,N,2025-04-11,63182.54018717161
SI Market + Oral,TRx (Adjusted),SI Market + Oral,MARKET_TOTAL,N,2025-04-18,64582.49112052336
SI Market + Oral,TRx (Adjusted),SI Market + Oral,MARKET_TOTAL,N,2025-04-25,62480.82684609585
SI Market + Oral,TRx (Adjusted),SI Market + Oral,MARKET_TOTAL,N,2025-05-02,63718.64994346912
SI Market + Oral,TRx (Adjusted),SI Market + Oral,MARKET_TOTAL,N,2025-05-09,59177.73747705799
SI Market + Oral,TRx (Adjusted),SI Market + Oral,MARKET_TOTAL,N,2025-05-16,62452.37529675835
SI Market + Oral,TRx (Adjusted),SI Market + Oral,MARKET_TOTAL,N,2025-05-23,64493.513951994464
SI Market + Oral,TRx (Adjusted),SI Market + Oral,MARKET_TOTAL,N,2025-05-30,65254.81477372548
SI Market + Oral,TRx (Adjusted),SI Market + Oral,MARKET_TOTAL,N,2025-06-06,68901.95324793475
SI Market + Oral,TRx (Adjusted),SI Market + Oral,MARKET_TOTAL,N,2025-06-13,61872.7337370238
SI Market + Oral,TRx (Adjusted),SI Market + Oral,MARKET_TOTAL,N,2025-06-20,68914.27468492571
SI Market + Oral,TRx (Adjusted),SI Market + Oral,MARKET_TOTAL,N,2025-06-27,72270.52543832196
SI Market + Oral,TRx (Adjusted),SI Market + Oral,MARKET_TOTAL,N,2025-07-04,52190.96660694861
SI Market + Oral,TRx (Adjusted),SI Market + Oral,MARKET_TOTAL,N,2025-07-11,76635.18255909061
SI Market + Oral,TRx (Adjusted),SI Market + Oral,MARKET_TOTAL,N,2025-07-18,70761.15647438327
SI Market + Oral,TRx (Adjusted),SI Market + Oral,MARKET_TOTAL,N,2025-07-25,75970.88222965485
SI Market + Oral,TRx (Adjusted),SI Market + Oral,MARKET_TOTAL,N,2025-08-01,62564.35427351894
SI Market + Oral,TRx (Adjusted),SI Market + Oral,MARKET_TOTAL,N,2025-08-08,74015.71457797347
SI Market + Oral,TRx (Adjusted),SI Market + Oral,MARKET_TOTAL,N,2025-08-15,66206.34305105513
SI Market + Oral,TRx (Adjusted),SI Market + Oral,MARKET_TOTAL,N,2025-08-22,70774.79225265737
SI Market + Oral,TRx (Adjusted),SI Market + Oral,MARKET_TOTAL,N,2025-08-29,69713.88061959908
SI Market + Oral,TRx (Adjusted),SI Market + Oral,MARKET_TOTAL,N,2025-09-05,58466.48910893664
SI Market + Oral,TRx (Adjusted),SI Market + Oral,MARKET_TOTAL,N,2025-09-12,68423.8885804398
SI Market + Oral,TRx (Adjusted),SI Market + Oral,MARKET_TOTAL,N,2025-09-19,69684.89168112786
SI Market + Oral,TRx (Adjusted),SI Market + Oral,MARKET_TOTAL,N,2025-09-26,74351.88951571201
SI Market + Oral,TRx (Adjusted),SI Market + Oral,MARKET_TOTAL,N,2025-10-03,67225.94389476805
SI Market + Oral,TRx (Adjusted),SI Market + Oral,MARKET_TOTAL,N,2025-10-10,70808.86429111326
SI Market + Oral,TRx (Adjusted),SI Market + Oral,MARKET_TOTAL,N,2025-10-17,72146.30806618008
SI Market + Oral,TRx (Adjusted),SI Market + Oral,MARKET_TOTAL,N,2025-10-24,72959.03985697555
SI Market + Oral,TRx (Adjusted),SI Market + Oral,MARKET_TOTAL,N,2025-10-31,70198.65291131588
SI Market + Oral,TRx (Adjusted),SI Market + Oral,MARKET_TOTAL,N,2025-11-07,71511.56271543687
SI Market + Oral,TRx (Adjusted),SI Market + Oral,MARKET_TOTAL,N,2025-11-14,73083.0296187173
SI Market + Oral,TRx (Adjusted),SI Market + Oral,MARKET_TOTAL,N,2025-11-21,76527.5276360005
SI Market + Oral,TRx (Adjusted),SI Market + Oral,MARKET_TOTAL,N,2025-11-28,58049.16330055141
SI Market + Oral,TRx (Adjusted),SI Market + Oral,MARKET_TOTAL,N,2025-12-05,81068.13962421147
SI Market + Oral,TRx (Adjusted),SI Market + Oral,MARKET_TOTAL,N,2025-12-12,76385.09860325896
SI Market + Oral,TRx (Adjusted),SI Market + Oral,MARKET_TOTAL,N,2025-12-19,76102.95670714577
SI Market + Oral,TRx (Adjusted),SI Market + Oral,MARKET_TOTAL,N,2025-12-26,53281.72873212547
SI Market + Oral,TRx (Adjusted),SI Market + Oral,MARKET_TOTAL,N,2026-01-02,62614.92973933295
SI Market + Oral,TRx (Adjusted),SI Market + Oral,MARKET_TOTAL,N,2026-01-09,73804.84315670226
SI Market + Oral,TRx (Adjusted),SI Market + Oral,MARKET_TOTAL,N,2026-01-16,79873.9160418073
SI Market + Oral,TRx (Adjusted),SI Market + Oral,MARKET_TOTAL,N,2026-01-23,60685.28904135865
SI Market + Oral,TRx (Adjusted),SI Market + Oral,MARKET_TOTAL,N,2026-01-30,58785.18271890228
SI Market + Oral,TRx (Adjusted),SI Market + Oral,MARKET_TOTAL,N,2026-02-06,78196.06126828154
SI Market + Oral,TRx (Adjusted),SI Market + Oral,MARKET_TOTAL,N,2026-02-13,69528.13040852275
SI Market + Oral,TRx (Adjusted),SI Market + Oral,MARKET_TOTAL,N,2026-02-20,71251.61573761035
SI Market + Oral,TRx (Adjusted),SI Market + Oral,MARKET_TOTAL,N,2026-02-27,74311.88426357815
SI Market + Oral,TRx (Adjusted),SI Market + Oral,MARKET_TOTAL,N,2026-03-06,66532.27106470082
SI Market + Oral,TRx (Adjusted),SI Market + Oral,MARKET_TOTAL,N,2026-03-13,71283.93012902145
SI Market + Oral,TRx (Adjusted),SI Market + Oral,MARKET_TOTAL,N,2026-03-20,77022.73069132515
SI Market + Oral,TRx (Adjusted),SI Market + Oral,MARKET_TOTAL,N,2026-03-27,75748.54052056142
SI Market + Oral,TRx (Adjusted),SI Market + Oral,MARKET_TOTAL,N,2026-04-03,80351.9664751839
SI Market + Oral,TRx (Adjusted),SI Market + Oral,MARKET_TOTAL,N,2026-04-10,66048.89959146857
SI Market + Oral,TRx (Adjusted),SI Market + Oral,MARKET_TOTAL,N,2026-04-17,63910.61274953991
SI Market + Oral,TRx (Adjusted),SI Market + Oral,MARKET_TOTAL,N,2026-04-24,75704.52108309676
SI Market + Oral,TRx (Adjusted),SI Market + Oral,MARKET_TOTAL,N,2026-05-01,76926.85436957088
SI Market + Oral,TRx (Adjusted),SI Market + Oral,MARKET_TOTAL,N,2026-05-08,75994.9549672067
SI Market + Oral,TRx (Adjusted),HUMIRA (Including Citrate Free),PRODUCT,N,2024-05-03,19976.96377014937
SI Market + Oral,TRx (Adjusted),HUMIRA (Including Citrate Free),PRODUCT,N,2024-05-10,19640.875735105765
SI Market + Oral,TRx (Adjusted),HUMIRA (Including Citrate Free),PRODUCT,N,2024-05-17,23326.24549599302
SI Market + Oral,TRx (Adjusted),HUMIRA (Including Citrate Free),PRODUCT,N,2024-05-24,16883.58526210457
SI Market + Oral,TRx (Adjusted),HUMIRA (Including Citrate Free),PRODUCT,N,2024-05-31,23458.93233395698
SI Market + Oral,TRx (Adjusted),HUMIRA (Including Citrate Free),PRODUCT,N,2024-06-07,17794.25195448628
SI Market + Oral,TRx (Adjusted),HUMIRA (Including Citrate Free),PRODUCT,N,2024-06-14,26054.0721142759
SI Market + Oral,TRx (Adjusted),HUMIRA (Including Citrate Free),PRODUCT,N,2024-06-21,17044.876558686054
SI Market + Oral,TRx (Adjusted),HUMIRA (Including Citrate Free),PRODUCT,N,2024-06-28,17086.643990773533
SI Market + Oral,TRx (Adjusted),HUMIRA (Including Citrate Free),PRODUCT,N,2024-07-05,15729.40655426049
SI Market + Oral,TRx (Adjusted),HUMIRA (Including Citrate Free),PRODUCT,N,2024-07-12,24025.807730881246
SI Market + Oral,TRx (Adjusted),HUMIRA (Including Citrate Free),PRODUCT,N,2024-07-19,17272.994437460507
SI Market + Oral,TRx (Adjusted),HUMIRA (Including Citrate Free),PRODUCT,N,2024-07-26,23026.179409553108
SI Market + Oral,TRx (Adjusted),HUMIRA (Including Citrate Free),PRODUCT,N,2024-08-02,23432.9337788382
SI Market + Oral,TRx (Adjusted),HUMIRA (Including Citrate Free),PRODUCT,N,2024-08-09,22665.496699145744
SI Market + Oral,TRx (Adjusted),HUMIRA (Including Citrate Free),PRODUCT,N,2024-08-16,23355.265707565624
SI Market + Oral,TRx (Adjusted),HUMIRA (Including Citrate Free),PRODUCT,N,2024-08-23,15099.738564087726
SI Market + Oral,TRx (Adjusted),HUMIRA (Including Citrate Free),PRODUCT,N,2024-08-30,20683.2985396883
SI Market + Oral,TRx (Adjusted),HUMIRA (Including Citrate Free),PRODUCT,N,2024-09-06,18167.330226956503
SI Market + Oral,TRx (Adjusted),HUMIRA (Including Citrate Free),PRODUCT,N,2024-09-13,24166.158784216987
SI Market + Oral,TRx (Adjusted),HUMIRA (Including Citrate Free),PRODUCT,N,2024-09-20,16978.6780909549
SI Market + Oral,TRx (Adjusted),HUMIRA (Including Citrate Free),PRODUCT,N,2024-09-27,22240.31790084655
SI Market + Oral,TRx (Adjusted),HUMIRA (Including Citrate Free),PRODUCT,N,2024-10-04,16860.32792934999
SI Market + Oral,TRx (Adjusted),HUMIRA (Including Citrate Free),PRODUCT,N,2024-10-11,17034.13969708465
SI Market + Oral,TRx (Adjusted),HUMIRA (Including Citrate Free),PRODUCT,N,2024-10-18,23025.129104719465
SI Market + Oral,TRx (Adjusted),HUMIRA (Including Citrate Free),PRODUCT,N,2024-10-25,22577.42717315298
SI Market + Oral,TRx (Adjusted),HUMIRA (Including Citrate Free),PRODUCT,N,2024-11-01,19329.55509458799
SI Market + Oral,TRx (Adjusted),HUMIRA (Including Citrate Free),PRODUCT,N,2024-11-08,17724.40812238111
SI Market + Oral,TRx (Adjusted),HUMIRA (Including Citrate Free),PRODUCT,N,2024-11-15,23172.50092041801
SI Market + Oral,TRx (Adjusted),HUMIRA (Including Citrate Free),PRODUCT,N,2024-11-22,18602.8045980353
SI Market + Oral,TRx (Adjusted),HUMIRA (Including Citrate Free),PRODUCT,N,2024-11-29,13422.794050713215
SI Market + Oral,TRx (Adjusted),HUMIRA (Including Citrate Free),PRODUCT,N,2024-12-06,20907.56600729255
SI Market + Oral,TRx (Adjusted),HUMIRA (Including Citrate Free),PRODUCT,N,2024-12-13,21166.15538872341
SI Market + Oral,TRx (Adjusted),HUMIRA (Including Citrate Free),PRODUCT,N,2024-12-20,23042.608973411152
SI Market + Oral,TRx (Adjusted),HUMIRA (Including Citrate Free),PRODUCT,N,2024-12-27,12131.08014909118
SI Market + Oral,TRx (Adjusted),HUMIRA (Including Citrate Free),PRODUCT,N,2025-01-03,17347.649674215412
SI Market + Oral,TRx (Adjusted),HUMIRA (Including Citrate Free),PRODUCT,N,2025-01-10,13659.57522489546
SI Market + Oral,TRx (Adjusted),HUMIRA (Including Citrate Free),PRODUCT,N,2025-01-17,16326.320237384218
SI Market + Oral,TRx (Adjusted),HUMIRA (Including Citrate Free),PRODUCT,N,2025-01-24,14636.356171768948
SI Market + Oral,TRx (Adjusted),HUMIRA (Including Citrate Free),PRODUCT,N,2025-01-31,16726.298510749843
SI Market + Oral,TRx (Adjusted),HUMIRA (Including Citrate Free),PRODUCT,N,2025-02-07,14708.0137726474
SI Market + Oral,TRx (Adjusted),HUMIRA (Including Citrate Free),PRODUCT,N,2025-02-14,14572.265974697248
SI Market + Oral,TRx (Adjusted),HUMIRA (Including Citrate Free),PRODUCT,N,2025-02-21,15772.985809969336
SI Market + Oral,TRx (Adjusted),HUMIRA (Including Citrate Free),PRODUCT,N,2025-02-28,19137.984042888827
SI Market + Oral,TRx (Adjusted),HUMIRA (Including Citrate Free),PRODUCT,N,2025-03-07,19203.86223240316
SI Market + Oral,TRx (Adjusted),HUMIRA (Including Citrate Free),PRODUCT,N,2025-03-14,17299.392543940598
SI Market + Oral,TRx (Adjusted),HUMIRA (Including Citrate Free),PRODUCT,N,2025-03-21,18303.123630566846
SI Market + Oral,TRx (Adjusted),HUMIRA (Including Citrate Free),PRODUCT,N,2025-03-28,15616.204916683484
SI Market + Oral,TRx (Adjusted),HUMIRA (Including Citrate Free),PRODUCT,N,2025-04-04,16641.669929997843
SI Market + Oral,TRx (Adjusted),HUMIRA (Including Citrate Free),PRODUCT,N,2025-04-11,19023.751341201223
SI Market + Oral,TRx (Adjusted),HUMIRA (Including Citrate Free),PRODUCT,N,2025-04-18,13432.674240665125
SI Market + Oral,TRx (Adjusted),HUMIRA (Including Citrate Free),PRODUCT,N,2025-04-25,13079.526991999715
SI Market + Oral,TRx (Adjusted),HUMIRA (Including Citrate Free),PRODUCT,N,2025-05-02,12437.279426269091
SI Market + Oral,TRx (Adjusted),HUMIRA (Including Citrate Free),PRODUCT,N,2025-05-09,13585.682712167783
SI Market + Oral,TRx (Adjusted),HUMIRA (Including Citrate Free),PRODUCT,N,2025-05-16,17092.5275307302
SI Market + Oral,TRx (Adjusted),HUMIRA (Including Citrate Free),PRODUCT,N,2025-05-23,15588.676251249835
SI Market + Oral,TRx (Adjusted),HUMIRA (Including Citrate Free),PRODUCT,N,2025-05-30,17468.187497778206
SI Market + Oral,TRx (Adjusted),HUMIRA (Including Citrate Free),PRODUCT,N,2025-06-06,19049.193974177346
SI Market + Oral,TRx (Adjusted),HUMIRA (Including Citrate Free),PRODUCT,N,2025-06-13,12349.745061169491
SI Market + Oral,TRx (Adjusted),HUMIRA (Including Citrate Free),PRODUCT,N,2025-06-20,13421.072356076427
SI Market + Oral,TRx (Adjusted),HUMIRA (Including Citrate Free),PRODUCT,N,2025-06-27,13080.468857784748
SI Market + Oral,TRx (Adjusted),HUMIRA (Including Citrate Free),PRODUCT,N,2025-07-04,11299.731039779845
SI Market + Oral,TRx (Adjusted),HUMIRA (Including Citrate Free),PRODUCT,N,2025-07-11,16988.862280001766
SI Market + Oral,TRx (Adjusted),HUMIRA (Including Citrate Free),PRODUCT,N,2025-07-18,15736.467241942992
SI Market + Oral,TRx (Adjusted),HUMIRA (Including Citrate Free),PRODUCT,N,2025-07-25,15841.554708872913
SI Market + Oral,TRx (Adjusted),HUMIRA (Including Citrate Free),PRODUCT,N,2025-08-01,10129.231462942553
SI Market + Oral,TRx (Adjusted),HUMIRA (Including Citrate Free),PRODUCT,N,2025-08-08,16926.58901415739
SI Market + Oral,TRx (Adjusted),HUMIRA (Including Citrate Free),PRODUCT,N,2025-08-15,12069.672230658069
SI Market + Oral,TRx (Adjusted),HUMIRA (Including Citrate Free),PRODUCT,N,2025-08-22,16828.9859744956
SI Market + Oral,TRx (Adjusted),HUMIRA (Including Citrate Free),PRODUCT,N,2025-08-29,10831.021658275007
SI Market + Oral,TRx (Adjusted),HUMIRA (Including Citrate Free),PRODUCT,N,2025-09-05,9616.51263132125
SI Market + Oral,TRx (Adjusted),HUMIRA (Including Citrate Free),PRODUCT,N,2025-09-12,14065.451206056185
SI Market + Oral,TRx (Adjusted),HUMIRA (Including Citrate Free),PRODUCT,N,2025-09-19,14372.324179856883
SI Market + Oral,TRx (Adjusted),HUMIRA (Including Citrate Free),PRODUCT,N,2025-09-26,12815.42306158188
SI Market + Oral,TRx (Adjusted),HUMIRA (Including Citrate Free),PRODUCT,N,2025-10-03,11223.076785057618
SI Market + Oral,TRx (Adjusted),HUMIRA (Including Citrate Free),PRODUCT,N,2025-10-10,13940.714063816553
SI Market + Oral,TRx (Adjusted),HUMIRA (Including Citrate Free),PRODUCT,N,2025-10-17,9371.207374923932
SI Market + Oral,TRx (Adjusted),HUMIRA (Including Citrate Free),PRODUCT,N,2025-10-24,15181.672698549426
SI Market + Oral,TRx (Adjusted),HUMIRA (Including Citrate Free),PRODUCT,N,2025-10-31,14044.87274752332
SI Market + Oral,TRx (Adjusted),HUMIRA (Including Citrate Free),PRODUCT,N,2025-11-07,11006.49245524838
SI Market + Oral,TRx (Adjusted),HUMIRA (Including Citrate Free),PRODUCT,N,2025-11-14,14600.483822894525
SI Market + Oral,TRx (Adjusted),HUMIRA (Including Citrate Free),PRODUCT,N,2025-11-21,13565.705853258174
SI Market + Oral,TRx (Adjusted),HUMIRA (Including Citrate Free),PRODUCT,N,2025-11-28,10360.2966078507
SI Market + Oral,TRx (Adjusted),HUMIRA (Including Citrate Free),PRODUCT,N,2025-12-05,14289.242222676625
SI Market + Oral,TRx (Adjusted),HUMIRA (Including Citrate Free),PRODUCT,N,2025-12-12,11555.52027197888
SI Market + Oral,TRx (Adjusted),HUMIRA (Including Citrate Free),PRODUCT,N,2025-12-19,14341.02973153438
SI Market + Oral,TRx (Adjusted),HUMIRA (Including Citrate Free),PRODUCT,N,2025-12-26,7859.28014849015
SI Market + Oral,TRx (Adjusted),HUMIRA (Including Citrate Free),PRODUCT,N,2026-01-02,10580.036886867236
SI Market + Oral,TRx (Adjusted),HUMIRA (Including Citrate Free),PRODUCT,N,2026-01-09,10092.894509812251
SI Market + Oral,TRx (Adjusted),HUMIRA (Including Citrate Free),PRODUCT,N,2026-01-16,10017.417244721815
SI Market + Oral,TRx (Adjusted),HUMIRA (Including Citrate Free),PRODUCT,N,2026-01-23,7821.798998702252
SI Market + Oral,TRx (Adjusted),HUMIRA (Including Citrate Free),PRODUCT,N,2026-01-30,8566.96984844002
SI Market + Oral,TRx (Adjusted),HUMIRA (Including Citrate Free),PRODUCT,N,2026-02-06,11537.1013439407
SI Market + Oral,TRx (Adjusted),HUMIRA (Including Citrate Free),PRODUCT,N,2026-02-13,8215.105305356557
SI Market + Oral,TRx (Adjusted),HUMIRA (Including Citrate Free),PRODUCT,N,2026-02-20,8648.052778656045
SI Market + Oral,TRx (Adjusted),HUMIRA (Including Citrate Free),PRODUCT,N,2026-02-27,7277.666390547234
SI Market + Oral,TRx (Adjusted),HUMIRA (Including Citrate Free),PRODUCT,N,2026-03-06,6525.018197586233
SI Market + Oral,TRx (Adjusted),HUMIRA (Including Citrate Free),PRODUCT,N,2026-03-13,8330.659027609678
SI Market + Oral,TRx (Adjusted),HUMIRA (Including Citrate Free),PRODUCT,N,2026-03-20,9024.073888157494
SI Market + Oral,TRx (Adjusted),HUMIRA (Including Citrate Free),PRODUCT,N,2026-03-27,8237.998851444243
SI Market + Oral,TRx (Adjusted),HUMIRA (Including Citrate Free),PRODUCT,N,2026-04-03,6803.940337474904
SI Market + Oral,TRx (Adjusted),HUMIRA (Including Citrate Free),PRODUCT,N,2026-04-10,5679.74846397642
SI Market + Oral,TRx (Adjusted),HUMIRA (Including Citrate Free),PRODUCT,N,2026-04-17,5435.998994279138
SI Market + Oral,TRx (Adjusted),HUMIRA (Including Citrate Free),PRODUCT,N,2026-04-24,5598.758741187208
SI Market + Oral,TRx (Adjusted),HUMIRA (Including Citrate Free),PRODUCT,N,2026-05-01,6439.6166425259735
SI Market + Oral,TRx (Adjusted),HUMIRA (Including Citrate Free),PRODUCT,N,2026-05-08,7796.90875317663
SI Market + Oral,TRx (Adjusted),ADALIMUMAB,PRODUCT,N,2024-05-03,4080.594858464922
SI Market + Oral,TRx (Adjusted),ADALIMUMAB,PRODUCT,N,2024-05-10,4088.6589965775424
SI Market + Oral,TRx (Adjusted),ADALIMUMAB,PRODUCT,N,2024-05-17,4833.214997342576
SI Market + Oral,TRx (Adjusted),ADALIMUMAB,PRODUCT,N,2024-05-24,6247.089393273439
SI Market + Oral,TRx (Adjusted),ADALIMUMAB,PRODUCT,N,2024-05-31,3659.7953416794817
SI Market + Oral,TRx (Adjusted),ADALIMUMAB,PRODUCT,N,2024-06-07,6393.735249363181
SI Market + Oral,TRx (Adjusted),ADALIMUMAB,PRODUCT,N,2024-06-14,6497.522412166646
SI Market + Oral,TRx (Adjusted),ADALIMUMAB,PRODUCT,N,2024-06-21,5615.465332255388
SI Market + Oral,TRx (Adjusted),ADALIMUMAB,PRODUCT,N,2024-06-28,4537.650428698656
SI Market + Oral,TRx (Adjusted),ADALIMUMAB,PRODUCT,N,2024-07-05,5642.973903330794
SI Market + Oral,TRx (Adjusted),ADALIMUMAB,PRODUCT,N,2024-07-12,5090.017335538748
SI Market + Oral,TRx (Adjusted),ADALIMUMAB,PRODUCT,N,2024-07-19,5866.966461888745
SI Market + Oral,TRx (Adjusted),ADALIMUMAB,PRODUCT,N,2024-07-26,4772.544749411823
SI Market + Oral,TRx (Adjusted),ADALIMUMAB,PRODUCT,N,2024-08-02,5836.201448060006
SI Market + Oral,TRx (Adjusted),ADALIMUMAB,PRODUCT,N,2024-08-09,4648.196018935718
SI Market + Oral,TRx (Adjusted),ADALIMUMAB,PRODUCT,N,2024-08-16,6081.708965802764
SI Market + Oral,TRx (Adjusted),ADALIMUMAB,PRODUCT,N,2024-08-23,4765.505795941813
SI Market + Oral,TRx (Adjusted),ADALIMUMAB,PRODUCT,N,2024-08-30,7087.537453064932
SI Market + Oral,TRx (Adjusted),ADALIMUMAB,PRODUCT,N,2024-09-06,5458.277688510679
SI Market + Oral,TRx (Adjusted),ADALIMUMAB,PRODUCT,N,2024-09-13,6245.355047440347
SI Market + Oral,TRx (Adjusted),ADALIMUMAB,PRODUCT,N,2024-09-20,7051.516949548408
SI Market + Oral,TRx (Adjusted),ADALIMUMAB,PRODUCT,N,2024-09-27,4675.160921261514
SI Market + Oral,TRx (Adjusted),ADALIMUMAB,PRODUCT,N,2024-10-04,6629.241656350775
SI Market + Oral,TRx (Adjusted),ADALIMUMAB,PRODUCT,N,2024-10-11,7118.686883938954
SI Market + Oral,TRx (Adjusted),ADALIMUMAB,PRODUCT,N,2024-10-18,7171.544578144935
SI Market + Oral,TRx (Adjusted),ADALIMUMAB,PRODUCT,N,2024-10-25,4940.977047324825
SI Market + Oral,TRx (Adjusted),ADALIMUMAB,PRODUCT,N,2024-11-01,5333.201672628224
SI Market + Oral,TRx (Adjusted),ADALIMUMAB,PRODUCT,N,2024-11-08,6615.163910943593
SI Market + Oral,TRx (Adjusted),ADALIMUMAB,PRODUCT,N,2024-11-15,6129.678204870183
SI Market + Oral,TRx (Adjusted),ADALIMUMAB,PRODUCT,N,2024-11-22,5692.643795589771
SI Market + Oral,TRx (Adjusted),ADALIMUMAB,PRODUCT,N,2024-11-29,5098.764935127907
SI Market + Oral,TRx (Adjusted),ADALIMUMAB,PRODUCT,N,2024-12-06,8596.650042771236
SI Market + Oral,TRx (Adjusted),ADALIMUMAB,PRODUCT,N,2024-12-13,5773.393832985761
SI Market + Oral,TRx (Adjusted),ADALIMUMAB,PRODUCT,N,2024-12-20,6297.142408173646
SI Market + Oral,TRx (Adjusted),ADALIMUMAB,PRODUCT,N,2024-12-27,4679.594590578985
SI Market + Oral,TRx (Adjusted),ADALIMUMAB,PRODUCT,N,2025-01-03,6390.566457044997
SI Market + Oral,TRx (Adjusted),ADALIMUMAB,PRODUCT,N,2025-01-10,7060.478576290284
SI Market + Oral,TRx (Adjusted),ADALIMUMAB,PRODUCT,N,2025-01-17,7592.407354215739
SI Market + Oral,TRx (Adjusted),ADALIMUMAB,PRODUCT,N,2025-01-24,6591.130269997272
SI Market + Oral,TRx (Adjusted),ADALIMUMAB,PRODUCT,N,2025-01-31,7496.506797241299
SI Market + Oral,TRx (Adjusted),ADALIMUMAB,PRODUCT,N,2025-02-07,8105.896720317322
SI Market + Oral,TRx (Adjusted),ADALIMUMAB,PRODUCT,N,2025-02-14,5822.828753599205
SI Market + Oral,TRx (Adjusted),ADALIMUMAB,PRODUCT,N,2025-02-21,7819.625157412484
SI Market + Oral,TRx (Adjusted),ADALIMUMAB,PRODUCT,N,2025-02-28,10260.418553476882
SI Market + Oral,TRx (Adjusted),ADALIMUMAB,PRODUCT,N,2025-03-07,8495.245311572651
SI Market + Oral,TRx (Adjusted),ADALIMUMAB,PRODUCT,N,2025-03-14,8126.387717076646
SI Market + Oral,TRx (Adjusted),ADALIMUMAB,PRODUCT,N,2025-03-21,9174.03607083356
SI Market + Oral,TRx (Adjusted),ADALIMUMAB,PRODUCT,N,2025-03-28,10100.856003845884
SI Market + Oral,TRx (Adjusted),ADALIMUMAB,PRODUCT,N,2025-04-04,7062.856428887844
SI Market + Oral,TRx (Adjusted),ADALIMUMAB,PRODUCT,N,2025-04-11,8163.35216009927
SI Market + Oral,TRx (Adjusted),ADALIMUMAB,PRODUCT,N,2025-04-18,8816.93678392295
SI Market + Oral,TRx (Adjusted),ADALIMUMAB,PRODUCT,N,2025-04-25,6779.090279153514
SI Market + Oral,TRx (Adjusted),ADALIMUMAB,PRODUCT,N,2025-05-02,9340.705823587685
SI Market + Oral,TRx (Adjusted),ADALIMUMAB,PRODUCT,N,2025-05-09,10946.069021930118
SI Market + Oral,TRx (Adjusted),ADALIMUMAB,PRODUCT,N,2025-05-16,10513.574190346751
SI Market + Oral,TRx (Adjusted),ADALIMUMAB,PRODUCT,N,2025-05-23,12133.44922297451
SI Market + Oral,TRx (Adjusted),ADALIMUMAB,PRODUCT,N,2025-05-30,9043.04747383791
SI Market + Oral,TRx (Adjusted),ADALIMUMAB,PRODUCT,N,2025-06-06,9059.82293371119
SI Market + Oral,TRx (Adjusted),ADALIMUMAB,PRODUCT,N,2025-06-13,7877.11350915725
SI Market + Oral,TRx (Adjusted),ADALIMUMAB,PRODUCT,N,2025-06-20,11022.227009225804
SI Market + Oral,TRx (Adjusted),ADALIMUMAB,PRODUCT,N,2025-06-27,12055.95629169394
SI Market + Oral,TRx (Adjusted),ADALIMUMAB,PRODUCT,N,2025-07-04,9954.56221415579
SI Market + Oral,TRx (Adjusted),ADALIMUMAB,PRODUCT,N,2025-07-11,13779.717821833605
SI Market + Oral,TRx (Adjusted),ADALIMUMAB,PRODUCT,N,2025-07-18,11883.479782153703
SI Market + Oral,TRx (Adjusted),ADALIMUMAB,PRODUCT,N,2025-07-25,11209.660008317553
SI Market + Oral,TRx (Adjusted),ADALIMUMAB,PRODUCT,N,2025-08-01,13315.41592914342
SI Market + Oral,TRx (Adjusted),ADALIMUMAB,PRODUCT,N,2025-08-08,11252.195936882865
SI Market + Oral,TRx (Adjusted),ADALIMUMAB,PRODUCT,N,2025-08-15,10708.904614064577
SI Market + Oral,TRx (Adjusted),ADALIMUMAB,PRODUCT,N,2025-08-22,11008.313883286042
SI Market + Oral,TRx (Adjusted),ADALIMUMAB,PRODUCT,N,2025-08-29,11112.595910096545
SI Market + Oral,TRx (Adjusted),ADALIMUMAB,PRODUCT,N,2025-09-05,10022.746855604955
SI Market + Oral,TRx (Adjusted),ADALIMUMAB,PRODUCT,N,2025-09-12,12490.36484722217
SI Market + Oral,TRx (Adjusted),ADALIMUMAB,PRODUCT,N,2025-09-19,10031.47222484339
SI Market + Oral,TRx (Adjusted),ADALIMUMAB,PRODUCT,N,2025-09-26,13265.805269162149
SI Market + Oral,TRx (Adjusted),ADALIMUMAB,PRODUCT,N,2025-10-03,11038.770102449538
SI Market + Oral,TRx (Adjusted),ADALIMUMAB,PRODUCT,N,2025-10-10,15245.015647588714
SI Market + Oral,TRx (Adjusted),ADALIMUMAB,PRODUCT,N,2025-10-17,14240.278406420162
SI Market + Oral,TRx (Adjusted),ADALIMUMAB,PRODUCT,N,2025-10-24,10905.562746460751
SI Market + Oral,TRx (Adjusted),ADALIMUMAB,PRODUCT,N,2025-10-31,11565.391618948748
SI Market + Oral,TRx (Adjusted),ADALIMUMAB,PRODUCT,N,2025-11-07,13889.825793642978
SI Market + Oral,TRx (Adjusted),ADALIMUMAB,PRODUCT,N,2025-11-14,9750.81524577574
SI Market + Oral,TRx (Adjusted),ADALIMUMAB,PRODUCT,N,2025-11-21,15308.227705111016
SI Market + Oral,TRx (Adjusted),ADALIMUMAB,PRODUCT,N,2025-11-28,10404.857056582692
SI Market + Oral,TRx (Adjusted),ADALIMUMAB,PRODUCT,N,2025-12-05,17457.674996935923
SI Market + Oral,TRx (Adjusted),ADALIMUMAB,PRODUCT,N,2025-12-12,15033.138542048564
SI Market + Oral,TRx (Adjusted),ADALIMUMAB,PRODUCT,N,2025-12-19,10544.046483279886
SI Market + Oral,TRx (Adjusted),ADALIMUMAB,PRODUCT,N,2025-12-26,10326.888105833556
SI Market + Oral,TRx (Adjusted),ADALIMUMAB,PRODUCT,N,2026-01-02,9493.130453385862
SI Market + Oral,TRx (Adjusted),ADALIMUMAB,PRODUCT,N,2026-01-09,12779.02913334181
SI Market + Oral,TRx (Adjusted),ADALIMUMAB,PRODUCT,N,2026-01-16,16347.63661966262
SI Market + Oral,TRx (Adjusted),ADALIMUMAB,PRODUCT,N,2026-01-23,13167.09263484215
SI Market + Oral,TRx (Adjusted),ADALIMUMAB,PRODUCT,N,2026-01-30,9390.940677574685
SI Market + Oral,TRx (Adjusted),ADALIMUMAB,PRODUCT,N,2026-02-06,16181.014928841732
SI Market + Oral,TRx (Adjusted),ADALIMUMAB,PRODUCT,N,2026-02-13,16079.904029147936
SI Market + Oral,TRx (Adjusted),ADALIMUMAB,PRODUCT,N,2026-02-20,16137.19001919882
SI Market + Oral,TRx (Adjusted),ADALIMUMAB,PRODUCT,N,2026-02-27,14713.848424472755
SI Market + Oral,TRx (Adjusted),ADALIMUMAB,PRODUCT,N,2026-03-06,13157.62030441698
SI Market + Oral,TRx (Adjusted),ADALIMUMAB,PRODUCT,N,2026-03-13,13697.850283539578
SI Market + Oral,TRx (Adjusted),ADALIMUMAB,PRODUCT,N,2026-03-20,12232.925130706824
SI Market + Oral,TRx (Adjusted),ADALIMUMAB,PRODUCT,N,2026-03-27,15223.566400582962
SI Market + Oral,TRx (Adjusted),ADALIMUMAB,PRODUCT,N,2026-04-03,15442.459080648345
SI Market + Oral,TRx (Adjusted),ADALIMUMAB,PRODUCT,N,2026-04-10,12988.974397781423
SI Market + Oral,TRx (Adjusted),ADALIMUMAB,PRODUCT,N,2026-04-17,13105.819092135249
SI Market + Oral,TRx (Adjusted),ADALIMUMAB,PRODUCT,N,2026-04-24,19741.239037683183
SI Market + Oral,TRx (Adjusted),ADALIMUMAB,PRODUCT,N,2026-05-01,15117.80975152838
SI Market + Oral,TRx (Adjusted),ADALIMUMAB,PRODUCT,N,2026-05-08,17680.47027926622
SI Market + Oral,TRx (Adjusted),CIMZIA,PRODUCT,N,2024-05-03,911.400842226138
SI Market + Oral,TRx (Adjusted),CIMZIA,PRODUCT,N,2024-05-10,1013.0700822598204
SI Market + Oral,TRx (Adjusted),CIMZIA,PRODUCT,N,2024-05-17,856.300565228535
SI Market + Oral,TRx (Adjusted),CIMZIA,PRODUCT,N,2024-05-24,771.737766224321
SI Market + Oral,TRx (Adjusted),CIMZIA,PRODUCT,N,2024-05-31,951.97863864846
SI Market + Oral,TRx (Adjusted),CIMZIA,PRODUCT,N,2024-06-07,949.7445408640908
SI Market + Oral,TRx (Adjusted),CIMZIA,PRODUCT,N,2024-06-14,710.4573900397743
SI Market + Oral,TRx (Adjusted),CIMZIA,PRODUCT,N,2024-06-21,745.3067662089279
SI Market + Oral,TRx (Adjusted),CIMZIA,PRODUCT,N,2024-06-28,959.6123723342632
SI Market + Oral,TRx (Adjusted),CIMZIA,PRODUCT,N,2024-07-05,549.1684624333825
SI Market + Oral,TRx (Adjusted),CIMZIA,PRODUCT,N,2024-07-12,911.7260195888288
SI Market + Oral,TRx (Adjusted),CIMZIA,PRODUCT,N,2024-07-19,760.4762824027213
SI Market + Oral,TRx (Adjusted),CIMZIA,PRODUCT,N,2024-07-26,961.181823213919
SI Market + Oral,TRx (Adjusted),CIMZIA,PRODUCT,N,2024-08-02,902.15372741421
SI Market + Oral,TRx (Adjusted),CIMZIA,PRODUCT,N,2024-08-09,712.6678393241484
SI Market + Oral,TRx (Adjusted),CIMZIA,PRODUCT,N,2024-08-16,916.7908753539796
SI Market + Oral,TRx (Adjusted),CIMZIA,PRODUCT,N,2024-08-23,624.8905744514154
SI Market + Oral,TRx (Adjusted),CIMZIA,PRODUCT,N,2024-08-30,769.6401724361932
SI Market + Oral,TRx (Adjusted),CIMZIA,PRODUCT,N,2024-09-06,697.1726838671675
SI Market + Oral,TRx (Adjusted),CIMZIA,PRODUCT,N,2024-09-13,719.1590623431996
SI Market + Oral,TRx (Adjusted),CIMZIA,PRODUCT,N,2024-09-20,726.0508103183596
SI Market + Oral,TRx (Adjusted),CIMZIA,PRODUCT,N,2024-09-27,895.2377935294949
SI Market + Oral,TRx (Adjusted),CIMZIA,PRODUCT,N,2024-10-04,805.4083942536372
SI Market + Oral,TRx (Adjusted),CIMZIA,PRODUCT,N,2024-10-11,870.0429467002928
SI Market + Oral,TRx (Adjusted),CIMZIA,PRODUCT,N,2024-10-18,761.3699336839312
SI Market + Oral,TRx (Adjusted),CIMZIA,PRODUCT,N,2024-10-25,631.7115120380079
SI Market + Oral,TRx (Adjusted),CIMZIA,PRODUCT,N,2024-11-01,1034.172241915522
SI Market + Oral,TRx (Adjusted),CIMZIA,PRODUCT,N,2024-11-08,1058.3711585745668
SI Market + Oral,TRx (Adjusted),CIMZIA,PRODUCT,N,2024-11-15,865.6218242047507
SI Market + Oral,TRx (Adjusted),CIMZIA,PRODUCT,N,2024-11-22,1012.4144096035684
SI Market + Oral,TRx (Adjusted),CIMZIA,PRODUCT,N,2024-11-29,706.4120057345351
SI Market + Oral,TRx (Adjusted),CIMZIA,PRODUCT,N,2024-12-06,827.410451175501
SI Market + Oral,TRx (Adjusted),CIMZIA,PRODUCT,N,2024-12-13,775.7620370383922
SI Market + Oral,TRx (Adjusted),CIMZIA,PRODUCT,N,2024-12-20,873.7774052571422
SI Market + Oral,TRx (Adjusted),CIMZIA,PRODUCT,N,2024-12-27,454.1459873442977
SI Market + Oral,TRx (Adjusted),CIMZIA,PRODUCT,N,2025-01-03,615.6847698370949
SI Market + Oral,TRx (Adjusted),CIMZIA,PRODUCT,N,2025-01-10,782.4689626390227
SI Market + Oral,TRx (Adjusted),CIMZIA,PRODUCT,N,2025-01-17,874.2135010122773
SI Market + Oral,TRx (Adjusted),CIMZIA,PRODUCT,N,2025-01-24,638.5340659894089
SI Market + Oral,TRx (Adjusted),CIMZIA,PRODUCT,N,2025-01-31,725.0865358471528
SI Market + Oral,TRx (Adjusted),CIMZIA,PRODUCT,N,2025-02-07,725.1212089789445
SI Market + Oral,TRx (Adjusted),CIMZIA,PRODUCT,N,2025-02-14,650.2224477710223
SI Market + Oral,TRx (Adjusted),CIMZIA,PRODUCT,N,2025-02-21,582.729433284369
SI Market + Oral,TRx (Adjusted),CIMZIA,PRODUCT,N,2025-02-28,1038.7786441865917
SI Market + Oral,TRx (Adjusted),CIMZIA,PRODUCT,N,2025-03-07,981.9442936043952
SI Market + Oral,TRx (Adjusted),CIMZIA,PRODUCT,N,2025-03-14,660.2255614410998
SI Market + Oral,TRx (Adjusted),CIMZIA,PRODUCT,N,2025-03-21,654.1599690620635
SI Market + Oral,TRx (Adjusted),CIMZIA,PRODUCT,N,2025-03-28,792.6051521124471
SI Market + Oral,TRx (Adjusted),CIMZIA,PRODUCT,N,2025-04-04,824.9720081769048
SI Market + Oral,TRx (Adjusted),CIMZIA,PRODUCT,N,2025-04-11,977.9541756054062
SI Market + Oral,TRx (Adjusted),CIMZIA,PRODUCT,N,2025-04-18,692.3765915369704
SI Market + Oral,TRx (Adjusted),CIMZIA,PRODUCT,N,2025-04-25,910.5404373737184
SI Market + Oral,TRx (Adjusted),CIMZIA,PRODUCT,N,2025-05-02,872.3190663836057
SI Market + Oral,TRx (Adjusted),CIMZIA,PRODUCT,N,2025-05-09,637.6241343268146
SI Market + Oral,TRx (Adjusted),CIMZIA,PRODUCT,N,2025-05-16,723.8378593557708
SI Market + Oral,TRx (Adjusted),CIMZIA,PRODUCT,N,2025-05-23,978.0050129555456
SI Market + Oral,TRx (Adjusted),CIMZIA,PRODUCT,N,2025-05-30,632.7290839794348
SI Market + Oral,TRx (Adjusted),CIMZIA,PRODUCT,N,2025-06-06,973.9398470524442
SI Market + Oral,TRx (Adjusted),CIMZIA,PRODUCT,N,2025-06-13,730.4690540185262
SI Market + Oral,TRx (Adjusted),CIMZIA,PRODUCT,N,2025-06-20,707.4488226581137
SI Market + Oral,TRx (Adjusted),CIMZIA,PRODUCT,N,2025-06-27,792.2821112634675
SI Market + Oral,TRx (Adjusted),CIMZIA,PRODUCT,N,2025-07-04,546.0945140261204
SI Market + Oral,TRx (Adjusted),CIMZIA,PRODUCT,N,2025-07-11,800.9581121563817
SI Market + Oral,TRx (Adjusted),CIMZIA,PRODUCT,N,2025-07-18,795.8621680925685
SI Market + Oral,TRx (Adjusted),CIMZIA,PRODUCT,N,2025-07-25,812.9973098454711
SI Market + Oral,TRx (Adjusted),CIMZIA,PRODUCT,N,2025-08-01,599.1325339188045
SI Market + Oral,TRx (Adjusted),CIMZIA,PRODUCT,N,2025-08-08,753.861014707679
SI Market + Oral,TRx (Adjusted),CIMZIA,PRODUCT,N,2025-08-15,707.5297374192179
SI Market + Oral,TRx (Adjusted),CIMZIA,PRODUCT,N,2025-08-22,727.3447841767337
SI Market + Oral,TRx (Adjusted),CIMZIA,PRODUCT,N,2025-08-29,624.1345441543855
SI Market + Oral,TRx (Adjusted),CIMZIA,PRODUCT,N,2025-09-05,543.3605536801535
SI Market + Oral,TRx (Adjusted),CIMZIA,PRODUCT,N,2025-09-12,508.3720059961088
SI Market + Oral,TRx (Adjusted),CIMZIA,PRODUCT,N,2025-09-19,633.9257050084491
SI Market + Oral,TRx (Adjusted),CIMZIA,PRODUCT,N,2025-09-26,540.8800930042864
SI Market + Oral,TRx (Adjusted),CIMZIA,PRODUCT,N,2025-10-03,695.6000888620573
SI Market + Oral,TRx (Adjusted),CIMZIA,PRODUCT,N,2025-10-10,474.4718399210934
SI Market + Oral,TRx (Adjusted),CIMZIA,PRODUCT,N,2025-10-17,588.2294635039549
SI Market + Oral,TRx (Adjusted),CIMZIA,PRODUCT,N,2025-10-24,706.3148864277235
SI Market + Oral,TRx (Adjusted),CIMZIA,PRODUCT,N,2025-10-31,653.0702198012659
SI Market + Oral,TRx (Adjusted),CIMZIA,PRODUCT,N,2025-11-07,594.0942010259797
SI Market + Oral,TRx (Adjusted),CIMZIA,PRODUCT,N,2025-11-14,673.6046732891062
SI Market + Oral,TRx (Adjusted),CIMZIA,PRODUCT,N,2025-11-21,629.5866296737272
SI Market + Oral,TRx (Adjusted),CIMZIA,PRODUCT,N,2025-11-28,419.5678459693548
SI Market + Oral,TRx (Adjusted),CIMZIA,PRODUCT,N,2025-12-05,671.0313169982363
SI Market + Oral,TRx (Adjusted),CIMZIA,PRODUCT,N,2025-12-12,731.6860837145533
SI Market + Oral,TRx (Adjusted),CIMZIA,PRODUCT,N,2025-12-19,474.589056549345
SI Market + Oral,TRx (Adjusted),CIMZIA,PRODUCT,N,2025-12-26,422.0586493404722
SI Market + Oral,TRx (Adjusted),CIMZIA,PRODUCT,N,2026-01-02,381.6314442487822
SI Market + Oral,TRx (Adjusted),CIMZIA,PRODUCT,N,2026-01-09,750.0993638047081
SI Market + Oral,TRx (Adjusted),CIMZIA,PRODUCT,N,2026-01-16,749.1655245056204
SI Market + Oral,TRx (Adjusted),CIMZIA,PRODUCT,N,2026-01-23,562.5085161647195
SI Market + Oral,TRx (Adjusted),CIMZIA,PRODUCT,N,2026-01-30,545.051449876059
SI Market + Oral,TRx (Adjusted),CIMZIA,PRODUCT,N,2026-02-06,639.6756495261048
SI Market + Oral,TRx (Adjusted),CIMZIA,PRODUCT,N,2026-02-13,567.6569383760753
SI Market + Oral,TRx (Adjusted),CIMZIA,PRODUCT,N,2026-02-20,536.9744408007708
SI Market + Oral,TRx (Adjusted),CIMZIA,PRODUCT,N,2026-02-27,548.3428046977599
SI Market + Oral,TRx (Adjusted),CIMZIA,PRODUCT,N,2026-03-06,500.5615367824119
SI Market + Oral,TRx (Adjusted),CIMZIA,PRODUCT,N,2026-03-13,633.6429784783321
SI Market + Oral,TRx (Adjusted),CIMZIA,PRODUCT,N,2026-03-20,546.3893418175197
SI Market + Oral,TRx (Adjusted),CIMZIA,PRODUCT,N,2026-03-27,461.4195390767342
SI Market + Oral,TRx (Adjusted),CIMZIA,PRODUCT,N,2026-04-03,708.6685434094971
SI Market + Oral,TRx (Adjusted),CIMZIA,PRODUCT,N,2026-04-10,656.2155190308091
SI Market + Oral,TRx (Adjusted),CIMZIA,PRODUCT,N,2026-04-17,652.2353656477535
SI Market + Oral,TRx (Adjusted),CIMZIA,PRODUCT,N,2026-04-24,669.2003366034658
SI Market + Oral,TRx (Adjusted),CIMZIA,PRODUCT,N,2026-05-01,545.2551845575595
SI Market + Oral,TRx (Adjusted),CIMZIA,PRODUCT,N,2026-05-08,696.5864317982827
SI Market + Oral,TRx (Adjusted),ENTYVIO SQ,PRODUCT,N,2024-05-03,259.3621351459346
SI Market + Oral,TRx (Adjusted),ENTYVIO SQ,PRODUCT,N,2024-05-10,334.88792284619166
SI Market + Oral,TRx (Adjusted),ENTYVIO SQ,PRODUCT,N,2024-05-17,364.4127377205067
SI Market + Oral,TRx (Adjusted),ENTYVIO SQ,PRODUCT,N,2024-05-24,282.1287600661163
SI Market + Oral,TRx (Adjusted),ENTYVIO SQ,PRODUCT,N,2024-05-31,390.5253640659111
SI Market + Oral,TRx (Adjusted),ENTYVIO SQ,PRODUCT,N,2024-06-07,438.833260079176
SI Market + Oral,TRx (Adjusted),ENTYVIO SQ,PRODUCT,N,2024-06-14,330.4103906798472
SI Market + Oral,TRx (Adjusted),ENTYVIO SQ,PRODUCT,N,2024-06-21,349.78413826723494
SI Market + Oral,TRx (Adjusted),ENTYVIO SQ,PRODUCT,N,2024-06-28,530.477610533176
SI Market + Oral,TRx (Adjusted),ENTYVIO SQ,PRODUCT,N,2024-07-05,271.5453892990924
SI Market + Oral,TRx (Adjusted),ENTYVIO SQ,PRODUCT,N,2024-07-12,598.1999520532328
SI Market + Oral,TRx (Adjusted),ENTYVIO SQ,PRODUCT,N,2024-07-19,561.5312525296255
SI Market + Oral,TRx (Adjusted),ENTYVIO SQ,PRODUCT,N,2024-07-26,607.0780764978554
SI Market + Oral,TRx (Adjusted),ENTYVIO SQ,PRODUCT,N,2024-08-02,491.5862911854094
SI Market + Oral,TRx (Adjusted),ENTYVIO SQ,PRODUCT,N,2024-08-09,664.6065473512623
SI Market + Oral,TRx (Adjusted),ENTYVIO SQ,PRODUCT,N,2024-08-16,613.0259600316281
SI Market + Oral,TRx (Adjusted),ENTYVIO SQ,PRODUCT,N,2024-08-23,762.5253958548117
SI Market + Oral,TRx (Adjusted),ENTYVIO SQ,PRODUCT,N,2024-08-30,632.284872877503
SI Market + Oral,TRx (Adjusted),ENTYVIO SQ,PRODUCT,N,2024-09-06,540.5521871252251
SI Market + Oral,TRx (Adjusted),ENTYVIO SQ,PRODUCT,N,2024-09-13,703.4450857203361
SI Market + Oral,TRx (Adjusted),ENTYVIO SQ,PRODUCT,N,2024-09-20,718.078130677018
SI Market + Oral,TRx (Adjusted),ENTYVIO SQ,PRODUCT,N,2024-09-27,767.4299265907632
SI Market + Oral,TRx (Adjusted),ENTYVIO SQ,PRODUCT,N,2024-10-04,881.2575294033178
SI Market + Oral,TRx (Adjusted),ENTYVIO SQ,PRODUCT,N,2024-10-11,708.5093454591904
SI Market + Oral,TRx (Adjusted),ENTYVIO SQ,PRODUCT,N,2024-10-18,762.0686800774124
SI Market + Oral,TRx (Adjusted),ENTYVIO SQ,PRODUCT,N,2024-10-25,1029.0059928289625
SI Market + Oral,TRx (Adjusted),ENTYVIO SQ,PRODUCT,N,2024-11-01,680.4226795387184
SI Market + Oral,TRx (Adjusted),ENTYVIO SQ,PRODUCT,N,2024-11-08,977.1912228079938
SI Market + Oral,TRx (Adjusted),ENTYVIO SQ,PRODUCT,N,2024-11-15,769.4899491428532
SI Market + Oral,TRx (Adjusted),ENTYVIO SQ,PRODUCT,N,2024-11-22,1214.231404107623
SI Market + Oral,TRx (Adjusted),ENTYVIO SQ,PRODUCT,N,2024-11-29,886.8912321338047
SI Market + Oral,TRx (Adjusted),ENTYVIO SQ,PRODUCT,N,2024-12-06,839.8568687168872
SI Market + Oral,TRx (Adjusted),ENTYVIO SQ,PRODUCT,N,2024-12-13,849.7296205820065
SI Market + Oral,TRx (Adjusted),ENTYVIO SQ,PRODUCT,N,2024-12-20,1182.8309864498715
SI Market + Oral,TRx (Adjusted),ENTYVIO SQ,PRODUCT,N,2024-12-27,627.269577771117
SI Market + Oral,TRx (Adjusted),ENTYVIO SQ,PRODUCT,N,2025-01-03,796.5574650665226
SI Market + Oral,TRx (Adjusted),ENTYVIO SQ,PRODUCT,N,2025-01-10,802.8004757909304
SI Market + Oral,TRx (Adjusted),ENTYVIO SQ,PRODUCT,N,2025-01-17,1231.4218150548434
SI Market + Oral,TRx (Adjusted),ENTYVIO SQ,PRODUCT,N,2025-01-24,706.577459881905
SI Market + Oral,TRx (Adjusted),ENTYVIO SQ,PRODUCT,N,2025-01-31,1078.6785728640384
SI Market + Oral,TRx (Adjusted),ENTYVIO SQ,PRODUCT,N,2025-02-07,946.3122308035638
SI Market + Oral,TRx (Adjusted),ENTYVIO SQ,PRODUCT,N,2025-02-14,1168.8937233465597
SI Market + Oral,TRx (Adjusted),ENTYVIO SQ,PRODUCT,N,2025-02-21,1293.9571421288808
SI Market + Oral,TRx (Adjusted),ENTYVIO SQ,PRODUCT,N,2025-02-28,1438.7704488196568
SI Market + Oral,TRx (Adjusted),ENTYVIO SQ,PRODUCT,N,2025-03-07,1165.6193607341668
SI Market + Oral,TRx (Adjusted),ENTYVIO SQ,PRODUCT,N,2025-03-14,1020.6755531708742
SI Market + Oral,TRx (Adjusted),ENTYVIO SQ,PRODUCT,N,2025-03-21,1216.795354730094
SI Market + Oral,TRx (Adjusted),ENTYVIO SQ,PRODUCT,N,2025-03-28,1114.7798831452724
SI Market + Oral,TRx (Adjusted),ENTYVIO SQ,PRODUCT,N,2025-04-04,1007.266809500903
SI Market + Oral,TRx (Adjusted),ENTYVIO SQ,PRODUCT,N,2025-04-11,1309.1536920493204
SI Market + Oral,TRx (Adjusted),ENTYVIO SQ,PRODUCT,N,2025-04-18,1267.1168118899411
SI Market + Oral,TRx (Adjusted),ENTYVIO SQ,PRODUCT,N,2025-04-25,1803.854551806569
SI Market + Oral,TRx (Adjusted),ENTYVIO SQ,PRODUCT,N,2025-05-02,1612.1648918200358
SI Market + Oral,TRx (Adjusted),ENTYVIO SQ,PRODUCT,N,2025-05-09,1312.2728440852763
SI Market + Oral,TRx (Adjusted),ENTYVIO SQ,PRODUCT,N,2025-05-16,1234.6006575995536
SI Market + Oral,TRx (Adjusted),ENTYVIO SQ,PRODUCT,N,2025-05-23,1472.1948501018112
SI Market + Oral,TRx (Adjusted),ENTYVIO SQ,PRODUCT,N,2025-05-30,1313.287959502968
SI Market + Oral,TRx (Adjusted),ENTYVIO SQ,PRODUCT,N,2025-06-06,1966.721856026984
SI Market + Oral,TRx (Adjusted),ENTYVIO SQ,PRODUCT,N,2025-06-13,2030.546824199599
SI Market + Oral,TRx (Adjusted),ENTYVIO SQ,PRODUCT,N,2025-06-20,1438.1990665106648
SI Market + Oral,TRx (Adjusted),ENTYVIO SQ,PRODUCT,N,2025-06-27,1880.5695869722367
SI Market + Oral,TRx (Adjusted),ENTYVIO SQ,PRODUCT,N,2025-07-04,1427.1740119642404
SI Market + Oral,TRx (Adjusted),ENTYVIO SQ,PRODUCT,N,2025-07-11,1865.4632568912848
SI Market + Oral,TRx (Adjusted),ENTYVIO SQ,PRODUCT,N,2025-07-18,1657.5188857065527
SI Market + Oral,TRx (Adjusted),ENTYVIO SQ,PRODUCT,N,2025-07-25,2296.6321161459105
SI Market + Oral,TRx (Adjusted),ENTYVIO SQ,PRODUCT,N,2025-08-01,1308.4086887843905
SI Market + Oral,TRx (Adjusted),ENTYVIO SQ,PRODUCT,N,2025-08-08,2511.9623633310007
SI Market + Oral,TRx (Adjusted),ENTYVIO SQ,PRODUCT,N,2025-08-15,2134.766338315002
SI Market + Oral,TRx (Adjusted),ENTYVIO SQ,PRODUCT,N,2025-08-22,2200.884350709859
SI Market + Oral,TRx (Adjusted),ENTYVIO SQ,PRODUCT,N,2025-08-29,2044.065034090748
SI Market + Oral,TRx (Adjusted),ENTYVIO SQ,PRODUCT,N,2025-09-05,2208.667429000642
SI Market + Oral,TRx (Adjusted),ENTYVIO SQ,PRODUCT,N,2025-09-12,2001.747264409851
SI Market + Oral,TRx (Adjusted),ENTYVIO SQ,PRODUCT,N,2025-09-19,2393.011258813264
SI Market + Oral,TRx (Adjusted),ENTYVIO SQ,PRODUCT,N,2025-09-26,2057.2659600535394
SI Market + Oral,TRx (Adjusted),ENTYVIO SQ,PRODUCT,N,2025-10-03,2510.437019846077
SI Market + Oral,TRx (Adjusted),ENTYVIO SQ,PRODUCT,N,2025-10-10,1812.5771570133213
SI Market + Oral,TRx (Adjusted),ENTYVIO SQ,PRODUCT,N,2025-10-17,2253.31965697183
SI Market + Oral,TRx (Adjusted),ENTYVIO SQ,PRODUCT,N,2025-10-24,1975.985956718891
SI Market + Oral,TRx (Adjusted),ENTYVIO SQ,PRODUCT,N,2025-10-31,1876.3680922452816
SI Market + Oral,TRx (Adjusted),ENTYVIO SQ,PRODUCT,N,2025-11-07,2022.5966333646536
SI Market + Oral,TRx (Adjusted),ENTYVIO SQ,PRODUCT,N,2025-11-14,2857.6477788797533
SI Market + Oral,TRx (Adjusted),ENTYVIO SQ,PRODUCT,N,2025-11-21,2423.998528409821
SI Market + Oral,TRx (Adjusted),ENTYVIO SQ,PRODUCT,N,2025-11-28,1811.8131132174444
SI Market + Oral,TRx (Adjusted),ENTYVIO SQ,PRODUCT,N,2025-12-05,2245.344198673256
SI Market + Oral,TRx (Adjusted),ENTYVIO SQ,PRODUCT,N,2025-12-12,2148.1350542753908
SI Market + Oral,TRx (Adjusted),ENTYVIO SQ,PRODUCT,N,2025-12-19,2409.8859272526543
SI Market + Oral,TRx (Adjusted),ENTYVIO SQ,PRODUCT,N,2025-12-26,1624.305239108695
SI Market + Oral,TRx (Adjusted),ENTYVIO SQ,PRODUCT,N,2026-01-02,2056.8016114905404
SI Market + Oral,TRx (Adjusted),ENTYVIO SQ,PRODUCT,N,2026-01-09,3011.6054320260823
SI Market + Oral,TRx (Adjusted),ENTYVIO SQ,PRODUCT,N,2026-01-16,2901.7087202544203
SI Market + Oral,TRx (Adjusted),ENTYVIO SQ,PRODUCT,N,2026-01-23,1962.1316111425413
SI Market + Oral,TRx (Adjusted),ENTYVIO SQ,PRODUCT,N,2026-01-30,2257.294377132106
SI Market + Oral,TRx (Adjusted),ENTYVIO SQ,PRODUCT,N,2026-02-06,3483.697448313698
SI Market + Oral,TRx (Adjusted),ENTYVIO SQ,PRODUCT,N,2026-02-13,2955.2560997769274
SI Market + Oral,TRx (Adjusted),ENTYVIO SQ,PRODUCT,N,2026-02-20,2213.785231188604
SI Market + Oral,TRx (Adjusted),ENTYVIO SQ,PRODUCT,N,2026-02-27,3467.1734961988614
SI Market + Oral,TRx (Adjusted),ENTYVIO SQ,PRODUCT,N,2026-03-06,3495.5052704550844
SI Market + Oral,TRx (Adjusted),ENTYVIO SQ,PRODUCT,N,2026-03-13,3069.3017672850024
SI Market + Oral,TRx (Adjusted),ENTYVIO SQ,PRODUCT,N,2026-03-20,2609.197246099312
SI Market + Oral,TRx (Adjusted),ENTYVIO SQ,PRODUCT,N,2026-03-27,2415.1692719388093
SI Market + Oral,TRx (Adjusted),ENTYVIO SQ,PRODUCT,N,2026-04-03,4324.334146127053
SI Market + Oral,TRx (Adjusted),ENTYVIO SQ,PRODUCT,N,2026-04-10,3408.0377111147777
SI Market + Oral,TRx (Adjusted),ENTYVIO SQ,PRODUCT,N,2026-04-17,2523.6016663333053
SI Market + Oral,TRx (Adjusted),ENTYVIO SQ,PRODUCT,N,2026-04-24,2690.2861027109066
SI Market + Oral,TRx (Adjusted),ENTYVIO SQ,PRODUCT,N,2026-05-01,3472.518381922769
SI Market + Oral,TRx (Adjusted),ENTYVIO SQ,PRODUCT,N,2026-05-08,3969.2252858076863
SI Market + Oral,TRx (Adjusted),OMVOH SQ,PRODUCT,N,2024-05-03,26.329687478507964
SI Market + Oral,TRx (Adjusted),OMVOH SQ,PRODUCT,N,2024-05-10,31.03294204716133
SI Market + Oral,TRx (Adjusted),OMVOH SQ,PRODUCT,N,2024-05-17,55.048006296575394
SI Market + Oral,TRx (Adjusted),OMVOH SQ,PRODUCT,N,2024-05-24,60.61438245721771
SI Market + Oral,TRx (Adjusted),OMVOH SQ,PRODUCT,N,2024-05-31,27.45928621986306
SI Market + Oral,TRx (Adjusted),OMVOH SQ,PRODUCT,N,2024-06-07,60.10831503563193
SI Market + Oral,TRx (Adjusted),OMVOH SQ,PRODUCT,N,2024-06-14,45.36260734539229
SI Market + Oral,TRx (Adjusted),OMVOH SQ,PRODUCT,N,2024-06-21,81.87667550530581
SI Market + Oral,TRx (Adjusted),OMVOH SQ,PRODUCT,N,2024-06-28,64.21455996095074
SI Market + Oral,TRx (Adjusted),OMVOH SQ,PRODUCT,N,2024-07-05,60.37595679089584
SI Market + Oral,TRx (Adjusted),OMVOH SQ,PRODUCT,N,2024-07-12,69.081949019476
SI Market + Oral,TRx (Adjusted),OMVOH SQ,PRODUCT,N,2024-07-19,78.08224371155737
SI Market + Oral,TRx (Adjusted),OMVOH SQ,PRODUCT,N,2024-07-26,119.9941796189362
SI Market + Oral,TRx (Adjusted),OMVOH SQ,PRODUCT,N,2024-08-02,142.08938887733063
SI Market + Oral,TRx (Adjusted),OMVOH SQ,PRODUCT,N,2024-08-09,69.43679034077248
SI Market + Oral,TRx (Adjusted),OMVOH SQ,PRODUCT,N,2024-08-16,120.92584846663794
SI Market + Oral,TRx (Adjusted),OMVOH SQ,PRODUCT,N,2024-08-23,121.00323604396525
SI Market + Oral,TRx (Adjusted),OMVOH SQ,PRODUCT,N,2024-08-30,138.56262111984572
SI Market + Oral,TRx (Adjusted),OMVOH SQ,PRODUCT,N,2024-09-06,117.78565182597322
SI Market + Oral,TRx (Adjusted),OMVOH SQ,PRODUCT,N,2024-09-13,139.10676653847747
SI Market + Oral,TRx (Adjusted),OMVOH SQ,PRODUCT,N,2024-09-20,201.1083597292441
SI Market + Oral,TRx (Adjusted),OMVOH SQ,PRODUCT,N,2024-09-27,102.8098071996572
SI Market + Oral,TRx (Adjusted),OMVOH SQ,PRODUCT,N,2024-10-04,181.0466158040074
SI Market + Oral,TRx (Adjusted),OMVOH SQ,PRODUCT,N,2024-10-11,136.52580837624828
SI Market + Oral,TRx (Adjusted),OMVOH SQ,PRODUCT,N,2024-10-18,169.1493012693517
SI Market + Oral,TRx (Adjusted),OMVOH SQ,PRODUCT,N,2024-10-25,138.37460967451332
SI Market + Oral,TRx (Adjusted),OMVOH SQ,PRODUCT,N,2024-11-01,211.6107439576499
SI Market + Oral,TRx (Adjusted),OMVOH SQ,PRODUCT,N,2024-11-08,206.8490295079929
SI Market + Oral,TRx (Adjusted),OMVOH SQ,PRODUCT,N,2024-11-15,226.03888376833044
SI Market + Oral,TRx (Adjusted),OMVOH SQ,PRODUCT,N,2024-11-22,238.7894931652469
SI Market + Oral,TRx (Adjusted),OMVOH SQ,PRODUCT,N,2024-11-29,115.03687352943643
SI Market + Oral,TRx (Adjusted),OMVOH SQ,PRODUCT,N,2024-12-06,242.30643631506803
SI Market + Oral,TRx (Adjusted),OMVOH SQ,PRODUCT,N,2024-12-13,212.9743178955815
SI Market + Oral,TRx (Adjusted),OMVOH SQ,PRODUCT,N,2024-12-20,252.1956968927422
SI Market + Oral,TRx (Adjusted),OMVOH SQ,PRODUCT,N,2024-12-27,91.55787315852297
SI Market + Oral,TRx (Adjusted),OMVOH SQ,PRODUCT,N,2025-01-03,134.43590005523362
SI Market + Oral,TRx (Adjusted),OMVOH SQ,PRODUCT,N,2025-01-10,165.28182996068568
SI Market + Oral,TRx (Adjusted),OMVOH SQ,PRODUCT,N,2025-01-17,212.89033021476328
SI Market + Oral,TRx (Adjusted),OMVOH SQ,PRODUCT,N,2025-01-24,181.4630530390744
SI Market + Oral,TRx (Adjusted),OMVOH SQ,PRODUCT,N,2025-01-31,209.7550439911356
SI Market + Oral,TRx (Adjusted),OMVOH SQ,PRODUCT,N,2025-02-07,162.69321725798335
SI Market + Oral,TRx (Adjusted),OMVOH SQ,PRODUCT,N,2025-02-14,153.91658733094067
SI Market + Oral,TRx (Adjusted),OMVOH SQ,PRODUCT,N,2025-02-21,172.28635423813685
SI Market + Oral,TRx (Adjusted),OMVOH SQ,PRODUCT,N,2025-02-28,207.76114646311004
SI Market + Oral,TRx (Adjusted),OMVOH SQ,PRODUCT,N,2025-03-07,198.92950727262212
SI Market + Oral,TRx (Adjusted),OMVOH SQ,PRODUCT,N,2025-03-14,144.85151247415914
SI Market + Oral,TRx (Adjusted),OMVOH SQ,PRODUCT,N,2025-03-21,129.9765166551205
SI Market + Oral,TRx (Adjusted),OMVOH SQ,PRODUCT,N,2025-03-28,228.236285294715
SI Market + Oral,TRx (Adjusted),OMVOH SQ,PRODUCT,N,2025-04-04,186.3106398908552
SI Market + Oral,TRx (Adjusted),OMVOH SQ,PRODUCT,N,2025-04-11,162.1446576634905
SI Market + Oral,TRx (Adjusted),OMVOH SQ,PRODUCT,N,2025-04-18,208.5054785612969
SI Market + Oral,TRx (Adjusted),OMVOH SQ,PRODUCT,N,2025-04-25,149.26665905582755
SI Market + Oral,TRx (Adjusted),OMVOH SQ,PRODUCT,N,2025-05-02,135.34557570759662
SI Market + Oral,TRx (Adjusted),OMVOH SQ,PRODUCT,N,2025-05-09,202.12865613152
SI Market + Oral,TRx (Adjusted),OMVOH SQ,PRODUCT,N,2025-05-16,233.7124617188187
SI Market + Oral,TRx (Adjusted),OMVOH SQ,PRODUCT,N,2025-05-23,153.9910071554202
SI Market + Oral,TRx (Adjusted),OMVOH SQ,PRODUCT,N,2025-05-30,211.7392864352035
SI Market + Oral,TRx (Adjusted),OMVOH SQ,PRODUCT,N,2025-06-06,190.95623202987275
SI Market + Oral,TRx (Adjusted),OMVOH SQ,PRODUCT,N,2025-06-13,256.2673741604367
SI Market + Oral,TRx (Adjusted),OMVOH SQ,PRODUCT,N,2025-06-20,249.4591464301555
SI Market + Oral,TRx (Adjusted),OMVOH SQ,PRODUCT,N,2025-06-27,216.19721741156744
SI Market + Oral,TRx (Adjusted),OMVOH SQ,PRODUCT,N,2025-07-04,204.7775447072883
SI Market + Oral,TRx (Adjusted),OMVOH SQ,PRODUCT,N,2025-07-11,245.74680402737897
SI Market + Oral,TRx (Adjusted),OMVOH SQ,PRODUCT,N,2025-07-18,249.7051531874033
SI Market + Oral,TRx (Adjusted),OMVOH SQ,PRODUCT,N,2025-07-25,202.6602506815641
SI Market + Oral,TRx (Adjusted),OMVOH SQ,PRODUCT,N,2025-08-01,189.4786015507784
SI Market + Oral,TRx (Adjusted),OMVOH SQ,PRODUCT,N,2025-08-08,169.63234481511228
SI Market + Oral,TRx (Adjusted),OMVOH SQ,PRODUCT,N,2025-08-15,264.3759227993443
SI Market + Oral,TRx (Adjusted),OMVOH SQ,PRODUCT,N,2025-08-22,241.1064580888855
SI Market + Oral,TRx (Adjusted),OMVOH SQ,PRODUCT,N,2025-08-29,271.1769826065908
SI Market + Oral,TRx (Adjusted),OMVOH SQ,PRODUCT,N,2025-09-05,205.2943834485197
SI Market + Oral,TRx (Adjusted),OMVOH SQ,PRODUCT,N,2025-09-12,254.22570016050665
SI Market + Oral,TRx (Adjusted),OMVOH SQ,PRODUCT,N,2025-09-19,290.4888689200264
SI Market + Oral,TRx (Adjusted),OMVOH SQ,PRODUCT,N,2025-09-26,280.58611825265706
SI Market + Oral,TRx (Adjusted),OMVOH SQ,PRODUCT,N,2025-10-03,291.3421236857393
SI Market + Oral,TRx (Adjusted),OMVOH SQ,PRODUCT,N,2025-10-10,238.67327448755563
SI Market + Oral,TRx (Adjusted),OMVOH SQ,PRODUCT,N,2025-10-17,324.5915554839669
SI Market + Oral,TRx (Adjusted),OMVOH SQ,PRODUCT,N,2025-10-24,262.6945577485802
SI Market + Oral,TRx (Adjusted),OMVOH SQ,PRODUCT,N,2025-10-31,269.4591273152054
SI Market + Oral,TRx (Adjusted),OMVOH SQ,PRODUCT,N,2025-11-07,248.4509856542221
SI Market + Oral,TRx (Adjusted),OMVOH SQ,PRODUCT,N,2025-11-14,242.40731328583828
SI Market + Oral,TRx (Adjusted),OMVOH SQ,PRODUCT,N,2025-11-21,270.248329948772
SI Market + Oral,TRx (Adjusted),OMVOH SQ,PRODUCT,N,2025-11-28,156.23393412043768
SI Market + Oral,TRx (Adjusted),OMVOH SQ,PRODUCT,N,2025-12-05,294.0132510459896
SI Market + Oral,TRx (Adjusted),OMVOH SQ,PRODUCT,N,2025-12-12,384.3775017989453
SI Market + Oral,TRx (Adjusted),OMVOH SQ,PRODUCT,N,2025-12-19,334.51093045653386
SI Market + Oral,TRx (Adjusted),OMVOH SQ,PRODUCT,N,2025-12-26,186.32813992123988
SI Market + Oral,TRx (Adjusted),OMVOH SQ,PRODUCT,N,2026-01-02,231.9556181622683
SI Market + Oral,TRx (Adjusted),OMVOH SQ,PRODUCT,N,2026-01-09,308.82965802057845
SI Market + Oral,TRx (Adjusted),OMVOH SQ,PRODUCT,N,2026-01-16,374.8455447856367
SI Market + Oral,TRx (Adjusted),OMVOH SQ,PRODUCT,N,2026-01-23,301.1180472656443
SI Market + Oral,TRx (Adjusted),OMVOH SQ,PRODUCT,N,2026-01-30,272.0323797693692
SI Market + Oral,TRx (Adjusted),OMVOH SQ,PRODUCT,N,2026-02-06,397.7892720774771
SI Market + Oral,TRx (Adjusted),OMVOH SQ,PRODUCT,N,2026-02-13,264.7415864124046
SI Market + Oral,TRx (Adjusted),OMVOH SQ,PRODUCT,N,2026-02-20,276.75648481506767
SI Market + Oral,TRx (Adjusted),OMVOH SQ,PRODUCT,N,2026-02-27,296.53599150666685
SI Market + Oral,TRx (Adjusted),OMVOH SQ,PRODUCT,N,2026-03-06,261.6941110363927
SI Market + Oral,TRx (Adjusted),OMVOH SQ,PRODUCT,N,2026-03-13,328.26449852052497
SI Market + Oral,TRx (Adjusted),OMVOH SQ,PRODUCT,N,2026-03-20,275.6769244936635
SI Market + Oral,TRx (Adjusted),OMVOH SQ,PRODUCT,N,2026-03-27,297.3121743531177
SI Market + Oral,TRx (Adjusted),OMVOH SQ,PRODUCT,N,2026-04-03,360.0272524983502
SI Market + Oral,TRx (Adjusted),OMVOH SQ,PRODUCT,N,2026-04-10,332.21810213304485
SI Market + Oral,TRx (Adjusted),OMVOH SQ,PRODUCT,N,2026-04-17,378.44826551074
SI Market + Oral,TRx (Adjusted),OMVOH SQ,PRODUCT,N,2026-04-24,374.05359304717695
SI Market + Oral,TRx (Adjusted),OMVOH SQ,PRODUCT,N,2026-05-01,324.21246197164425
SI Market + Oral,TRx (Adjusted),OMVOH SQ,PRODUCT,N,2026-05-08,354.1833458264427
SI Market + Oral,TRx (Adjusted),RINVOQ,PRODUCT,N,2024-05-03,5612.908882657542
SI Market + Oral,TRx (Adjusted),RINVOQ,PRODUCT,N,2024-05-10,6245.015298996887
SI Market + Oral,TRx (Adjusted),RINVOQ,PRODUCT,N,2024-05-17,6474.391317776231
SI Market + Oral,TRx (Adjusted),RINVOQ,PRODUCT,N,2024-05-24,5830.810336691337
SI Market + Oral,TRx (Adjusted),RINVOQ,PRODUCT,N,2024-05-31,5119.483917086499
SI Market + Oral,TRx (Adjusted),RINVOQ,PRODUCT,N,2024-06-07,7200.54694424942
SI Market + Oral,TRx (Adjusted),RINVOQ,PRODUCT,N,2024-06-14,4787.136937650383
SI Market + Oral,TRx (Adjusted),RINVOQ,PRODUCT,N,2024-06-21,5607.358992256741
SI Market + Oral,TRx (Adjusted),RINVOQ,PRODUCT,N,2024-06-28,5750.270523790518
SI Market + Oral,TRx (Adjusted),RINVOQ,PRODUCT,N,2024-07-05,5658.271898044908
SI Market + Oral,TRx (Adjusted),RINVOQ,PRODUCT,N,2024-07-12,5730.113577201662
SI Market + Oral,TRx (Adjusted),RINVOQ,PRODUCT,N,2024-07-19,5361.330460190835
SI Market + Oral,TRx (Adjusted),RINVOQ,PRODUCT,N,2024-07-26,5818.166026519222
SI Market + Oral,TRx (Adjusted),RINVOQ,PRODUCT,N,2024-08-02,7329.508218309542
SI Market + Oral,TRx (Adjusted),RINVOQ,PRODUCT,N,2024-08-09,5122.319166613955
SI Market + Oral,TRx (Adjusted),RINVOQ,PRODUCT,N,2024-08-16,5446.873035113179
SI Market + Oral,TRx (Adjusted),RINVOQ,PRODUCT,N,2024-08-23,6875.7295154057765
SI Market + Oral,TRx (Adjusted),RINVOQ,PRODUCT,N,2024-08-30,7593.000298827738
SI Market + Oral,TRx (Adjusted),RINVOQ,PRODUCT,N,2024-09-06,5964.864391968968
SI Market + Oral,TRx (Adjusted),RINVOQ,PRODUCT,N,2024-09-13,7334.985129095454
SI Market + Oral,TRx (Adjusted),RINVOQ,PRODUCT,N,2024-09-20,5545.49193330078
SI Market + Oral,TRx (Adjusted),RINVOQ,PRODUCT,N,2024-09-27,6048.165252546262
SI Market + Oral,TRx (Adjusted),RINVOQ,PRODUCT,N,2024-10-04,8036.002165673322
SI Market + Oral,TRx (Adjusted),RINVOQ,PRODUCT,N,2024-10-11,5009.278757178632
SI Market + Oral,TRx (Adjusted),RINVOQ,PRODUCT,N,2024-10-18,8219.525224994612
SI Market + Oral,TRx (Adjusted),RINVOQ,PRODUCT,N,2024-10-25,7257.604447920645
SI Market + Oral,TRx (Adjusted),RINVOQ,PRODUCT,N,2024-11-01,6897.917271026528
SI Market + Oral,TRx (Adjusted),RINVOQ,PRODUCT,N,2024-11-08,8191.19626284776
SI Market + Oral,TRx (Adjusted),RINVOQ,PRODUCT,N,2024-11-15,7997.8506272109935
SI Market + Oral,TRx (Adjusted),RINVOQ,PRODUCT,N,2024-11-22,7686.149940241276
SI Market + Oral,TRx (Adjusted),RINVOQ,PRODUCT,N,2024-11-29,7533.16441639067
SI Market + Oral,TRx (Adjusted),RINVOQ,PRODUCT,N,2024-12-06,6511.645121202372
SI Market + Oral,TRx (Adjusted),RINVOQ,PRODUCT,N,2024-12-13,6495.915798400014
SI Market + Oral,TRx (Adjusted),RINVOQ,PRODUCT,N,2024-12-20,8972.77866386433
SI Market + Oral,TRx (Adjusted),RINVOQ,PRODUCT,N,2024-12-27,5310.793321744547
SI Market + Oral,TRx (Adjusted),RINVOQ,PRODUCT,N,2025-01-03,6504.628709651974
SI Market + Oral,TRx (Adjusted),RINVOQ,PRODUCT,N,2025-01-10,7042.870342670152
SI Market + Oral,TRx (Adjusted),RINVOQ,PRODUCT,N,2025-01-17,7901.413430435624
SI Market + Oral,TRx (Adjusted),RINVOQ,PRODUCT,N,2025-01-24,7577.244463162966
SI Market + Oral,TRx (Adjusted),RINVOQ,PRODUCT,N,2025-01-31,5904.561332708134
SI Market + Oral,TRx (Adjusted),RINVOQ,PRODUCT,N,2025-02-07,7724.580502999514
SI Market + Oral,TRx (Adjusted),RINVOQ,PRODUCT,N,2025-02-14,7107.717187767938
SI Market + Oral,TRx (Adjusted),RINVOQ,PRODUCT,N,2025-02-21,9251.689073751591
SI Market + Oral,TRx (Adjusted),RINVOQ,PRODUCT,N,2025-02-28,8560.719486111855
SI Market + Oral,TRx (Adjusted),RINVOQ,PRODUCT,N,2025-03-07,6570.534145764925
SI Market + Oral,TRx (Adjusted),RINVOQ,PRODUCT,N,2025-03-14,8326.355474729166
SI Market + Oral,TRx (Adjusted),RINVOQ,PRODUCT,N,2025-03-21,9848.051138285156
SI Market + Oral,TRx (Adjusted),RINVOQ,PRODUCT,N,2025-03-28,7481.57543397647
SI Market + Oral,TRx (Adjusted),RINVOQ,PRODUCT,N,2025-04-04,8677.516121016888
SI Market + Oral,TRx (Adjusted),RINVOQ,PRODUCT,N,2025-04-11,9550.367116626116
SI Market + Oral,TRx (Adjusted),RINVOQ,PRODUCT,N,2025-04-18,9083.115641243296
SI Market + Oral,TRx (Adjusted),RINVOQ,PRODUCT,N,2025-04-25,7365.442494092952
SI Market + Oral,TRx (Adjusted),RINVOQ,PRODUCT,N,2025-05-02,10494.643537055874
SI Market + Oral,TRx (Adjusted),RINVOQ,PRODUCT,N,2025-05-09,8390.357946243377
SI Market + Oral,TRx (Adjusted),RINVOQ,PRODUCT,N,2025-05-16,7339.190144466167
SI Market + Oral,TRx (Adjusted),RINVOQ,PRODUCT,N,2025-05-23,7515.956488081027
SI Market + Oral,TRx (Adjusted),RINVOQ,PRODUCT,N,2025-05-30,8069.140381328717
SI Market + Oral,TRx (Adjusted),RINVOQ,PRODUCT,N,2025-06-06,8159.74430024405
SI Market + Oral,TRx (Adjusted),RINVOQ,PRODUCT,N,2025-06-13,9524.446268957276
SI Market + Oral,TRx (Adjusted),RINVOQ,PRODUCT,N,2025-06-20,7745.518657934307
SI Market + Oral,TRx (Adjusted),RINVOQ,PRODUCT,N,2025-06-27,9895.359366469434
SI Market + Oral,TRx (Adjusted),RINVOQ,PRODUCT,N,2025-07-04,8375.925474021828
SI Market + Oral,TRx (Adjusted),RINVOQ,PRODUCT,N,2025-07-11,8760.888531878341
SI Market + Oral,TRx (Adjusted),RINVOQ,PRODUCT,N,2025-07-18,7746.659895207782
SI Market + Oral,TRx (Adjusted),RINVOQ,PRODUCT,N,2025-07-25,10224.053267258389
SI Market + Oral,TRx (Adjusted),RINVOQ,PRODUCT,N,2025-08-01,9605.337501039849
SI Market + Oral,TRx (Adjusted),RINVOQ,PRODUCT,N,2025-08-08,7520.44371768491
SI Market + Oral,TRx (Adjusted),RINVOQ,PRODUCT,N,2025-08-15,8443.315130687912
SI Market + Oral,TRx (Adjusted),RINVOQ,PRODUCT,N,2025-08-22,10263.44677494055
SI Market + Oral,TRx (Adjusted),RINVOQ,PRODUCT,N,2025-08-29,7141.953384130765
SI Market + Oral,TRx (Adjusted),RINVOQ,PRODUCT,N,2025-09-05,8705.219766790497
SI Market + Oral,TRx (Adjusted),RINVOQ,PRODUCT,N,2025-09-12,7353.189681945337
SI Market + Oral,TRx (Adjusted),RINVOQ,PRODUCT,N,2025-09-19,11329.06224256439
SI Market + Oral,TRx (Adjusted),RINVOQ,PRODUCT,N,2025-09-26,8237.690014765742
SI Market + Oral,TRx (Adjusted),RINVOQ,PRODUCT,N,2025-10-03,7563.473025653656
SI Market + Oral,TRx (Adjusted),RINVOQ,PRODUCT,N,2025-10-10,10180.497621469643
SI Market + Oral,TRx (Adjusted),RINVOQ,PRODUCT,N,2025-10-17,10322.3070574072
SI Market + Oral,TRx (Adjusted),RINVOQ,PRODUCT,N,2025-10-24,10546.675617259854
SI Market + Oral,TRx (Adjusted),RINVOQ,PRODUCT,N,2025-10-31,11891.27141361638
SI Market + Oral,TRx (Adjusted),RINVOQ,PRODUCT,N,2025-11-07,8964.631007856407
SI Market + Oral,TRx (Adjusted),RINVOQ,PRODUCT,N,2025-11-14,10943.860773535216
SI Market + Oral,TRx (Adjusted),RINVOQ,PRODUCT,N,2025-11-21,11423.720633928438
SI Market + Oral,TRx (Adjusted),RINVOQ,PRODUCT,N,2025-11-28,10017.181071349589
SI Market + Oral,TRx (Adjusted),RINVOQ,PRODUCT,N,2025-12-05,9093.609886794708
SI Market + Oral,TRx (Adjusted),RINVOQ,PRODUCT,N,2025-12-12,10258.530421217429
SI Market + Oral,TRx (Adjusted),RINVOQ,PRODUCT,N,2025-12-19,9666.533594139144
SI Market + Oral,TRx (Adjusted),RINVOQ,PRODUCT,N,2025-12-26,6437.572006370239
SI Market + Oral,TRx (Adjusted),RINVOQ,PRODUCT,N,2026-01-02,9249.240419128824
SI Market + Oral,TRx (Adjusted),RINVOQ,PRODUCT,N,2026-01-09,12090.231846560297
SI Market + Oral,TRx (Adjusted),RINVOQ,PRODUCT,N,2026-01-16,11850.012061983944
SI Market + Oral,TRx (Adjusted),RINVOQ,PRODUCT,N,2026-01-23,7004.168686353994
SI Market + Oral,TRx (Adjusted),RINVOQ,PRODUCT,N,2026-01-30,9650.840268108148
SI Market + Oral,TRx (Adjusted),RINVOQ,PRODUCT,N,2026-02-06,9531.02017093154
SI Market + Oral,TRx (Adjusted),RINVOQ,PRODUCT,N,2026-02-13,8252.397858350207
SI Market + Oral,TRx (Adjusted),RINVOQ,PRODUCT,N,2026-02-20,12428.10535063405
SI Market + Oral,TRx (Adjusted),RINVOQ,PRODUCT,N,2026-02-27,8328.580976768355
SI Market + Oral,TRx (Adjusted),RINVOQ,PRODUCT,N,2026-03-06,8861.087747229636
SI Market + Oral,TRx (Adjusted),RINVOQ,PRODUCT,N,2026-03-13,8891.250452342696
SI Market + Oral,TRx (Adjusted),RINVOQ,PRODUCT,N,2026-03-20,12959.157084839791
SI Market + Oral,TRx (Adjusted),RINVOQ,PRODUCT,N,2026-03-27,9765.437193618123
SI Market + Oral,TRx (Adjusted),RINVOQ,PRODUCT,N,2026-04-03,12724.839395471572
SI Market + Oral,TRx (Adjusted),RINVOQ,PRODUCT,N,2026-04-10,8985.751603276029
SI Market + Oral,TRx (Adjusted),RINVOQ,PRODUCT,N,2026-04-17,8382.056752339418
SI Market + Oral,TRx (Adjusted),RINVOQ,PRODUCT,N,2026-04-24,8927.02364034939
SI Market + Oral,TRx (Adjusted),RINVOQ,PRODUCT,N,2026-05-01,8715.99088009563
SI Market + Oral,TRx (Adjusted),RINVOQ,PRODUCT,N,2026-05-08,9329.152830465986
SI Market + Oral,TRx (Adjusted),SIMPONI SC,PRODUCT,N,2024-05-03,268.4886072805382
SI Market + Oral,TRx (Adjusted),SIMPONI SC,PRODUCT,N,2024-05-10,249.51301182582827
SI Market + Oral,TRx (Adjusted),SIMPONI SC,PRODUCT,N,2024-05-17,290.3910860403722
SI Market + Oral,TRx (Adjusted),SIMPONI SC,PRODUCT,N,2024-05-24,258.66549620676534
SI Market + Oral,TRx (Adjusted),SIMPONI SC,PRODUCT,N,2024-05-31,276.830189934135
SI Market + Oral,TRx (Adjusted),SIMPONI SC,PRODUCT,N,2024-06-07,238.9329680520637
SI Market + Oral,TRx (Adjusted),SIMPONI SC,PRODUCT,N,2024-06-14,346.1035713592431
SI Market + Oral,TRx (Adjusted),SIMPONI SC,PRODUCT,N,2024-06-21,328.2095893719309
SI Market + Oral,TRx (Adjusted),SIMPONI SC,PRODUCT,N,2024-06-28,316.0796001032153
SI Market + Oral,TRx (Adjusted),SIMPONI SC,PRODUCT,N,2024-07-05,261.57077998485386
SI Market + Oral,TRx (Adjusted),SIMPONI SC,PRODUCT,N,2024-07-12,228.1371875596666
SI Market + Oral,TRx (Adjusted),SIMPONI SC,PRODUCT,N,2024-07-19,239.19971908923728
SI Market + Oral,TRx (Adjusted),SIMPONI SC,PRODUCT,N,2024-07-26,229.4653606199548
SI Market + Oral,TRx (Adjusted),SIMPONI SC,PRODUCT,N,2024-08-02,282.3057372557505
SI Market + Oral,TRx (Adjusted),SIMPONI SC,PRODUCT,N,2024-08-09,205.84457086609424
SI Market + Oral,TRx (Adjusted),SIMPONI SC,PRODUCT,N,2024-08-16,325.3889587481531
SI Market + Oral,TRx (Adjusted),SIMPONI SC,PRODUCT,N,2024-08-23,293.49389450050035
SI Market + Oral,TRx (Adjusted),SIMPONI SC,PRODUCT,N,2024-08-30,255.30362638587525
SI Market + Oral,TRx (Adjusted),SIMPONI SC,PRODUCT,N,2024-09-06,256.0122914954157
SI Market + Oral,TRx (Adjusted),SIMPONI SC,PRODUCT,N,2024-09-13,245.4420600834692
SI Market + Oral,TRx (Adjusted),SIMPONI SC,PRODUCT,N,2024-09-20,312.38865146996466
SI Market + Oral,TRx (Adjusted),SIMPONI SC,PRODUCT,N,2024-09-27,304.8119759605373
SI Market + Oral,TRx (Adjusted),SIMPONI SC,PRODUCT,N,2024-10-04,319.5665800772745
SI Market + Oral,TRx (Adjusted),SIMPONI SC,PRODUCT,N,2024-10-11,311.2993827696591
SI Market + Oral,TRx (Adjusted),SIMPONI SC,PRODUCT,N,2024-10-18,328.0142058525028
SI Market + Oral,TRx (Adjusted),SIMPONI SC,PRODUCT,N,2024-10-25,243.86491218231765
SI Market + Oral,TRx (Adjusted),SIMPONI SC,PRODUCT,N,2024-11-01,341.7225535112321
SI Market + Oral,TRx (Adjusted),SIMPONI SC,PRODUCT,N,2024-11-08,333.4707982655344
SI Market + Oral,TRx (Adjusted),SIMPONI SC,PRODUCT,N,2024-11-15,271.20259745401125
SI Market + Oral,TRx (Adjusted),SIMPONI SC,PRODUCT,N,2024-11-22,363.0534962563391
SI Market + Oral,TRx (Adjusted),SIMPONI SC,PRODUCT,N,2024-11-29,273.0012041093322
SI Market + Oral,TRx (Adjusted),SIMPONI SC,PRODUCT,N,2024-12-06,277.7972967273923
SI Market + Oral,TRx (Adjusted),SIMPONI SC,PRODUCT,N,2024-12-13,323.85703482410025
SI Market + Oral,TRx (Adjusted),SIMPONI SC,PRODUCT,N,2024-12-20,364.49603701619526
SI Market + Oral,TRx (Adjusted),SIMPONI SC,PRODUCT,N,2024-12-27,181.31719168970668
SI Market + Oral,TRx (Adjusted),SIMPONI SC,PRODUCT,N,2025-01-03,191.24073801758257
SI Market + Oral,TRx (Adjusted),SIMPONI SC,PRODUCT,N,2025-01-10,252.6892213771655
SI Market + Oral,TRx (Adjusted),SIMPONI SC,PRODUCT,N,2025-01-17,245.86632024304464
SI Market + Oral,TRx (Adjusted),SIMPONI SC,PRODUCT,N,2025-01-24,213.0802079078568
SI Market + Oral,TRx (Adjusted),SIMPONI SC,PRODUCT,N,2025-01-31,286.5255200797404
SI Market + Oral,TRx (Adjusted),SIMPONI SC,PRODUCT,N,2025-02-07,304.8590190500163
SI Market + Oral,TRx (Adjusted),SIMPONI SC,PRODUCT,N,2025-02-14,250.7277112401684
SI Market + Oral,TRx (Adjusted),SIMPONI SC,PRODUCT,N,2025-02-21,276.26284897285046
SI Market + Oral,TRx (Adjusted),SIMPONI SC,PRODUCT,N,2025-02-28,324.4422109138723
SI Market + Oral,TRx (Adjusted),SIMPONI SC,PRODUCT,N,2025-03-07,287.18349006081934
SI Market + Oral,TRx (Adjusted),SIMPONI SC,PRODUCT,N,2025-03-14,242.8228585154577
SI Market + Oral,TRx (Adjusted),SIMPONI SC,PRODUCT,N,2025-03-21,294.5230657263867
SI Market + Oral,TRx (Adjusted),SIMPONI SC,PRODUCT,N,2025-03-28,309.5377399872638
SI Market + Oral,TRx (Adjusted),SIMPONI SC,PRODUCT,N,2025-04-04,253.2160401306144
SI Market + Oral,TRx (Adjusted),SIMPONI SC,PRODUCT,N,2025-04-11,262.7043187967282
SI Market + Oral,TRx (Adjusted),SIMPONI SC,PRODUCT,N,2025-04-18,246.6502862479529
SI Market + Oral,TRx (Adjusted),SIMPONI SC,PRODUCT,N,2025-04-25,285.99573600563764
SI Market + Oral,TRx (Adjusted),SIMPONI SC,PRODUCT,N,2025-05-02,320.03563903276887
SI Market + Oral,TRx (Adjusted),SIMPONI SC,PRODUCT,N,2025-05-09,209.73256599522665
SI Market + Oral,TRx (Adjusted),SIMPONI SC,PRODUCT,N,2025-05-16,313.6778006728351
SI Market + Oral,TRx (Adjusted),SIMPONI SC,PRODUCT,N,2025-05-23,336.86489787257165
SI Market + Oral,TRx (Adjusted),SIMPONI SC,PRODUCT,N,2025-05-30,190.83447469350904
SI Market + Oral,TRx (Adjusted),SIMPONI SC,PRODUCT,N,2025-06-06,225.8009027905713
SI Market + Oral,TRx (Adjusted),SIMPONI SC,PRODUCT,N,2025-06-13,225.9284975584609
SI Market + Oral,TRx (Adjusted),SIMPONI SC,PRODUCT,N,2025-06-20,309.20620236705616
SI Market + Oral,TRx (Adjusted),SIMPONI SC,PRODUCT,N,2025-06-27,312.5773478378549
SI Market + Oral,TRx (Adjusted),SIMPONI SC,PRODUCT,N,2025-07-04,266.113582428613
SI Market + Oral,TRx (Adjusted),SIMPONI SC,PRODUCT,N,2025-07-11,360.5429405209347
SI Market + Oral,TRx (Adjusted),SIMPONI SC,PRODUCT,N,2025-07-18,313.5681506394875
SI Market + Oral,TRx (Adjusted),SIMPONI SC,PRODUCT,N,2025-07-25,338.9487198362348
SI Market + Oral,TRx (Adjusted),SIMPONI SC,PRODUCT,N,2025-08-01,258.2276705370605
SI Market + Oral,TRx (Adjusted),SIMPONI SC,PRODUCT,N,2025-08-08,283.36238106629094
SI Market + Oral,TRx (Adjusted),SIMPONI SC,PRODUCT,N,2025-08-15,211.69871964382364
SI Market + Oral,TRx (Adjusted),SIMPONI SC,PRODUCT,N,2025-08-22,256.03418508668875
SI Market + Oral,TRx (Adjusted),SIMPONI SC,PRODUCT,N,2025-08-29,306.62425171169394
SI Market + Oral,TRx (Adjusted),SIMPONI SC,PRODUCT,N,2025-09-05,250.6652344592723
SI Market + Oral,TRx (Adjusted),SIMPONI SC,PRODUCT,N,2025-09-12,268.29870612627576
SI Market + Oral,TRx (Adjusted),SIMPONI SC,PRODUCT,N,2025-09-19,291.9185505867641
SI Market + Oral,TRx (Adjusted),SIMPONI SC,PRODUCT,N,2025-09-26,304.8912167765524
SI Market + Oral,TRx (Adjusted),SIMPONI SC,PRODUCT,N,2025-10-03,272.0569007114534
SI Market + Oral,TRx (Adjusted),SIMPONI SC,PRODUCT,N,2025-10-10,221.38448048918423
SI Market + Oral,TRx (Adjusted),SIMPONI SC,PRODUCT,N,2025-10-17,269.7236706454153
SI Market + Oral,TRx (Adjusted),SIMPONI SC,PRODUCT,N,2025-10-24,317.3687040705689
SI Market + Oral,TRx (Adjusted),SIMPONI SC,PRODUCT,N,2025-10-31,210.64244283881047
SI Market + Oral,TRx (Adjusted),SIMPONI SC,PRODUCT,N,2025-11-07,332.21883479200244
SI Market + Oral,TRx (Adjusted),SIMPONI SC,PRODUCT,N,2025-11-14,279.1363576727844
SI Market + Oral,TRx (Adjusted),SIMPONI SC,PRODUCT,N,2025-11-21,302.38086431394834
SI Market + Oral,TRx (Adjusted),SIMPONI SC,PRODUCT,N,2025-11-28,204.06642812923
SI Market + Oral,TRx (Adjusted),SIMPONI SC,PRODUCT,N,2025-12-05,308.87724709908326
SI Market + Oral,TRx (Adjusted),SIMPONI SC,PRODUCT,N,2025-12-12,329.03079694825385
SI Market + Oral,TRx (Adjusted),SIMPONI SC,PRODUCT,N,2025-12-19,221.4286613213393
SI Market + Oral,TRx (Adjusted),SIMPONI SC,PRODUCT,N,2025-12-26,197.5759271615269
SI Market + Oral,TRx (Adjusted),SIMPONI SC,PRODUCT,N,2026-01-02,243.02794185967247
SI Market + Oral,TRx (Adjusted),SIMPONI SC,PRODUCT,N,2026-01-09,328.1351550177174
SI Market + Oral,TRx (Adjusted),SIMPONI SC,PRODUCT,N,2026-01-16,286.8496905699338
SI Market + Oral,TRx (Adjusted),SIMPONI SC,PRODUCT,N,2026-01-23,213.41041326063663
SI Market + Oral,TRx (Adjusted),SIMPONI SC,PRODUCT,N,2026-01-30,229.30411422561124
SI Market + Oral,TRx (Adjusted),SIMPONI SC,PRODUCT,N,2026-02-06,295.5497221159156
SI Market + Oral,TRx (Adjusted),SIMPONI SC,PRODUCT,N,2026-02-13,311.47380746095416
SI Market + Oral,TRx (Adjusted),SIMPONI SC,PRODUCT,N,2026-02-20,323.01921784581987
SI Market + Oral,TRx (Adjusted),SIMPONI SC,PRODUCT,N,2026-02-27,247.37176459419047
SI Market + Oral,TRx (Adjusted),SIMPONI SC,PRODUCT,N,2026-03-06,343.61732461803507
SI Market + Oral,TRx (Adjusted),SIMPONI SC,PRODUCT,N,2026-03-13,322.252998685249
SI Market + Oral,TRx (Adjusted),SIMPONI SC,PRODUCT,N,2026-03-20,218.861926625824
SI Market + Oral,TRx (Adjusted),SIMPONI SC,PRODUCT,N,2026-03-27,276.3647525695284
SI Market + Oral,TRx (Adjusted),SIMPONI SC,PRODUCT,N,2026-04-03,327.66493710783044
SI Market + Oral,TRx (Adjusted),SIMPONI SC,PRODUCT,N,2026-04-10,323.40115422199847
SI Market + Oral,TRx (Adjusted),SIMPONI SC,PRODUCT,N,2026-04-17,251.6404489986121
SI Market + Oral,TRx (Adjusted),SIMPONI SC,PRODUCT,N,2026-04-24,290.88791819291805
SI Market + Oral,TRx (Adjusted),SIMPONI SC,PRODUCT,N,2026-05-01,249.4092506307697
SI Market + Oral,TRx (Adjusted),SIMPONI SC,PRODUCT,N,2026-05-08,262.27346320262416
SI Market + Oral,TRx (Adjusted),SKYRIZI OBI,PRODUCT,N,2024-05-03,4280.564720083887
SI Market + Oral,TRx (Adjusted),SKYRIZI OBI,PRODUCT,N,2024-05-10,3323.022179695429
SI Market + Oral,TRx (Adjusted),SKYRIZI OBI,PRODUCT,N,2024-05-17,4350.930716018351
SI Market + Oral,TRx (Adjusted),SKYRIZI OBI,PRODUCT,N,2024-05-24,3077.8189187325274
SI Market + Oral,TRx (Adjusted),SKYRIZI OBI,PRODUCT,N,2024-05-31,3221.555650299363
SI Market + Oral,TRx (Adjusted),SKYRIZI OBI,PRODUCT,N,2024-06-07,4878.776762268332
SI Market + Oral,TRx (Adjusted),SKYRIZI OBI,PRODUCT,N,2024-06-14,3779.4892525593536
SI Market + Oral,TRx (Adjusted),SKYRIZI OBI,PRODUCT,N,2024-06-21,5122.831659277529
SI Market + Oral,TRx (Adjusted),SKYRIZI OBI,PRODUCT,N,2024-06-28,5277.146801182513
SI Market + Oral,TRx (Adjusted),SKYRIZI OBI,PRODUCT,N,2024-07-05,3006.330598078452
SI Market + Oral,TRx (Adjusted),SKYRIZI OBI,PRODUCT,N,2024-07-12,4577.80014241731
SI Market + Oral,TRx (Adjusted),SKYRIZI OBI,PRODUCT,N,2024-07-19,3487.214964911713
SI Market + Oral,TRx (Adjusted),SKYRIZI OBI,PRODUCT,N,2024-07-26,5574.324845358123
SI Market + Oral,TRx (Adjusted),SKYRIZI OBI,PRODUCT,N,2024-08-02,5016.788092799112
SI Market + Oral,TRx (Adjusted),SKYRIZI OBI,PRODUCT,N,2024-08-09,3767.8721903406695
SI Market + Oral,TRx (Adjusted),SKYRIZI OBI,PRODUCT,N,2024-08-16,4101.32381704508
SI Market + Oral,TRx (Adjusted),SKYRIZI OBI,PRODUCT,N,2024-08-23,3643.758532144008
SI Market + Oral,TRx (Adjusted),SKYRIZI OBI,PRODUCT,N,2024-08-30,4763.232827919025
SI Market + Oral,TRx (Adjusted),SKYRIZI OBI,PRODUCT,N,2024-09-06,3776.818393004818
SI Market + Oral,TRx (Adjusted),SKYRIZI OBI,PRODUCT,N,2024-09-13,5888.506056536074
SI Market + Oral,TRx (Adjusted),SKYRIZI OBI,PRODUCT,N,2024-09-20,5797.050900405367
SI Market + Oral,TRx (Adjusted),SKYRIZI OBI,PRODUCT,N,2024-09-27,4850.13084728406
SI Market + Oral,TRx (Adjusted),SKYRIZI OBI,PRODUCT,N,2024-10-04,4296.655766895481
SI Market + Oral,TRx (Adjusted),SKYRIZI OBI,PRODUCT,N,2024-10-11,5500.727065370447
SI Market + Oral,TRx (Adjusted),SKYRIZI OBI,PRODUCT,N,2024-10-18,5212.8584191253785
SI Market + Oral,TRx (Adjusted),SKYRIZI OBI,PRODUCT,N,2024-10-25,6343.442260075637
SI Market + Oral,TRx (Adjusted),SKYRIZI OBI,PRODUCT,N,2024-11-01,7766.365836016904
SI Market + Oral,TRx (Adjusted),SKYRIZI OBI,PRODUCT,N,2024-11-08,7237.158136228989
SI Market + Oral,TRx (Adjusted),SKYRIZI OBI,PRODUCT,N,2024-11-15,7850.080814342064
SI Market + Oral,TRx (Adjusted),SKYRIZI OBI,PRODUCT,N,2024-11-22,6256.421831593476
SI Market + Oral,TRx (Adjusted),SKYRIZI OBI,PRODUCT,N,2024-11-29,4524.380601040611
SI Market + Oral,TRx (Adjusted),SKYRIZI OBI,PRODUCT,N,2024-12-06,7366.033633027863
SI Market + Oral,TRx (Adjusted),SKYRIZI OBI,PRODUCT,N,2024-12-13,5436.357534059825
SI Market + Oral,TRx (Adjusted),SKYRIZI OBI,PRODUCT,N,2024-12-20,8770.688399720362
SI Market + Oral,TRx (Adjusted),SKYRIZI OBI,PRODUCT,N,2024-12-27,4040.6331888706936
SI Market + Oral,TRx (Adjusted),SKYRIZI OBI,PRODUCT,N,2025-01-03,5037.652434358824
SI Market + Oral,TRx (Adjusted),SKYRIZI OBI,PRODUCT,N,2025-01-10,6779.480552799577
SI Market + Oral,TRx (Adjusted),SKYRIZI OBI,PRODUCT,N,2025-01-17,7248.178032114897
SI Market + Oral,TRx (Adjusted),SKYRIZI OBI,PRODUCT,N,2025-01-24,7278.100762143847
SI Market + Oral,TRx (Adjusted),SKYRIZI OBI,PRODUCT,N,2025-01-31,6190.813239217971
SI Market + Oral,TRx (Adjusted),SKYRIZI OBI,PRODUCT,N,2025-02-07,9985.112658918566
SI Market + Oral,TRx (Adjusted),SKYRIZI OBI,PRODUCT,N,2025-02-14,6177.952352163956
SI Market + Oral,TRx (Adjusted),SKYRIZI OBI,PRODUCT,N,2025-02-21,8549.541456189505
SI Market + Oral,TRx (Adjusted),SKYRIZI OBI,PRODUCT,N,2025-02-28,6937.389922243032
SI Market + Oral,TRx (Adjusted),SKYRIZI OBI,PRODUCT,N,2025-03-07,6395.800068809247
SI Market + Oral,TRx (Adjusted),SKYRIZI OBI,PRODUCT,N,2025-03-14,7738.301865054028
SI Market + Oral,TRx (Adjusted),SKYRIZI OBI,PRODUCT,N,2025-03-21,7259.650685084149
SI Market + Oral,TRx (Adjusted),SKYRIZI OBI,PRODUCT,N,2025-03-28,10469.355259441696
SI Market + Oral,TRx (Adjusted),SKYRIZI OBI,PRODUCT,N,2025-04-04,8653.382475862121
SI Market + Oral,TRx (Adjusted),SKYRIZI OBI,PRODUCT,N,2025-04-11,7567.278824366969
SI Market + Oral,TRx (Adjusted),SKYRIZI OBI,PRODUCT,N,2025-04-18,7778.98127862078
SI Market + Oral,TRx (Adjusted),SKYRIZI OBI,PRODUCT,N,2025-04-25,9671.169241256855
SI Market + Oral,TRx (Adjusted),SKYRIZI OBI,PRODUCT,N,2025-05-02,6709.354096052856
SI Market + Oral,TRx (Adjusted),SKYRIZI OBI,PRODUCT,N,2025-05-09,7520.229220528785
SI Market + Oral,TRx (Adjusted),SKYRIZI OBI,PRODUCT,N,2025-05-16,7814.855129807243
SI Market + Oral,TRx (Adjusted),SKYRIZI OBI,PRODUCT,N,2025-05-23,7983.354629356711
SI Market + Oral,TRx (Adjusted),SKYRIZI OBI,PRODUCT,N,2025-05-30,8952.225347867801
SI Market + Oral,TRx (Adjusted),SKYRIZI OBI,PRODUCT,N,2025-06-06,9287.515249737166
SI Market + Oral,TRx (Adjusted),SKYRIZI OBI,PRODUCT,N,2025-06-13,11104.747706545622
SI Market + Oral,TRx (Adjusted),SKYRIZI OBI,PRODUCT,N,2025-06-20,12503.777466554857
SI Market + Oral,TRx (Adjusted),SKYRIZI OBI,PRODUCT,N,2025-06-27,12831.846754712093
SI Market + Oral,TRx (Adjusted),SKYRIZI OBI,PRODUCT,N,2025-07-04,7460.66417644404
SI Market + Oral,TRx (Adjusted),SKYRIZI OBI,PRODUCT,N,2025-07-11,12624.335900486734
SI Market + Oral,TRx (Adjusted),SKYRIZI OBI,PRODUCT,N,2025-07-18,11696.688821255042
SI Market + Oral,TRx (Adjusted),SKYRIZI OBI,PRODUCT,N,2025-07-25,12939.629199341418
SI Market + Oral,TRx (Adjusted),SKYRIZI OBI,PRODUCT,N,2025-08-01,9374.787833732227
SI Market + Oral,TRx (Adjusted),SKYRIZI OBI,PRODUCT,N,2025-08-08,13594.363262007992
SI Market + Oral,TRx (Adjusted),SKYRIZI OBI,PRODUCT,N,2025-08-15,11940.923218979991
SI Market + Oral,TRx (Adjusted),SKYRIZI OBI,PRODUCT,N,2025-08-22,9728.52749745555
SI Market + Oral,TRx (Adjusted),SKYRIZI OBI,PRODUCT,N,2025-08-29,13084.993895296948
SI Market + Oral,TRx (Adjusted),SKYRIZI OBI,PRODUCT,N,2025-09-05,10151.87683710447
SI Market + Oral,TRx (Adjusted),SKYRIZI OBI,PRODUCT,N,2025-09-12,12459.565420068771
SI Market + Oral,TRx (Adjusted),SKYRIZI OBI,PRODUCT,N,2025-09-19,9663.511454386922
SI Market + Oral,TRx (Adjusted),SKYRIZI OBI,PRODUCT,N,2025-09-26,13160.316373822714
SI Market + Oral,TRx (Adjusted),SKYRIZI OBI,PRODUCT,N,2025-10-03,12506.300379977703
SI Market + Oral,TRx (Adjusted),SKYRIZI OBI,PRODUCT,N,2025-10-10,10324.22136494606
SI Market + Oral,TRx (Adjusted),SKYRIZI OBI,PRODUCT,N,2025-10-17,14347.03109956742
SI Market + Oral,TRx (Adjusted),SKYRIZI OBI,PRODUCT,N,2025-10-24,13007.385111915277
SI Market + Oral,TRx (Adjusted),SKYRIZI OBI,PRODUCT,N,2025-10-31,10278.993508623564
SI Market + Oral,TRx (Adjusted),SKYRIZI OBI,PRODUCT,N,2025-11-07,10004.141659518624
SI Market + Oral,TRx (Adjusted),SKYRIZI OBI,PRODUCT,N,2025-11-14,13118.826009314698
SI Market + Oral,TRx (Adjusted),SKYRIZI OBI,PRODUCT,N,2025-11-21,13865.280817396158
SI Market + Oral,TRx (Adjusted),SKYRIZI OBI,PRODUCT,N,2025-11-28,8762.673189735497
SI Market + Oral,TRx (Adjusted),SKYRIZI OBI,PRODUCT,N,2025-12-05,14674.433827533772
SI Market + Oral,TRx (Adjusted),SKYRIZI OBI,PRODUCT,N,2025-12-12,10618.51592703741
SI Market + Oral,TRx (Adjusted),SKYRIZI OBI,PRODUCT,N,2025-12-19,17118.97942234322
SI Market + Oral,TRx (Adjusted),SKYRIZI OBI,PRODUCT,N,2025-12-26,9869.368828810031
SI Market + Oral,TRx (Adjusted),SKYRIZI OBI,PRODUCT,N,2026-01-02,12538.658762324483
SI Market + Oral,TRx (Adjusted),SKYRIZI OBI,PRODUCT,N,2026-01-09,11859.562253177255
SI Market + Oral,TRx (Adjusted),SKYRIZI OBI,PRODUCT,N,2026-01-16,14999.611143821365
SI Market + Oral,TRx (Adjusted),SKYRIZI OBI,PRODUCT,N,2026-01-23,13460.61655997955
SI Market + Oral,TRx (Adjusted),SKYRIZI OBI,PRODUCT,N,2026-01-30,12067.883866923608
SI Market + Oral,TRx (Adjusted),SKYRIZI OBI,PRODUCT,N,2026-02-06,14661.81492926768
SI Market + Oral,TRx (Adjusted),SKYRIZI OBI,PRODUCT,N,2026-02-13,13162.59133977804
SI Market + Oral,TRx (Adjusted),SKYRIZI OBI,PRODUCT,N,2026-02-20,11367.108694328215
SI Market + Oral,TRx (Adjusted),SKYRIZI OBI,PRODUCT,N,2026-02-27,13728.53644273956
SI Market + Oral,TRx (Adjusted),SKYRIZI OBI,PRODUCT,N,2026-03-06,11081.553602195982
SI Market + Oral,TRx (Adjusted),SKYRIZI OBI,PRODUCT,N,2026-03-13,16004.77114922774
SI Market + Oral,TRx (Adjusted),SKYRIZI OBI,PRODUCT,N,2026-03-20,16262.695788402993
SI Market + Oral,TRx (Adjusted),SKYRIZI OBI,PRODUCT,N,2026-03-27,14892.365142029126
SI Market + Oral,TRx (Adjusted),SKYRIZI OBI,PRODUCT,N,2026-04-03,17569.27829313717
SI Market + Oral,TRx (Adjusted),SKYRIZI OBI,PRODUCT,N,2026-04-10,13558.255439968716
SI Market + Oral,TRx (Adjusted),SKYRIZI OBI,PRODUCT,N,2026-04-17,12186.656869550305
SI Market + Oral,TRx (Adjusted),SKYRIZI OBI,PRODUCT,N,2026-04-24,14584.00553763399
SI Market + Oral,TRx (Adjusted),SKYRIZI OBI,PRODUCT,N,2026-05-01,18381.70892856485
SI Market + Oral,TRx (Adjusted),SKYRIZI OBI,PRODUCT,N,2026-05-08,12319.309987950191
SI Market + Oral,TRx (Adjusted),STELARA BIOSIMILARS TOTAL SQ,PRODUCT,N,2025-01-10,0.0
SI Market + Oral,TRx (Adjusted),STELARA BIOSIMILARS TOTAL SQ,PRODUCT,N,2025-01-17,0.0
SI Market + Oral,TRx (Adjusted),STELARA BIOSIMILARS TOTAL SQ,PRODUCT,N,2025-01-24,7.962999402379646
SI Market + Oral,TRx (Adjusted),STELARA BIOSIMILARS TOTAL SQ,PRODUCT,N,2025-01-31,6.490745628088249
SI Market + Oral,TRx (Adjusted),STELARA BIOSIMILARS TOTAL SQ,PRODUCT,N,2025-02-07,18.88386364887097
SI Market + Oral,TRx (Adjusted),STELARA BIOSIMILARS TOTAL SQ,PRODUCT,N,2025-02-14,20.82842994895235
SI Market + Oral,TRx (Adjusted),STELARA BIOSIMILARS TOTAL SQ,PRODUCT,N,2025-02-21,9.963772082247129
SI Market + Oral,TRx (Adjusted),STELARA BIOSIMILARS TOTAL SQ,PRODUCT,N,2025-02-28,29.833008948075666
SI Market + Oral,TRx (Adjusted),STELARA BIOSIMILARS TOTAL SQ,PRODUCT,N,2025-03-07,31.455731714995583
SI Market + Oral,TRx (Adjusted),STELARA BIOSIMILARS TOTAL SQ,PRODUCT,N,2025-03-14,48.42552973124914
SI Market + Oral,TRx (Adjusted),STELARA BIOSIMILARS TOTAL SQ,PRODUCT,N,2025-03-21,81.13544571225017
SI Market + Oral,TRx (Adjusted),STELARA BIOSIMILARS TOTAL SQ,PRODUCT,N,2025-03-28,59.73524476058383
SI Market + Oral,TRx (Adjusted),STELARA BIOSIMILARS TOTAL SQ,PRODUCT,N,2025-04-04,124.48848043918272
SI Market + Oral,TRx (Adjusted),STELARA BIOSIMILARS TOTAL SQ,PRODUCT,N,2025-04-11,288.2030064694278
SI Market + Oral,TRx (Adjusted),STELARA BIOSIMILARS TOTAL SQ,PRODUCT,N,2025-04-18,461.0726056650108
SI Market + Oral,TRx (Adjusted),STELARA BIOSIMILARS TOTAL SQ,PRODUCT,N,2025-04-25,409.0758635544355
SI Market + Oral,TRx (Adjusted),STELARA BIOSIMILARS TOTAL SQ,PRODUCT,N,2025-05-02,369.33774943426266
SI Market + Oral,TRx (Adjusted),STELARA BIOSIMILARS TOTAL SQ,PRODUCT,N,2025-05-09,456.44703207510565
SI Market + Oral,TRx (Adjusted),STELARA BIOSIMILARS TOTAL SQ,PRODUCT,N,2025-05-16,545.653039223294
SI Market + Oral,TRx (Adjusted),STELARA BIOSIMILARS TOTAL SQ,PRODUCT,N,2025-05-23,602.0064958481231
SI Market + Oral,TRx (Adjusted),STELARA BIOSIMILARS TOTAL SQ,PRODUCT,N,2025-05-30,646.330315015099
SI Market + Oral,TRx (Adjusted),STELARA BIOSIMILARS TOTAL SQ,PRODUCT,N,2025-06-06,1011.9066098651448
SI Market + Oral,TRx (Adjusted),STELARA BIOSIMILARS TOTAL SQ,PRODUCT,N,2025-06-13,1014.4466060458316
SI Market + Oral,TRx (Adjusted),STELARA BIOSIMILARS TOTAL SQ,PRODUCT,N,2025-06-20,1361.6902557959995
SI Market + Oral,TRx (Adjusted),STELARA BIOSIMILARS TOTAL SQ,PRODUCT,N,2025-06-27,1469.422252353763
SI Market + Oral,TRx (Adjusted),STELARA BIOSIMILARS TOTAL SQ,PRODUCT,N,2025-07-04,1095.7210178918292
SI Market + Oral,TRx (Adjusted),STELARA BIOSIMILARS TOTAL SQ,PRODUCT,N,2025-07-11,1699.3380864134576
SI Market + Oral,TRx (Adjusted),STELARA BIOSIMILARS TOTAL SQ,PRODUCT,N,2025-07-18,2224.4821871951385
SI Market + Oral,TRx (Adjusted),STELARA BIOSIMILARS TOTAL SQ,PRODUCT,N,2025-07-25,2710.476361827114
SI Market + Oral,TRx (Adjusted),STELARA BIOSIMILARS TOTAL SQ,PRODUCT,N,2025-08-01,2278.443940938672
SI Market + Oral,TRx (Adjusted),STELARA BIOSIMILARS TOTAL SQ,PRODUCT,N,2025-08-08,2493.09584836716
SI Market + Oral,TRx (Adjusted),STELARA BIOSIMILARS TOTAL SQ,PRODUCT,N,2025-08-15,2698.050214619691
SI Market + Oral,TRx (Adjusted),STELARA BIOSIMILARS TOTAL SQ,PRODUCT,N,2025-08-22,2741.845632795446
SI Market + Oral,TRx (Adjusted),STELARA BIOSIMILARS TOTAL SQ,PRODUCT,N,2025-08-29,3181.394333761355
SI Market + Oral,TRx (Adjusted),STELARA BIOSIMILARS TOTAL SQ,PRODUCT,N,2025-09-05,2494.001354995533
SI Market + Oral,TRx (Adjusted),STELARA BIOSIMILARS TOTAL SQ,PRODUCT,N,2025-09-12,2823.0420870048883
SI Market + Oral,TRx (Adjusted),STELARA BIOSIMILARS TOTAL SQ,PRODUCT,N,2025-09-19,2512.2192899290585
SI Market + Oral,TRx (Adjusted),STELARA BIOSIMILARS TOTAL SQ,PRODUCT,N,2025-09-26,3990.859727499835
SI Market + Oral,TRx (Adjusted),STELARA BIOSIMILARS TOTAL SQ,PRODUCT,N,2025-10-03,3532.6756663404403
SI Market + Oral,TRx (Adjusted),STELARA BIOSIMILARS TOTAL SQ,PRODUCT,N,2025-10-10,3036.556843708612
SI Market + Oral,TRx (Adjusted),STELARA BIOSIMILARS TOTAL SQ,PRODUCT,N,2025-10-17,3313.404459694156
SI Market + Oral,TRx (Adjusted),STELARA BIOSIMILARS TOTAL SQ,PRODUCT,N,2025-10-24,3434.9550721696605
SI Market + Oral,TRx (Adjusted),STELARA BIOSIMILARS TOTAL SQ,PRODUCT,N,2025-10-31,3838.697486303994
SI Market + Oral,TRx (Adjusted),STELARA BIOSIMILARS TOTAL SQ,PRODUCT,N,2025-11-07,3962.018658814336
SI Market + Oral,TRx (Adjusted),STELARA BIOSIMILARS TOTAL SQ,PRODUCT,N,2025-11-14,3514.027351651588
SI Market + Oral,TRx (Adjusted),STELARA BIOSIMILARS TOTAL SQ,PRODUCT,N,2025-11-21,3709.680413007823
SI Market + Oral,TRx (Adjusted),STELARA BIOSIMILARS TOTAL SQ,PRODUCT,N,2025-11-28,3533.788429333332
SI Market + Oral,TRx (Adjusted),STELARA BIOSIMILARS TOTAL SQ,PRODUCT,N,2025-12-05,5216.344003978273
SI Market + Oral,TRx (Adjusted),STELARA BIOSIMILARS TOTAL SQ,PRODUCT,N,2025-12-12,4520.298799871292
SI Market + Oral,TRx (Adjusted),STELARA BIOSIMILARS TOTAL SQ,PRODUCT,N,2025-12-19,4567.40178579705
SI Market + Oral,TRx (Adjusted),STELARA BIOSIMILARS TOTAL SQ,PRODUCT,N,2025-12-26,2800.8897211537464
SI Market + Oral,TRx (Adjusted),STELARA BIOSIMILARS TOTAL SQ,PRODUCT,N,2026-01-02,3760.584799910536
SI Market + Oral,TRx (Adjusted),STELARA BIOSIMILARS TOTAL SQ,PRODUCT,N,2026-01-09,5302.952187633619
SI Market + Oral,TRx (Adjusted),STELARA BIOSIMILARS TOTAL SQ,PRODUCT,N,2026-01-16,4204.886398400273
SI Market + Oral,TRx (Adjusted),STELARA BIOSIMILARS TOTAL SQ,PRODUCT,N,2026-01-23,3842.369892695709
SI Market + Oral,TRx (Adjusted),STELARA BIOSIMILARS TOTAL SQ,PRODUCT,N,2026-01-30,4463.757895604355
SI Market + Oral,TRx (Adjusted),STELARA BIOSIMILARS TOTAL SQ,PRODUCT,N,2026-02-06,4989.719302757533
SI Market + Oral,TRx (Adjusted),STELARA BIOSIMILARS TOTAL SQ,PRODUCT,N,2026-02-13,4727.167021232309
SI Market + Oral,TRx (Adjusted),STELARA BIOSIMILARS TOTAL SQ,PRODUCT,N,2026-02-20,5866.761243045692
SI Market + Oral,TRx (Adjusted),STELARA BIOSIMILARS TOTAL SQ,PRODUCT,N,2026-02-27,7344.961620185383
SI Market + Oral,TRx (Adjusted),STELARA BIOSIMILARS TOTAL SQ,PRODUCT,N,2026-03-06,7820.41561264372
SI Market + Oral,TRx (Adjusted),STELARA BIOSIMILARS TOTAL SQ,PRODUCT,N,2026-03-13,5267.5187191126615
SI Market + Oral,TRx (Adjusted),STELARA BIOSIMILARS TOTAL SQ,PRODUCT,N,2026-03-20,7458.809717093443
SI Market + Oral,TRx (Adjusted),STELARA BIOSIMILARS TOTAL SQ,PRODUCT,N,2026-03-27,6587.731228454562
SI Market + Oral,TRx (Adjusted),STELARA BIOSIMILARS TOTAL SQ,PRODUCT,N,2026-04-03,5032.091393514061
SI Market + Oral,TRx (Adjusted),STELARA BIOSIMILARS TOTAL SQ,PRODUCT,N,2026-04-10,7085.132696883973
SI Market + Oral,TRx (Adjusted),STELARA BIOSIMILARS TOTAL SQ,PRODUCT,N,2026-04-17,6807.507991816818
SI Market + Oral,TRx (Adjusted),STELARA BIOSIMILARS TOTAL SQ,PRODUCT,N,2026-04-24,5822.411713080189
SI Market + Oral,TRx (Adjusted),STELARA BIOSIMILARS TOTAL SQ,PRODUCT,N,2026-05-01,7952.528001398557
SI Market + Oral,TRx (Adjusted),STELARA BIOSIMILARS TOTAL SQ,PRODUCT,N,2026-05-08,7713.735436371537
SI Market + Oral,TRx (Adjusted),STELARA SQ,PRODUCT,N,2024-05-03,18145.139614392014
SI Market + Oral,TRx (Adjusted),STELARA SQ,PRODUCT,N,2024-05-10,16375.476637582022
SI Market + Oral,TRx (Adjusted),STELARA SQ,PRODUCT,N,2024-05-17,13960.621432470482
SI Market + Oral,TRx (Adjusted),STELARA SQ,PRODUCT,N,2024-05-24,21884.646000732944
SI Market + Oral,TRx (Adjusted),STELARA SQ,PRODUCT,N,2024-05-31,18007.70317946536
SI Market + Oral,TRx (Adjusted),STELARA SQ,PRODUCT,N,2024-06-07,20250.59671416212
SI Market + Oral,TRx (Adjusted),STELARA SQ,PRODUCT,N,2024-06-14,20721.821731161934
SI Market + Oral,TRx (Adjusted),STELARA SQ,PRODUCT,N,2024-06-21,19692.63395941
SI Market + Oral,TRx (Adjusted),STELARA SQ,PRODUCT,N,2024-06-28,19790.0679287773
SI Market + Oral,TRx (Adjusted),STELARA SQ,PRODUCT,N,2024-07-05,10229.648801793532
SI Market + Oral,TRx (Adjusted),STELARA SQ,PRODUCT,N,2024-07-12,17781.794385552115
SI Market + Oral,TRx (Adjusted),STELARA SQ,PRODUCT,N,2024-07-19,13132.48307848
SI Market + Oral,TRx (Adjusted),STELARA SQ,PRODUCT,N,2024-07-26,18339.25817593256
SI Market + Oral,TRx (Adjusted),STELARA SQ,PRODUCT,N,2024-08-02,14480.095600566665
SI Market + Oral,TRx (Adjusted),STELARA SQ,PRODUCT,N,2024-08-09,16578.112646390746
SI Market + Oral,TRx (Adjusted),STELARA SQ,PRODUCT,N,2024-08-16,18916.25590772901
SI Market + Oral,TRx (Adjusted),STELARA SQ,PRODUCT,N,2024-08-23,14771.519281533903
SI Market + Oral,TRx (Adjusted),STELARA SQ,PRODUCT,N,2024-08-30,15241.61604742054
SI Market + Oral,TRx (Adjusted),STELARA SQ,PRODUCT,N,2024-09-06,15139.318651476402
SI Market + Oral,TRx (Adjusted),STELARA SQ,PRODUCT,N,2024-09-13,20179.2107176075
SI Market + Oral,TRx (Adjusted),STELARA SQ,PRODUCT,N,2024-09-20,17076.92204901332
SI Market + Oral,TRx (Adjusted),STELARA SQ,PRODUCT,N,2024-09-27,20566.311078915183
SI Market + Oral,TRx (Adjusted),STELARA SQ,PRODUCT,N,2024-10-04,17142.143728373198
SI Market + Oral,TRx (Adjusted),STELARA SQ,PRODUCT,N,2024-10-11,12658.459790923454
SI Market + Oral,TRx (Adjusted),STELARA SQ,PRODUCT,N,2024-10-18,16588.16139331993
SI Market + Oral,TRx (Adjusted),STELARA SQ,PRODUCT,N,2024-10-25,19243.183990959045
SI Market + Oral,TRx (Adjusted),STELARA SQ,PRODUCT,N,2024-11-01,13827.698552924743
SI Market + Oral,TRx (Adjusted),STELARA SQ,PRODUCT,N,2024-11-08,18635.970998023105
SI Market + Oral,TRx (Adjusted),STELARA SQ,PRODUCT,N,2024-11-15,19134.137562204825
SI Market + Oral,TRx (Adjusted),STELARA SQ,PRODUCT,N,2024-11-22,15980.289296053685
SI Market + Oral,TRx (Adjusted),STELARA SQ,PRODUCT,N,2024-11-29,13753.631803648646
SI Market + Oral,TRx (Adjusted),STELARA SQ,PRODUCT,N,2024-12-06,21070.343665726778
SI Market + Oral,TRx (Adjusted),STELARA SQ,PRODUCT,N,2024-12-13,18116.49927026925
SI Market + Oral,TRx (Adjusted),STELARA SQ,PRODUCT,N,2024-12-20,21949.0497882453
SI Market + Oral,TRx (Adjusted),STELARA SQ,PRODUCT,N,2024-12-27,10945.182305661334
SI Market + Oral,TRx (Adjusted),STELARA SQ,PRODUCT,N,2025-01-03,12493.817476810764
SI Market + Oral,TRx (Adjusted),STELARA SQ,PRODUCT,N,2025-01-10,21047.377805420423
SI Market + Oral,TRx (Adjusted),STELARA SQ,PRODUCT,N,2025-01-17,14640.917652396727
SI Market + Oral,TRx (Adjusted),STELARA SQ,PRODUCT,N,2025-01-24,14868.210989308924
SI Market + Oral,TRx (Adjusted),STELARA SQ,PRODUCT,N,2025-01-31,19938.70646382252
SI Market + Oral,TRx (Adjusted),STELARA SQ,PRODUCT,N,2025-02-07,20059.16805732632
SI Market + Oral,TRx (Adjusted),STELARA SQ,PRODUCT,N,2025-02-14,20244.702840742528
SI Market + Oral,TRx (Adjusted),STELARA SQ,PRODUCT,N,2025-02-21,19800.940326779382
SI Market + Oral,TRx (Adjusted),STELARA SQ,PRODUCT,N,2025-02-28,13554.517193554164
SI Market + Oral,TRx (Adjusted),STELARA SQ,PRODUCT,N,2025-03-07,22018.72916997445
SI Market + Oral,TRx (Adjusted),STELARA SQ,PRODUCT,N,2025-03-14,18670.5899142506
SI Market + Oral,TRx (Adjusted),STELARA SQ,PRODUCT,N,2025-03-21,20625.25491193328
SI Market + Oral,TRx (Adjusted),STELARA SQ,PRODUCT,N,2025-03-28,19915.081103292632
SI Market + Oral,TRx (Adjusted),STELARA SQ,PRODUCT,N,2025-04-04,19626.501478476534
SI Market + Oral,TRx (Adjusted),STELARA SQ,PRODUCT,N,2025-04-11,13250.414668877564
SI Market + Oral,TRx (Adjusted),STELARA SQ,PRODUCT,N,2025-04-18,20071.730102192538
SI Market + Oral,TRx (Adjusted),STELARA SQ,PRODUCT,N,2025-04-25,19163.555882206776
SI Market + Oral,TRx (Adjusted),STELARA SQ,PRODUCT,N,2025-05-02,18928.72200927264
SI Market + Oral,TRx (Adjusted),STELARA SQ,PRODUCT,N,2025-05-09,13041.146763589137
SI Market + Oral,TRx (Adjusted),STELARA SQ,PRODUCT,N,2025-05-16,14167.644969403342
SI Market + Oral,TRx (Adjusted),STELARA SQ,PRODUCT,N,2025-05-23,14851.161014040435
SI Market + Oral,TRx (Adjusted),STELARA SQ,PRODUCT,N,2025-05-30,16369.400587428869
SI Market + Oral,TRx (Adjusted),STELARA SQ,PRODUCT,N,2025-06-06,15513.700997248514
SI Market + Oral,TRx (Adjusted),STELARA SQ,PRODUCT,N,2025-06-13,13435.215090314236
SI Market + Oral,TRx (Adjusted),STELARA SQ,PRODUCT,N,2025-06-20,17209.597714574054
SI Market + Oral,TRx (Adjusted),STELARA SQ,PRODUCT,N,2025-06-27,16786.806143395203
SI Market + Oral,TRx (Adjusted),STELARA SQ,PRODUCT,N,2025-07-04,8659.247590526884
SI Market + Oral,TRx (Adjusted),STELARA SQ,PRODUCT,N,2025-07-11,15487.73325602058
SI Market + Oral,TRx (Adjusted),STELARA SQ,PRODUCT,N,2025-07-18,15178.986096298608
SI Market + Oral,TRx (Adjusted),STELARA SQ,PRODUCT,N,2025-07-25,15626.66293974454
SI Market + Oral,TRx (Adjusted),STELARA SQ,PRODUCT,N,2025-08-01,11293.532898244031
SI Market + Oral,TRx (Adjusted),STELARA SQ,PRODUCT,N,2025-08-08,14113.17893285658
SI Market + Oral,TRx (Adjusted),STELARA SQ,PRODUCT,N,2025-08-15,13247.048590707853
SI Market + Oral,TRx (Adjusted),STELARA SQ,PRODUCT,N,2025-08-22,12492.093852082236
SI Market + Oral,TRx (Adjusted),STELARA SQ,PRODUCT,N,2025-08-29,16700.14976834764
SI Market + Oral,TRx (Adjusted),STELARA SQ,PRODUCT,N,2025-09-05,10836.81491666738
SI Market + Oral,TRx (Adjusted),STELARA SQ,PRODUCT,N,2025-09-12,11427.039824933476
SI Market + Oral,TRx (Adjusted),STELARA SQ,PRODUCT,N,2025-09-19,13450.630493187247
SI Market + Oral,TRx (Adjusted),STELARA SQ,PRODUCT,N,2025-09-26,14286.86980620195
SI Market + Oral,TRx (Adjusted),STELARA SQ,PRODUCT,N,2025-10-03,12982.419667337394
SI Market + Oral,TRx (Adjusted),STELARA SQ,PRODUCT,N,2025-10-10,11065.89966385216
SI Market + Oral,TRx (Adjusted),STELARA SQ,PRODUCT,N,2025-10-17,11794.412998600694
SI Market + Oral,TRx (Adjusted),STELARA SQ,PRODUCT,N,2025-10-24,11709.706880266638
SI Market + Oral,TRx (Adjusted),STELARA SQ,PRODUCT,N,2025-10-31,10331.368880121076
SI Market + Oral,TRx (Adjusted),STELARA SQ,PRODUCT,N,2025-11-07,14349.295104487735
SI Market + Oral,TRx (Adjusted),STELARA SQ,PRODUCT,N,2025-11-14,12219.12041241928
SI Market + Oral,TRx (Adjusted),STELARA SQ,PRODUCT,N,2025-11-21,9927.277248564114
SI Market + Oral,TRx (Adjusted),STELARA SQ,PRODUCT,N,2025-11-28,7746.101209680375
SI Market + Oral,TRx (Adjusted),STELARA SQ,PRODUCT,N,2025-12-05,10701.802064581972
SI Market + Oral,TRx (Adjusted),STELARA SQ,PRODUCT,N,2025-12-12,13907.861844811378
SI Market + Oral,TRx (Adjusted),STELARA SQ,PRODUCT,N,2025-12-19,9059.798642624
SI Market + Oral,TRx (Adjusted),STELARA SQ,PRODUCT,N,2025-12-26,8794.189422107615
SI Market + Oral,TRx (Adjusted),STELARA SQ,PRODUCT,N,2026-01-02,7982.321717208024
SI Market + Oral,TRx (Adjusted),STELARA SQ,PRODUCT,N,2026-01-09,9207.766291323016
SI Market + Oral,TRx (Adjusted),STELARA SQ,PRODUCT,N,2026-01-16,10804.155045349684
SI Market + Oral,TRx (Adjusted),STELARA SQ,PRODUCT,N,2026-01-23,6353.782267631256
SI Market + Oral,TRx (Adjusted),STELARA SQ,PRODUCT,N,2026-01-30,6118.171145617403
SI Market + Oral,TRx (Adjusted),STELARA SQ,PRODUCT,N,2026-02-06,7927.241544021301
SI Market + Oral,TRx (Adjusted),STELARA SQ,PRODUCT,N,2026-02-13,6335.344921904823
SI Market + Oral,TRx (Adjusted),STELARA SQ,PRODUCT,N,2026-02-20,6591.346522933535
SI Market + Oral,TRx (Adjusted),STELARA SQ,PRODUCT,N,2026-02-27,9792.118066557625
SI Market + Oral,TRx (Adjusted),STELARA SQ,PRODUCT,N,2026-03-06,6419.372481041663
SI Market + Oral,TRx (Adjusted),STELARA SQ,PRODUCT,N,2026-03-13,6386.248009341695
SI Market + Oral,TRx (Adjusted),STELARA SQ,PRODUCT,N,2026-03-20,7569.365905303662
SI Market + Oral,TRx (Adjusted),STELARA SQ,PRODUCT,N,2026-03-27,8669.668633203917
SI Market + Oral,TRx (Adjusted),STELARA SQ,PRODUCT,N,2026-04-03,9476.903267787302
SI Market + Oral,TRx (Adjusted),STELARA SQ,PRODUCT,N,2026-04-10,5922.522203818906
SI Market + Oral,TRx (Adjusted),STELARA SQ,PRODUCT,N,2026-04-17,5041.164021120511
SI Market + Oral,TRx (Adjusted),STELARA SQ,PRODUCT,N,2026-04-24,6915.291110980313
SI Market + Oral,TRx (Adjusted),STELARA SQ,PRODUCT,N,2026-05-01,7229.264351742952
SI Market + Oral,TRx (Adjusted),STELARA SQ,PRODUCT,N,2026-05-08,5833.0651841091385
SI Market + Oral,TRx (Adjusted),TREMFYA,PRODUCT,N,2024-05-03,9.045995495804751
SI Market + Oral,TRx (Adjusted),TREMFYA,PRODUCT,N,2024-05-10,7.32956358241961
SI Market + Oral,TRx (Adjusted),TREMFYA,PRODUCT,N,2024-05-17,9.181234489239062
SI Market + Oral,TRx (Adjusted),TREMFYA,PRODUCT,N,2024-05-24,6.341080042615675
SI Market + Oral,TRx (Adjusted),TREMFYA,PRODUCT,N,2024-05-31,7.86319073271784
SI Market + Oral,TRx (Adjusted),TREMFYA,PRODUCT,N,2024-06-07,9.391585261472414
SI Market + Oral,TRx (Adjusted),TREMFYA,PRODUCT,N,2024-06-14,9.168341579418207
SI Market + Oral,TRx (Adjusted),TREMFYA,PRODUCT,N,2024-06-21,8.716213595399058
SI Market + Oral,TRx (Adjusted),TREMFYA,PRODUCT,N,2024-06-28,6.31770796796906
SI Market + Oral,TRx (Adjusted),TREMFYA,PRODUCT,N,2024-07-05,6.144280170724337
SI Market + Oral,TRx (Adjusted),TREMFYA,PRODUCT,N,2024-07-12,9.209093360359104
SI Market + Oral,TRx (Adjusted),TREMFYA,PRODUCT,N,2024-07-19,8.43464677678886
SI Market + Oral,TRx (Adjusted),TREMFYA,PRODUCT,N,2024-07-26,6.016888237147194
SI Market + Oral,TRx (Adjusted),TREMFYA,PRODUCT,N,2024-08-02,6.119801848667743
SI Market + Oral,TRx (Adjusted),TREMFYA,PRODUCT,N,2024-08-09,8.287853633426053
SI Market + Oral,TRx (Adjusted),TREMFYA,PRODUCT,N,2024-08-16,7.545449661238988
SI Market + Oral,TRx (Adjusted),TREMFYA,PRODUCT,N,2024-08-23,7.188347562072592
SI Market + Oral,TRx (Adjusted),TREMFYA,PRODUCT,N,2024-08-30,9.529557468559572
SI Market + Oral,TRx (Adjusted),TREMFYA,PRODUCT,N,2024-09-06,5.715486590067185
SI Market + Oral,TRx (Adjusted),TREMFYA,PRODUCT,N,2024-09-13,9.376022841712704
SI Market + Oral,TRx (Adjusted),TREMFYA,PRODUCT,N,2024-09-20,8.024125308668317
SI Market + Oral,TRx (Adjusted),TREMFYA,PRODUCT,N,2024-09-27,6.628188310619231
SI Market + Oral,TRx (Adjusted),TREMFYA,PRODUCT,N,2024-10-04,7.3005950155746975
SI Market + Oral,TRx (Adjusted),TREMFYA,PRODUCT,N,2024-10-11,7.154493349852214
SI Market + Oral,TRx (Adjusted),TREMFYA,PRODUCT,N,2024-10-18,7.823302481403153
SI Market + Oral,TRx (Adjusted),TREMFYA,PRODUCT,N,2024-10-25,5.984513188487777
SI Market + Oral,TRx (Adjusted),TREMFYA,PRODUCT,N,2024-11-01,7.920831214722657
SI Market + Oral,TRx (Adjusted),TREMFYA,PRODUCT,N,2024-11-08,10.37857618687447
SI Market + Oral,TRx (Adjusted),TREMFYA,PRODUCT,N,2024-11-15,10.814436225910352
SI Market + Oral,TRx (Adjusted),TREMFYA,PRODUCT,N,2024-11-22,10.610811342654484
SI Market + Oral,TRx (Adjusted),TREMFYA,PRODUCT,N,2024-11-29,7.488317148730021
SI Market + Oral,TRx (Adjusted),TREMFYA,PRODUCT,N,2024-12-06,10.09284246573086
SI Market + Oral,TRx (Adjusted),TREMFYA,PRODUCT,N,2024-12-13,19.22252452520688
SI Market + Oral,TRx (Adjusted),TREMFYA,PRODUCT,N,2024-12-20,13.388544697353016
SI Market + Oral,TRx (Adjusted),TREMFYA,PRODUCT,N,2024-12-27,14.900574361286845
SI Market + Oral,TRx (Adjusted),TREMFYA,PRODUCT,N,2025-01-03,19.84689628898051
SI Market + Oral,TRx (Adjusted),TREMFYA,PRODUCT,N,2025-01-10,34.86741195481212
SI Market + Oral,TRx (Adjusted),TREMFYA,PRODUCT,N,2025-01-17,43.22287941155262
SI Market + Oral,TRx (Adjusted),TREMFYA,PRODUCT,N,2025-01-24,40.355739376598905
SI Market + Oral,TRx (Adjusted),TREMFYA,PRODUCT,N,2025-01-31,64.0031143160514
SI Market + Oral,TRx (Adjusted),TREMFYA,PRODUCT,N,2025-02-07,77.79043400182907
SI Market + Oral,TRx (Adjusted),TREMFYA,PRODUCT,N,2025-02-14,59.044409982747645
SI Market + Oral,TRx (Adjusted),TREMFYA,PRODUCT,N,2025-02-21,76.150821213358
SI Market + Oral,TRx (Adjusted),TREMFYA,PRODUCT,N,2025-02-28,79.18202920503514
SI Market + Oral,TRx (Adjusted),TREMFYA,PRODUCT,N,2025-03-07,187.1634395245076
SI Market + Oral,TRx (Adjusted),TREMFYA,PRODUCT,N,2025-03-14,138.64823038882162
SI Market + Oral,TRx (Adjusted),TREMFYA,PRODUCT,N,2025-03-21,148.31632576862947
SI Market + Oral,TRx (Adjusted),TREMFYA,PRODUCT,N,2025-03-28,133.57480149310402
SI Market + Oral,TRx (Adjusted),TREMFYA,PRODUCT,N,2025-04-04,133.6616394136191
SI Market + Oral,TRx (Adjusted),TREMFYA,PRODUCT,N,2025-04-11,213.8556220829686
SI Market + Oral,TRx (Adjusted),TREMFYA,PRODUCT,N,2025-04-18,274.6082490152459
SI Market + Oral,TRx (Adjusted),TREMFYA,PRODUCT,N,2025-04-25,328.48423536048887
SI Market + Oral,TRx (Adjusted),TREMFYA,PRODUCT,N,2025-05-02,358.45743439837554
SI Market + Oral,TRx (Adjusted),TREMFYA,PRODUCT,N,2025-05-09,421.5461690841754
SI Market + Oral,TRx (Adjusted),TREMFYA,PRODUCT,N,2025-05-16,410.7210442190087
SI Market + Oral,TRx (Adjusted),TREMFYA,PRODUCT,N,2025-05-23,525.2040469595988
SI Market + Oral,TRx (Adjusted),TREMFYA,PRODUCT,N,2025-05-30,345.5706656662436
SI Market + Oral,TRx (Adjusted),TREMFYA,PRODUCT,N,2025-06-06,673.4854626718612
SI Market + Oral,TRx (Adjusted),TREMFYA,PRODUCT,N,2025-06-13,922.1246529167296
SI Market + Oral,TRx (Adjusted),TREMFYA,PRODUCT,N,2025-06-20,771.2319234015855
SI Market + Oral,TRx (Adjusted),TREMFYA,PRODUCT,N,2025-06-27,893.8470352388597
SI Market + Oral,TRx (Adjusted),TREMFYA,PRODUCT,N,2025-07-04,767.5767929803809
SI Market + Oral,TRx (Adjusted),TREMFYA,PRODUCT,N,2025-07-11,1236.6662810898583
SI Market + Oral,TRx (Adjusted),TREMFYA,PRODUCT,N,2025-07-18,1025.9250667025342
SI Market + Oral,TRx (Adjusted),TREMFYA,PRODUCT,N,2025-07-25,1345.16124179911
SI Market + Oral,TRx (Adjusted),TREMFYA,PRODUCT,N,2025-08-01,1595.140648242336
SI Market + Oral,TRx (Adjusted),TREMFYA,PRODUCT,N,2025-08-08,1743.3427911819024
SI Market + Oral,TRx (Adjusted),TREMFYA,PRODUCT,N,2025-08-15,1491.1929426816894
SI Market + Oral,TRx (Adjusted),TREMFYA,PRODUCT,N,2025-08-22,1890.304541970316
SI Market + Oral,TRx (Adjusted),TREMFYA,PRODUCT,N,2025-08-29,1904.590920598215
SI Market + Oral,TRx (Adjusted),TREMFYA,PRODUCT,N,2025-09-05,1251.2549461011663
SI Market + Oral,TRx (Adjusted),TREMFYA,PRODUCT,N,2025-09-12,2297.805120219054
SI Market + Oral,TRx (Adjusted),TREMFYA,PRODUCT,N,2025-09-19,2291.061342653606
SI Market + Oral,TRx (Adjusted),TREMFYA,PRODUCT,N,2025-09-26,2716.928972593676
SI Market + Oral,TRx (Adjusted),TREMFYA,PRODUCT,N,2025-10-03,2289.698317908286
SI Market + Oral,TRx (Adjusted),TREMFYA,PRODUCT,N,2025-10-10,1847.4866644686888
SI Market + Oral,TRx (Adjusted),TREMFYA,PRODUCT,N,2025-10-17,3000.933528769506
SI Market + Oral,TRx (Adjusted),TREMFYA,PRODUCT,N,2025-10-24,2599.1902288945885
SI Market + Oral,TRx (Adjusted),TREMFYA,PRODUCT,N,2025-10-31,2870.2436435864697
SI Market + Oral,TRx (Adjusted),TREMFYA,PRODUCT,N,2025-11-07,3663.0432760966064
SI Market + Oral,TRx (Adjusted),TREMFYA,PRODUCT,N,2025-11-14,2632.7590440946965
SI Market + Oral,TRx (Adjusted),TREMFYA,PRODUCT,N,2025-11-21,2853.562504782936
SI Market + Oral,TRx (Adjusted),TREMFYA,PRODUCT,N,2025-11-28,2452.490486938118
SI Market + Oral,TRx (Adjusted),TREMFYA,PRODUCT,N,2025-12-05,3312.941992140992
SI Market + Oral,TRx (Adjusted),TREMFYA,PRODUCT,N,2025-12-12,4264.450992149788
SI Market + Oral,TRx (Adjusted),TREMFYA,PRODUCT,N,2025-12-19,4964.069560471536
SI Market + Oral,TRx (Adjusted),TREMFYA,PRODUCT,N,2025-12-26,2806.0209855480507
SI Market + Oral,TRx (Adjusted),TREMFYA,PRODUCT,N,2026-01-02,4058.955683423425
SI Market + Oral,TRx (Adjusted),TREMFYA,PRODUCT,N,2026-01-09,5027.674468669362
SI Market + Oral,TRx (Adjusted),TREMFYA,PRODUCT,N,2026-01-16,4656.774711419262
SI Market + Oral,TRx (Adjusted),TREMFYA,PRODUCT,N,2026-01-23,4010.596550077236
SI Market + Oral,TRx (Adjusted),TREMFYA,PRODUCT,N,2026-01-30,3229.3807770473504
SI Market + Oral,TRx (Adjusted),TREMFYA,PRODUCT,N,2026-02-06,5922.998364760182
SI Market + Oral,TRx (Adjusted),TREMFYA,PRODUCT,N,2026-02-13,6161.744523424742
SI Market + Oral,TRx (Adjusted),TREMFYA,PRODUCT,N,2026-02-20,4216.24700211749
SI Market + Oral,TRx (Adjusted),TREMFYA,PRODUCT,N,2026-02-27,5769.630754113956
SI Market + Oral,TRx (Adjusted),TREMFYA,PRODUCT,N,2026-03-06,5764.397347910004
SI Market + Oral,TRx (Adjusted),TREMFYA,PRODUCT,N,2026-03-13,6056.899179508137
SI Market + Oral,TRx (Adjusted),TREMFYA,PRODUCT,N,2026-03-20,5207.183900906598
SI Market + Oral,TRx (Adjusted),TREMFYA,PRODUCT,N,2026-03-27,6723.239377643996
SI Market + Oral,TRx (Adjusted),TREMFYA,PRODUCT,N,2026-04-03,4954.845266014834
SI Market + Oral,TRx (Adjusted),TREMFYA,PRODUCT,N,2026-04-10,4810.352000264972
SI Market + Oral,TRx (Adjusted),TREMFYA,PRODUCT,N,2026-04-17,7154.677566912196
SI Market + Oral,TRx (Adjusted),TREMFYA,PRODUCT,N,2026-04-24,7367.902196357046
SI Market + Oral,TRx (Adjusted),TREMFYA,PRODUCT,N,2026-05-01,5996.925173221041
SI Market + Oral,TRx (Adjusted),TREMFYA,PRODUCT,N,2026-05-08,7584.063623030218
SI Market + Oral,TRx (Adjusted),VELSIPITY,PRODUCT,N,2024-05-03,34.63731554236308
SI Market + Oral,TRx (Adjusted),VELSIPITY,PRODUCT,N,2024-05-10,29.047055268640506
SI Market + Oral,TRx (Adjusted),VELSIPITY,PRODUCT,N,2024-05-17,27.14216343986726
SI Market + Oral,TRx (Adjusted),VELSIPITY,PRODUCT,N,2024-05-24,24.461961578384024
SI Market + Oral,TRx (Adjusted),VELSIPITY,PRODUCT,N,2024-05-31,28.06650342631314
SI Market + Oral,TRx (Adjusted),VELSIPITY,PRODUCT,N,2024-06-07,27.83513361959586
SI Market + Oral,TRx (Adjusted),VELSIPITY,PRODUCT,N,2024-06-14,27.70388614294033
SI Market + Oral,TRx (Adjusted),VELSIPITY,PRODUCT,N,2024-06-21,39.64235853360412
SI Market + Oral,TRx (Adjusted),VELSIPITY,PRODUCT,N,2024-06-28,40.19666960085849
SI Market + Oral,TRx (Adjusted),VELSIPITY,PRODUCT,N,2024-07-05,22.315715323610046
SI Market + Oral,TRx (Adjusted),VELSIPITY,PRODUCT,N,2024-07-12,45.23839315682721
SI Market + Oral,TRx (Adjusted),VELSIPITY,PRODUCT,N,2024-07-19,46.2866266908177
SI Market + Oral,TRx (Adjusted),VELSIPITY,PRODUCT,N,2024-07-26,58.11927462207137
SI Market + Oral,TRx (Adjusted),VELSIPITY,PRODUCT,N,2024-08-02,56.974380466801286
SI Market + Oral,TRx (Adjusted),VELSIPITY,PRODUCT,N,2024-08-09,40.733107331750006
SI Market + Oral,TRx (Adjusted),VELSIPITY,PRODUCT,N,2024-08-16,66.651103328337
SI Market + Oral,TRx (Adjusted),VELSIPITY,PRODUCT,N,2024-08-23,67.5893109764672
SI Market + Oral,TRx (Adjusted),VELSIPITY,PRODUCT,N,2024-08-30,59.39514385673808
SI Market + Oral,TRx (Adjusted),VELSIPITY,PRODUCT,N,2024-09-06,49.91271777048158
SI Market + Oral,TRx (Adjusted),VELSIPITY,PRODUCT,N,2024-09-13,52.71153332669621
SI Market + Oral,TRx (Adjusted),VELSIPITY,PRODUCT,N,2024-09-20,71.50529117727989
SI Market + Oral,TRx (Adjusted),VELSIPITY,PRODUCT,N,2024-09-27,59.5058751886397
SI Market + Oral,TRx (Adjusted),VELSIPITY,PRODUCT,N,2024-10-04,84.35288576232352
SI Market + Oral,TRx (Adjusted),VELSIPITY,PRODUCT,N,2024-10-11,60.738801137158255
SI Market + Oral,TRx (Adjusted),VELSIPITY,PRODUCT,N,2024-10-18,78.27642281842685
SI Market + Oral,TRx (Adjusted),VELSIPITY,PRODUCT,N,2024-10-25,80.19264638118526
SI Market + Oral,TRx (Adjusted),VELSIPITY,PRODUCT,N,2024-11-01,96.32344109651515
SI Market + Oral,TRx (Adjusted),VELSIPITY,PRODUCT,N,2024-11-08,75.1718158791828
SI Market + Oral,TRx (Adjusted),VELSIPITY,PRODUCT,N,2024-11-15,112.3630908186916
SI Market + Oral,TRx (Adjusted),VELSIPITY,PRODUCT,N,2024-11-22,64.90674592584783
SI Market + Oral,TRx (Adjusted),VELSIPITY,PRODUCT,N,2024-11-29,99.08785459527508
SI Market + Oral,TRx (Adjusted),VELSIPITY,PRODUCT,N,2024-12-06,95.0886165070494
SI Market + Oral,TRx (Adjusted),VELSIPITY,PRODUCT,N,2024-12-13,113.307907687441
SI Market + Oral,TRx (Adjusted),VELSIPITY,PRODUCT,N,2024-12-20,109.89397665608536
SI Market + Oral,TRx (Adjusted),VELSIPITY,PRODUCT,N,2024-12-27,84.2412079693943
SI Market + Oral,TRx (Adjusted),VELSIPITY,PRODUCT,N,2025-01-03,99.24169743244336
SI Market + Oral,TRx (Adjusted),VELSIPITY,PRODUCT,N,2025-01-10,95.09347804127252
SI Market + Oral,TRx (Adjusted),VELSIPITY,PRODUCT,N,2025-01-17,139.41445545832704
SI Market + Oral,TRx (Adjusted),VELSIPITY,PRODUCT,N,2025-01-24,97.72604616141312
SI Market + Oral,TRx (Adjusted),VELSIPITY,PRODUCT,N,2025-01-31,152.27996829191505
SI Market + Oral,TRx (Adjusted),VELSIPITY,PRODUCT,N,2025-02-07,135.63895075815913
SI Market + Oral,TRx (Adjusted),VELSIPITY,PRODUCT,N,2025-02-14,143.5836159295777
SI Market + Oral,TRx (Adjusted),VELSIPITY,PRODUCT,N,2025-02-21,171.77112260942968
SI Market + Oral,TRx (Adjusted),VELSIPITY,PRODUCT,N,2025-02-28,151.1833685485889
SI Market + Oral,TRx (Adjusted),VELSIPITY,PRODUCT,N,2025-03-07,170.05588002704235
SI Market + Oral,TRx (Adjusted),VELSIPITY,PRODUCT,N,2025-03-14,138.79237389395263
SI Market + Oral,TRx (Adjusted),VELSIPITY,PRODUCT,N,2025-03-21,226.3401773543564
SI Market + Oral,TRx (Adjusted),VELSIPITY,PRODUCT,N,2025-03-28,206.8304794264893
SI Market + Oral,TRx (Adjusted),VELSIPITY,PRODUCT,N,2025-04-04,193.63278436679929
SI Market + Oral,TRx (Adjusted),VELSIPITY,PRODUCT,N,2025-04-11,190.6696911752153
SI Market + Oral,TRx (Adjusted),VELSIPITY,PRODUCT,N,2025-04-18,188.7750737712588
SI Market + Oral,TRx (Adjusted),VELSIPITY,PRODUCT,N,2025-04-25,168.37791476360957
SI Market + Oral,TRx (Adjusted),VELSIPITY,PRODUCT,N,2025-05-02,176.7426493937389
SI Market + Oral,TRx (Adjusted),VELSIPITY,PRODUCT,N,2025-05-09,233.90490368485217
SI Market + Oral,TRx (Adjusted),VELSIPITY,PRODUCT,N,2025-05-16,237.2183400548664
SI Market + Oral,TRx (Adjusted),VELSIPITY,PRODUCT,N,2025-05-23,257.32793901218696
SI Market + Oral,TRx (Adjusted),VELSIPITY,PRODUCT,N,2025-05-30,219.5058330262255
SI Market + Oral,TRx (Adjusted),VELSIPITY,PRODUCT,N,2025-06-06,355.88841183371954
SI Market + Oral,TRx (Adjusted),VELSIPITY,PRODUCT,N,2025-06-13,176.2246083608621
SI Market + Oral,TRx (Adjusted),VELSIPITY,PRODUCT,N,2025-06-20,200.0564969450175
SI Market + Oral,TRx (Adjusted),VELSIPITY,PRODUCT,N,2025-06-27,197.956521531809
SI Market + Oral,TRx (Adjusted),VELSIPITY,PRODUCT,N,2025-07-04,185.4885610552405
SI Market + Oral,TRx (Adjusted),VELSIPITY,PRODUCT,N,2025-07-11,295.5539626012534
SI Market + Oral,TRx (Adjusted),VELSIPITY,PRODUCT,N,2025-07-18,189.1924057882404
SI Market + Oral,TRx (Adjusted),VELSIPITY,PRODUCT,N,2025-07-25,257.3541448431603
SI Market + Oral,TRx (Adjusted),VELSIPITY,PRODUCT,N,2025-08-01,342.4977853230632
SI Market + Oral,TRx (Adjusted),VELSIPITY,PRODUCT,N,2025-08-08,219.54277122263892
SI Market + Oral,TRx (Adjusted),VELSIPITY,PRODUCT,N,2025-08-15,255.1321700281692
SI Market + Oral,TRx (Adjusted),VELSIPITY,PRODUCT,N,2025-08-22,224.472480139502
SI Market + Oral,TRx (Adjusted),VELSIPITY,PRODUCT,N,2025-08-29,226.118630778664
SI Market + Oral,TRx (Adjusted),VELSIPITY,PRODUCT,N,2025-09-05,301.8357992158936
SI Market + Oral,TRx (Adjusted),VELSIPITY,PRODUCT,N,2025-09-12,217.1241239334101
SI Market + Oral,TRx (Adjusted),VELSIPITY,PRODUCT,N,2025-09-19,284.9228407637504
SI Market + Oral,TRx (Adjusted),VELSIPITY,PRODUCT,N,2025-09-26,226.97996891770447
SI Market + Oral,TRx (Adjusted),VELSIPITY,PRODUCT,N,2025-10-03,236.60775508989732
SI Market + Oral,TRx (Adjusted),VELSIPITY,PRODUCT,N,2025-10-10,308.28897493502654
SI Market + Oral,TRx (Adjusted),VELSIPITY,PRODUCT,N,2025-10-17,216.13578125506388
SI Market + Oral,TRx (Adjusted),VELSIPITY,PRODUCT,N,2025-10-24,239.30202304885725
SI Market + Oral,TRx (Adjusted),VELSIPITY,PRODUCT,N,2025-10-31,278.10385249528946
SI Market + Oral,TRx (Adjusted),VELSIPITY,PRODUCT,N,2025-11-07,288.6717235234425
SI Market + Oral,TRx (Adjusted),VELSIPITY,PRODUCT,N,2025-11-14,345.28457824731447
SI Market + Oral,TRx (Adjusted),VELSIPITY,PRODUCT,N,2025-11-21,308.1898534167682
SI Market + Oral,TRx (Adjusted),VELSIPITY,PRODUCT,N,2025-11-28,281.25127130120904
SI Market + Oral,TRx (Adjusted),VELSIPITY,PRODUCT,N,2025-12-05,247.8296515198541
SI Market + Oral,TRx (Adjusted),VELSIPITY,PRODUCT,N,2025-12-12,301.76166710123573
SI Market + Oral,TRx (Adjusted),VELSIPITY,PRODUCT,N,2025-12-19,271.0041648274584
SI Market + Oral,TRx (Adjusted),VELSIPITY,PRODUCT,N,2025-12-26,265.59581466175035
SI Market + Oral,TRx (Adjusted),VELSIPITY,PRODUCT,N,2026-01-02,330.68002225306134
SI Market + Oral,TRx (Adjusted),VELSIPITY,PRODUCT,N,2026-01-09,332.3492346124301
SI Market + Oral,TRx (Adjusted),VELSIPITY,PRODUCT,N,2026-01-16,310.7717308236785
SI Market + Oral,TRx (Adjusted),VELSIPITY,PRODUCT,N,2026-01-23,288.70341080461066
SI Market + Oral,TRx (Adjusted),VELSIPITY,PRODUCT,N,2026-01-30,254.3608676742915
SI Market + Oral,TRx (Adjusted),VELSIPITY,PRODUCT,N,2026-02-06,272.7999422945861
SI Market + Oral,TRx (Adjusted),VELSIPITY,PRODUCT,N,2026-02-13,256.97244221282523
SI Market + Oral,TRx (Adjusted),VELSIPITY,PRODUCT,N,2026-02-20,319.1530808250293
SI Market + Oral,TRx (Adjusted),VELSIPITY,PRODUCT,N,2026-02-27,373.6918682484027
SI Market + Oral,TRx (Adjusted),VELSIPITY,PRODUCT,N,2026-03-06,261.41954656651006
SI Market + Oral,TRx (Adjusted),VELSIPITY,PRODUCT,N,2026-03-13,276.40908158178127
SI Market + Oral,TRx (Adjusted),VELSIPITY,PRODUCT,N,2026-03-20,294.0100930058503
SI Market + Oral,TRx (Adjusted),VELSIPITY,PRODUCT,N,2026-03-27,261.3595290062552
SI Market + Oral,TRx (Adjusted),VELSIPITY,PRODUCT,N,2026-04-03,339.68664092978105
SI Market + Oral,TRx (Adjusted),VELSIPITY,PRODUCT,N,2026-04-10,340.1553721894047
SI Market + Oral,TRx (Adjusted),VELSIPITY,PRODUCT,N,2026-04-17,223.3715764672988
SI Market + Oral,TRx (Adjusted),VELSIPITY,PRODUCT,N,2026-04-24,416.4817454617833
SI Market + Oral,TRx (Adjusted),VELSIPITY,PRODUCT,N,2026-05-01,322.1161047957676
SI Market + Oral,TRx (Adjusted),VELSIPITY,PRODUCT,N,2026-05-08,290.9017867558337
SI Market + Oral,TRx (Adjusted),XELJANZ,PRODUCT,N,2024-05-03,1030.340624912148
SI Market + Oral,TRx (Adjusted),XELJANZ,PRODUCT,N,2024-05-10,1353.991252100319
SI Market + Oral,TRx (Adjusted),XELJANZ,PRODUCT,N,2024-05-17,1587.1278771735274
SI Market + Oral,TRx (Adjusted),XELJANZ,PRODUCT,N,2024-05-24,1323.4044468291088
SI Market + Oral,TRx (Adjusted),XELJANZ,PRODUCT,N,2024-05-31,1482.0672733245106
SI Market + Oral,TRx (Adjusted),XELJANZ,PRODUCT,N,2024-06-07,1661.3318756915826
SI Market + Oral,TRx (Adjusted),XELJANZ,PRODUCT,N,2024-06-14,1039.4629414813348
SI Market + Oral,TRx (Adjusted),XELJANZ,PRODUCT,N,2024-06-21,1573.456879794481
SI Market + Oral,TRx (Adjusted),XELJANZ,PRODUCT,N,2024-06-28,1078.1235693744802
SI Market + Oral,TRx (Adjusted),XELJANZ,PRODUCT,N,2024-07-05,1351.6097418072395
SI Market + Oral,TRx (Adjusted),XELJANZ,PRODUCT,N,2024-07-12,1321.813072685101
SI Market + Oral,TRx (Adjusted),XELJANZ,PRODUCT,N,2024-07-19,1228.5900438260871
SI Market + Oral,TRx (Adjusted),XELJANZ,PRODUCT,N,2024-07-26,1318.2458404340846
SI Market + Oral,TRx (Adjusted),XELJANZ,PRODUCT,N,2024-08-02,1101.8013586564632
SI Market + Oral,TRx (Adjusted),XELJANZ,PRODUCT,N,2024-08-09,1027.3229612426558
SI Market + Oral,TRx (Adjusted),XELJANZ,PRODUCT,N,2024-08-16,1417.6147508522386
SI Market + Oral,TRx (Adjusted),XELJANZ,PRODUCT,N,2024-08-23,1169.420121028963
SI Market + Oral,TRx (Adjusted),XELJANZ,PRODUCT,N,2024-08-30,968.621064791609
SI Market + Oral,TRx (Adjusted),XELJANZ,PRODUCT,N,2024-09-06,1226.0057857962877
SI Market + Oral,TRx (Adjusted),XELJANZ,PRODUCT,N,2024-09-13,1077.611716261977
SI Market + Oral,TRx (Adjusted),XELJANZ,PRODUCT,N,2024-09-20,1105.823620507389
SI Market + Oral,TRx (Adjusted),XELJANZ,PRODUCT,N,2024-09-27,1128.7289909875606
SI Market + Oral,TRx (Adjusted),XELJANZ,PRODUCT,N,2024-10-04,1078.071615974745
SI Market + Oral,TRx (Adjusted),XELJANZ,PRODUCT,N,2024-10-11,1525.9699843561543
SI Market + Oral,TRx (Adjusted),XELJANZ,PRODUCT,N,2024-10-18,1039.218549089249
SI Market + Oral,TRx (Adjusted),XELJANZ,PRODUCT,N,2024-10-25,1339.728689933051
SI Market + Oral,TRx (Adjusted),XELJANZ,PRODUCT,N,2024-11-01,1046.9063803447016
SI Market + Oral,TRx (Adjusted),XELJANZ,PRODUCT,N,2024-11-08,1257.1240090468775
SI Market + Oral,TRx (Adjusted),XELJANZ,PRODUCT,N,2024-11-15,1522.609493783337
SI Market + Oral,TRx (Adjusted),XELJANZ,PRODUCT,N,2024-11-22,1263.103878813354
SI Market + Oral,TRx (Adjusted),XELJANZ,PRODUCT,N,2024-11-29,1054.0042815576176
SI Market + Oral,TRx (Adjusted),XELJANZ,PRODUCT,N,2024-12-06,1588.5380711167147
SI Market + Oral,TRx (Adjusted),XELJANZ,PRODUCT,N,2024-12-13,1548.8071237852153
SI Market + Oral,TRx (Adjusted),XELJANZ,PRODUCT,N,2024-12-20,1582.7819232007112
SI Market + Oral,TRx (Adjusted),XELJANZ,PRODUCT,N,2024-12-27,883.9685808870914
SI Market + Oral,TRx (Adjusted),XELJANZ,PRODUCT,N,2025-01-03,905.617053577527
SI Market + Oral,TRx (Adjusted),XELJANZ,PRODUCT,N,2025-01-10,1337.32121594293
SI Market + Oral,TRx (Adjusted),XELJANZ,PRODUCT,N,2025-01-17,1387.1296252956554
SI Market + Oral,TRx (Adjusted),XELJANZ,PRODUCT,N,2025-01-24,954.6800479335471
SI Market + Oral,TRx (Adjusted),XELJANZ,PRODUCT,N,2025-01-31,1188.3836926008305
SI Market + Oral,TRx (Adjusted),XELJANZ,PRODUCT,N,2025-02-07,1299.3011187990762
SI Market + Oral,TRx (Adjusted),XELJANZ,PRODUCT,N,2025-02-14,1012.0245058834556
SI Market + Oral,TRx (Adjusted),XELJANZ,PRODUCT,N,2025-02-21,1409.854041956517
SI Market + Oral,TRx (Adjusted),XELJANZ,PRODUCT,N,2025-02-28,1204.1109199699963
SI Market + Oral,TRx (Adjusted),XELJANZ,PRODUCT,N,2025-03-07,1217.7107860266565
SI Market + Oral,TRx (Adjusted),XELJANZ,PRODUCT,N,2025-03-14,1466.6737322687054
SI Market + Oral,TRx (Adjusted),XELJANZ,PRODUCT,N,2025-03-21,1045.422848409857
SI Market + Oral,TRx (Adjusted),XELJANZ,PRODUCT,N,2025-03-28,1382.927326703837
SI Market + Oral,TRx (Adjusted),XELJANZ,PRODUCT,N,2025-04-04,1236.8485897818136
SI Market + Oral,TRx (Adjusted),XELJANZ,PRODUCT,N,2025-04-11,1339.8149924732236
SI Market + Oral,TRx (Adjusted),XELJANZ,PRODUCT,N,2025-04-18,1170.8781123551505
SI Market + Oral,TRx (Adjusted),XELJANZ,PRODUCT,N,2025-04-25,1348.888185297994
SI Market + Oral,TRx (Adjusted),XELJANZ,PRODUCT,N,2025-05-02,1007.3997221419952
SI Market + Oral,TRx (Adjusted),XELJANZ,PRODUCT,N,2025-05-09,1279.2817209230377
SI Market + Oral,TRx (Adjusted),XELJANZ,PRODUCT,N,2025-05-16,961.0307507865584
SI Market + Oral,TRx (Adjusted),XELJANZ,PRODUCT,N,2025-05-23,1022.8737915130891
SI Market + Oral,TRx (Adjusted),XELJANZ,PRODUCT,N,2025-05-30,1029.9045913791786
SI Market + Oral,TRx (Adjusted),XELJANZ,PRODUCT,N,2025-06-06,1350.8573179906623
SI Market + Oral,TRx (Adjusted),XELJANZ,PRODUCT,N,2025-06-13,1333.63156721213
SI Market + Oral,TRx (Adjusted),XELJANZ,PRODUCT,N,2025-06-20,1000.8389102392998
SI Market + Oral,TRx (Adjusted),XELJANZ,PRODUCT,N,2025-06-27,940.7815145992388
SI Market + Oral,TRx (Adjusted),XELJANZ,PRODUCT,N,2025-07-04,981.8042972582366
SI Market + Oral,TRx (Adjusted),XELJANZ,PRODUCT,N,2025-07-11,1434.6626359023908
SI Market + Oral,TRx (Adjusted),XELJANZ,PRODUCT,N,2025-07-18,1010.4038981147024
SI Market + Oral,TRx (Adjusted),XELJANZ,PRODUCT,N,2025-07-25,1016.9350213386248
SI Market + Oral,TRx (Adjusted),XELJANZ,PRODUCT,N,2025-08-01,1334.6343131581964
SI Market + Oral,TRx (Adjusted),XELJANZ,PRODUCT,N,2025-08-08,1408.5124606467214
SI Market + Oral,TRx (Adjusted),XELJANZ,PRODUCT,N,2025-08-15,1026.6659365951966
SI Market + Oral,TRx (Adjusted),XELJANZ,PRODUCT,N,2025-08-22,1034.290974917788
SI Market + Oral,TRx (Adjusted),XELJANZ,PRODUCT,N,2025-08-29,1305.22259332306
SI Market + Oral,TRx (Adjusted),XELJANZ,PRODUCT,N,2025-09-05,901.2124339865248
SI Market + Oral,TRx (Adjusted),XELJANZ,PRODUCT,N,2025-09-12,1034.1649015787048
SI Market + Oral,TRx (Adjusted),XELJANZ,PRODUCT,N,2025-09-19,1149.1297740444202
SI Market + Oral,TRx (Adjusted),XELJANZ,PRODUCT,N,2025-09-26,1461.331609792594
SI Market + Oral,TRx (Adjusted),XELJANZ,PRODUCT,N,2025-10-03,1066.96718510828
SI Market + Oral,TRx (Adjusted),XELJANZ,PRODUCT,N,2025-10-10,1139.472120006253
SI Market + Oral,TRx (Adjusted),XELJANZ,PRODUCT,N,2025-10-17,1075.903416936928
SI Market + Oral,TRx (Adjusted),XELJANZ,PRODUCT,N,2025-10-24,1014.5265438540112
SI Market + Oral,TRx (Adjusted),XELJANZ,PRODUCT,N,2025-10-31,1051.046085842526
SI Market + Oral,TRx (Adjusted),XELJANZ,PRODUCT,N,2025-11-07,1000.656052194353
SI Market + Oral,TRx (Adjusted),XELJANZ,PRODUCT,N,2025-11-14,900.8619064998946
SI Market + Oral,TRx (Adjusted),XELJANZ,PRODUCT,N,2025-11-21,1107.088891746295
SI Market + Oral,TRx (Adjusted),XELJANZ,PRODUCT,N,2025-11-28,933.9833340048812
SI Market + Oral,TRx (Adjusted),XELJANZ,PRODUCT,N,2025-12-05,1496.8112365193415
SI Market + Oral,TRx (Adjusted),XELJANZ,PRODUCT,N,2025-12-12,1248.689422608691
SI Market + Oral,TRx (Adjusted),XELJANZ,PRODUCT,N,2025-12-19,901.7799600269724
SI Market + Oral,TRx (Adjusted),XELJANZ,PRODUCT,N,2025-12-26,838.6904106981874
SI Market + Oral,TRx (Adjusted),XELJANZ,PRODUCT,N,2026-01-02,941.063018456206
SI Market + Oral,TRx (Adjusted),XELJANZ,PRODUCT,N,2026-01-09,1379.9206354895225
SI Market + Oral,TRx (Adjusted),XELJANZ,PRODUCT,N,2026-01-16,1170.1983859492375
SI Market + Oral,TRx (Adjusted),XELJANZ,PRODUCT,N,2026-01-23,912.5689942273932
SI Market + Oral,TRx (Adjusted),XELJANZ,PRODUCT,N,2026-01-30,877.6421178104682
SI Market + Oral,TRx (Adjusted),XELJANZ,PRODUCT,N,2026-02-06,1117.2263888953453
SI Market + Oral,TRx (Adjusted),XELJANZ,PRODUCT,N,2026-02-13,970.1609421677564
SI Market + Oral,TRx (Adjusted),XELJANZ,PRODUCT,N,2026-02-20,1319.915549495127
SI Market + Oral,TRx (Adjusted),XELJANZ,PRODUCT,N,2026-02-27,1269.1563575472196
SI Market + Oral,TRx (Adjusted),XELJANZ,PRODUCT,N,2026-03-06,871.7952420966857
SI Market + Oral,TRx (Adjusted),XELJANZ,PRODUCT,N,2026-03-13,970.542902204372
SI Market + Oral,TRx (Adjusted),XELJANZ,PRODUCT,N,2026-03-20,1262.0628747111932
SI Market + Oral,TRx (Adjusted),XELJANZ,PRODUCT,N,2026-03-27,954.5663346238388
SI Market + Oral,TRx (Adjusted),XELJANZ,PRODUCT,N,2026-04-03,1041.357380597653
SI Market + Oral,TRx (Adjusted),XELJANZ,PRODUCT,N,2026-04-10,1023.1553999468168
SI Market + Oral,TRx (Adjusted),XELJANZ,PRODUCT,N,2026-04-17,810.403233567442
SI Market + Oral,TRx (Adjusted),XELJANZ,PRODUCT,N,2026-04-24,1081.6220876951495
SI Market + Oral,TRx (Adjusted),XELJANZ,PRODUCT,N,2026-05-01,1089.540661329306
SI Market + Oral,TRx (Adjusted),XELJANZ,PRODUCT,N,2026-05-08,1033.6391878610318
SI Market + Oral,TRx (Adjusted),ZEPOSIA,PRODUCT,N,2024-05-03,480.9197008018415
SI Market + Oral,TRx (Adjusted),ZEPOSIA,PRODUCT,N,2024-05-10,486.9526839265313
SI Market + Oral,TRx (Adjusted),ZEPOSIA,PRODUCT,N,2024-05-17,452.3089696656817
SI Market + Oral,TRx (Adjusted),ZEPOSIA,PRODUCT,N,2024-05-24,626.8234565416354
SI Market + Oral,TRx (Adjusted),ZEPOSIA,PRODUCT,N,2024-05-31,442.9323015243215
SI Market + Oral,TRx (Adjusted),ZEPOSIA,PRODUCT,N,2024-06-07,631.9909096383748
SI Market + Oral,TRx (Adjusted),ZEPOSIA,PRODUCT,N,2024-06-14,382.7371301991049
SI Market + Oral,TRx (Adjusted),ZEPOSIA,PRODUCT,N,2024-06-21,500.314906717046
SI Market + Oral,TRx (Adjusted),ZEPOSIA,PRODUCT,N,2024-06-28,541.4564049358928
SI Market + Oral,TRx (Adjusted),ZEPOSIA,PRODUCT,N,2024-07-05,455.6794505909678
SI Market + Oral,TRx (Adjusted),ZEPOSIA,PRODUCT,N,2024-07-12,421.6594352621295
SI Market + Oral,TRx (Adjusted),ZEPOSIA,PRODUCT,N,2024-07-19,408.4666119807687
SI Market + Oral,TRx (Adjusted),ZEPOSIA,PRODUCT,N,2024-07-26,532.7951458156319
SI Market + Oral,TRx (Adjusted),ZEPOSIA,PRODUCT,N,2024-08-02,520.3059137449984
SI Market + Oral,TRx (Adjusted),ZEPOSIA,PRODUCT,N,2024-08-09,489.3307830555449
SI Market + Oral,TRx (Adjusted),ZEPOSIA,PRODUCT,N,2024-08-16,502.5897929702583
SI Market + Oral,TRx (Adjusted),ZEPOSIA,PRODUCT,N,2024-08-23,500.7094394791344
SI Market + Oral,TRx (Adjusted),ZEPOSIA,PRODUCT,N,2024-08-30,558.1377947279296
SI Market + Oral,TRx (Adjusted),ZEPOSIA,PRODUCT,N,2024-09-06,381.2067441464706
SI Market + Oral,TRx (Adjusted),ZEPOSIA,PRODUCT,N,2024-09-13,531.3831148402153
SI Market + Oral,TRx (Adjusted),ZEPOSIA,PRODUCT,N,2024-09-20,632.1085202714306
SI Market + Oral,TRx (Adjusted),ZEPOSIA,PRODUCT,N,2024-09-27,606.9966650897088
SI Market + Oral,TRx (Adjusted),ZEPOSIA,PRODUCT,N,2024-10-04,414.2678113604376
SI Market + Oral,TRx (Adjusted),ZEPOSIA,PRODUCT,N,2024-10-11,486.2214363783228
SI Market + Oral,TRx (Adjusted),ZEPOSIA,PRODUCT,N,2024-10-18,459.7141080873283
SI Market + Oral,TRx (Adjusted),ZEPOSIA,PRODUCT,N,2024-10-25,564.5957900218627
SI Market + Oral,TRx (Adjusted),ZEPOSIA,PRODUCT,N,2024-11-01,458.7866613142232
SI Market + Oral,TRx (Adjusted),ZEPOSIA,PRODUCT,N,2024-11-08,453.9364509939147
SI Market + Oral,TRx (Adjusted),ZEPOSIA,PRODUCT,N,2024-11-15,539.5515576035732
SI Market + Oral,TRx (Adjusted),ZEPOSIA,PRODUCT,N,2024-11-22,665.6285013572863
SI Market + Oral,TRx (Adjusted),ZEPOSIA,PRODUCT,N,2024-11-29,394.85782070004353
SI Market + Oral,TRx (Adjusted),ZEPOSIA,PRODUCT,N,2024-12-06,633.3766662729222
SI Market + Oral,TRx (Adjusted),ZEPOSIA,PRODUCT,N,2024-12-13,423.69982624265873
SI Market + Oral,TRx (Adjusted),ZEPOSIA,PRODUCT,N,2024-12-20,571.0442618441834
SI Market + Oral,TRx (Adjusted),ZEPOSIA,PRODUCT,N,2024-12-27,384.8852933494558
SI Market + Oral,TRx (Adjusted),ZEPOSIA,PRODUCT,N,2025-01-03,518.2339709926389
SI Market + Oral,TRx (Adjusted),ZEPOSIA,PRODUCT,N,2025-01-10,626.6337133561251
SI Market + Oral,TRx (Adjusted),ZEPOSIA,PRODUCT,N,2025-01-17,365.8117377680674
SI Market + Oral,TRx (Adjusted),ZEPOSIA,PRODUCT,N,2025-01-24,581.2366766472635
SI Market + Oral,TRx (Adjusted),ZEPOSIA,PRODUCT,N,2025-01-31,546.3261261662955
SI Market + Oral,TRx (Adjusted),ZEPOSIA,PRODUCT,N,2025-02-07,433.7360151517963
SI Market + Oral,TRx (Adjusted),ZEPOSIA,PRODUCT,N,2025-02-14,446.5649950441718
SI Market + Oral,TRx (Adjusted),ZEPOSIA,PRODUCT,N,2025-02-21,440.8525249977335
SI Market + Oral,TRx (Adjusted),ZEPOSIA,PRODUCT,N,2025-02-28,391.55984188015736
SI Market + Oral,TRx (Adjusted),ZEPOSIA,PRODUCT,N,2025-03-07,490.56515011035486
SI Market + Oral,TRx (Adjusted),ZEPOSIA,PRODUCT,N,2025-03-14,604.2863564262566
SI Market + Oral,TRx (Adjusted),ZEPOSIA,PRODUCT,N,2025-03-21,456.4538093675923
SI Market + Oral,TRx (Adjusted),ZEPOSIA,PRODUCT,N,2025-03-28,343.72020616840103
SI Market + Oral,TRx (Adjusted),ZEPOSIA,PRODUCT,N,2025-04-04,492.0972805712698
SI Market + Oral,TRx (Adjusted),ZEPOSIA,PRODUCT,N,2025-04-11,452.1568800729149
SI Market + Oral,TRx (Adjusted),ZEPOSIA,PRODUCT,N,2025-04-18,493.9798091221559
SI Market + Oral,TRx (Adjusted),ZEPOSIA,PRODUCT,N,2025-04-25,456.83244863361966
SI Market + Oral,TRx (Adjusted),ZEPOSIA,PRODUCT,N,2025-05-02,459.6960996805364
SI Market + Oral,TRx (Adjusted),ZEPOSIA,PRODUCT,N,2025-05-09,570.8569020712406
SI Market + Oral,TRx (Adjusted),ZEPOSIA,PRODUCT,N,2025-05-16,457.8692541599949
SI Market + Oral,TRx (Adjusted),ZEPOSIA,PRODUCT,N,2025-05-23,600.2846956643779
SI Market + Oral,TRx (Adjusted),ZEPOSIA,PRODUCT,N,2025-05-30,440.6193611942629
SI Market + Oral,TRx (Adjusted),ZEPOSIA,PRODUCT,N,2025-06-06,572.8153091262428
SI Market + Oral,TRx (Adjusted),ZEPOSIA,PRODUCT,N,2025-06-13,390.7534689841876
SI Market + Oral,TRx (Adjusted),ZEPOSIA,PRODUCT,N,2025-06-20,427.184075487792
SI Market + Oral,TRx (Adjusted),ZEPOSIA,PRODUCT,N,2025-06-27,436.3623260131669
SI Market + Oral,TRx (Adjusted),ZEPOSIA,PRODUCT,N,2025-07-04,544.4725460292502
SI Market + Oral,TRx (Adjusted),ZEPOSIA,PRODUCT,N,2025-07-11,342.3586778258868
SI Market + Oral,TRx (Adjusted),ZEPOSIA,PRODUCT,N,2025-07-18,466.9121365912464
SI Market + Oral,TRx (Adjusted),ZEPOSIA,PRODUCT,N,2025-07-25,563.3350296900811
SI Market + Oral,TRx (Adjusted),ZEPOSIA,PRODUCT,N,2025-08-01,371.0460382404279
SI Market + Oral,TRx (Adjusted),ZEPOSIA,PRODUCT,N,2025-08-08,408.5700742831805
SI Market + Oral,TRx (Adjusted),ZEPOSIA,PRODUCT,N,2025-08-15,401.816425647208
SI Market + Oral,TRx (Adjusted),ZEPOSIA,PRODUCT,N,2025-08-22,563.0483391783639
SI Market + Oral,TRx (Adjusted),ZEPOSIA,PRODUCT,N,2025-08-29,453.56870126547136
SI Market + Oral,TRx (Adjusted),ZEPOSIA,PRODUCT,N,2025-09-05,478.24525255183
SI Market + Oral,TRx (Adjusted),ZEPOSIA,PRODUCT,N,2025-09-12,557.7416222537572
SI Market + Oral,TRx (Adjusted),ZEPOSIA,PRODUCT,N,2025-09-19,478.6247621389836
SI Market + Oral,TRx (Adjusted),ZEPOSIA,PRODUCT,N,2025-09-26,479.3202575406192
SI Market + Oral,TRx (Adjusted),ZEPOSIA,PRODUCT,N,2025-10-03,462.774833884902
SI Market + Oral,TRx (Adjusted),ZEPOSIA,PRODUCT,N,2025-10-10,444.2377021641432
SI Market + Oral,TRx (Adjusted),ZEPOSIA,PRODUCT,N,2025-10-17,322.7424865885056
SI Market + Oral,TRx (Adjusted),ZEPOSIA,PRODUCT,N,2025-10-24,397.15613602593737
SI Market + Oral,TRx (Adjusted),ZEPOSIA,PRODUCT,N,2025-10-31,424.5230379276517
SI Market + Oral,TRx (Adjusted),ZEPOSIA,PRODUCT,N,2025-11-07,486.397186671144
SI Market + Oral,TRx (Adjusted),ZEPOSIA,PRODUCT,N,2025-11-14,359.70736250469446
SI Market + Oral,TRx (Adjusted),ZEPOSIA,PRODUCT,N,2025-11-21,299.1494691004102
SI Market + Oral,TRx (Adjusted),ZEPOSIA,PRODUCT,N,2025-11-28,453.7445833215341
SI Market + Oral,TRx (Adjusted),ZEPOSIA,PRODUCT,N,2025-12-05,469.8434346108807
SI Market + Oral,TRx (Adjusted),ZEPOSIA,PRODUCT,N,2025-12-12,487.70765620878655
SI Market + Oral,TRx (Adjusted),ZEPOSIA,PRODUCT,N,2025-12-19,473.4674841865651
SI Market + Oral,TRx (Adjusted),ZEPOSIA,PRODUCT,N,2025-12-26,363.0272582917315
SI Market + Oral,TRx (Adjusted),ZEPOSIA,PRODUCT,N,2026-01-02,233.5852274343992
SI Market + Oral,TRx (Adjusted),ZEPOSIA,PRODUCT,N,2026-01-09,589.2967265907428
SI Market + Oral,TRx (Adjusted),ZEPOSIA,PRODUCT,N,2026-01-16,420.4495256983446
SI Market + Oral,TRx (Adjusted),ZEPOSIA,PRODUCT,N,2026-01-23,283.94390658857765
SI Market + Oral,TRx (Adjusted),ZEPOSIA,PRODUCT,N,2026-01-30,410.9926526744528
SI Market + Oral,TRx (Adjusted),ZEPOSIA,PRODUCT,N,2026-02-06,418.358579921083
SI Market + Oral,TRx (Adjusted),ZEPOSIA,PRODUCT,N,2026-02-13,458.5815758025173
SI Market + Oral,TRx (Adjusted),ZEPOSIA,PRODUCT,N,2026-02-20,437.4681288645644
SI Market + Oral,TRx (Adjusted),ZEPOSIA,PRODUCT,N,2026-02-27,376.80809953127
SI Market + Oral,TRx (Adjusted),ZEPOSIA,PRODUCT,N,2026-03-06,355.36563907580734
SI Market + Oral,TRx (Adjusted),ZEPOSIA,PRODUCT,N,2026-03-13,453.26851492033256
SI Market + Oral,TRx (Adjusted),ZEPOSIA,PRODUCT,N,2026-03-20,293.44079545384324
SI Market + Oral,TRx (Adjusted),ZEPOSIA,PRODUCT,N,2026-03-27,339.2432075244604
SI Market + Oral,TRx (Adjusted),ZEPOSIA,PRODUCT,N,2026-04-03,400.1402525356716
SI Market + Oral,TRx (Adjusted),ZEPOSIA,PRODUCT,N,2026-04-10,318.5867131984533
SI Market + Oral,TRx (Adjusted),ZEPOSIA,PRODUCT,N,2026-04-17,312.79337356037314
SI Market + Oral,TRx (Adjusted),ZEPOSIA,PRODUCT,N,2026-04-24,394.6014142976704
SI Market + Oral,TRx (Adjusted),ZEPOSIA,PRODUCT,N,2026-05-01,331.24294614528344
SI Market + Oral,TRx (Adjusted),ZEPOSIA,PRODUCT,N,2026-05-08,367.4618814908895
SI Market + Oral,TRx (Adjusted),ZYMFENTRA,PRODUCT,N,2024-05-03,14.90148154332902
SI Market + Oral,TRx (Adjusted),ZYMFENTRA,PRODUCT,N,2024-05-10,17.619247555969906
SI Market + Oral,TRx (Adjusted),ZYMFENTRA,PRODUCT,N,2024-05-17,23.70448565256657
SI Market + Oral,TRx (Adjusted),ZYMFENTRA,PRODUCT,N,2024-05-24,21.428262114370582
SI Market + Oral,TRx (Adjusted),ZYMFENTRA,PRODUCT,N,2024-05-31,24.74080988278036
SI Market + Oral,TRx (Adjusted),ZYMFENTRA,PRODUCT,N,2024-06-07,34.382963185443764
SI Market + Oral,TRx (Adjusted),ZYMFENTRA,PRODUCT,N,2024-06-14,34.52986374389168
SI Market + Oral,TRx (Adjusted),ZYMFENTRA,PRODUCT,N,2024-06-21,58.30955823928242
SI Market + Oral,TRx (Adjusted),ZYMFENTRA,PRODUCT,N,2024-06-28,55.277351475016765
SI Market + Oral,TRx (Adjusted),ZYMFENTRA,PRODUCT,N,2024-07-05,39.53810211991934
SI Market + Oral,TRx (Adjusted),ZYMFENTRA,PRODUCT,N,2024-07-12,60.443661383377695
SI Market + Oral,TRx (Adjusted),ZYMFENTRA,PRODUCT,N,2024-07-19,56.8607691117568
SI Market + Oral,TRx (Adjusted),ZYMFENTRA,PRODUCT,N,2024-07-26,74.07289380912063
SI Market + Oral,TRx (Adjusted),ZYMFENTRA,PRODUCT,N,2024-08-02,61.26859345658988
SI Market + Oral,TRx (Adjusted),ZYMFENTRA,PRODUCT,N,2024-08-09,96.30514194833388
SI Market + Oral,TRx (Adjusted),ZYMFENTRA,PRODUCT,N,2024-08-16,118.70662521047942
SI Market + Oral,TRx (Adjusted),ZYMFENTRA,PRODUCT,N,2024-08-23,117.10859997144703
SI Market + Oral,TRx (Adjusted),ZYMFENTRA,PRODUCT,N,2024-08-30,142.29605952245578
SI Market + Oral,TRx (Adjusted),ZYMFENTRA,PRODUCT,N,2024-09-06,113.9892790943402
SI Market + Oral,TRx (Adjusted),ZYMFENTRA,PRODUCT,N,2024-09-13,133.09863531505002
SI Market + Oral,TRx (Adjusted),ZYMFENTRA,PRODUCT,N,2024-09-20,117.86932846599862
SI Market + Oral,TRx (Adjusted),ZYMFENTRA,PRODUCT,N,2024-09-27,142.09220126252004
SI Market + Oral,TRx (Adjusted),ZYMFENTRA,PRODUCT,N,2024-10-04,183.28101119406028
SI Market + Oral,TRx (Adjusted),ZYMFENTRA,PRODUCT,N,2024-10-11,122.0292871426738
SI Market + Oral,TRx (Adjusted),ZYMFENTRA,PRODUCT,N,2024-10-18,116.90385316953486
SI Market + Oral,TRx (Adjusted),ZYMFENTRA,PRODUCT,N,2024-10-25,153.5202254495331
SI Market + Oral,TRx (Adjusted),ZYMFENTRA,PRODUCT,N,2024-11-01,181.80053223044573
SI Market + Oral,TRx (Adjusted),ZYMFENTRA,PRODUCT,N,2024-11-08,159.5667303089986
SI Market + Oral,TRx (Adjusted),ZYMFENTRA,PRODUCT,N,2024-11-15,226.9989192652944
SI Market + Oral,TRx (Adjusted),ZYMFENTRA,PRODUCT,N,2024-11-22,158.5719453732101
SI Market + Oral,TRx (Adjusted),ZYMFENTRA,PRODUCT,N,2024-11-29,129.92710484693336
SI Market + Oral,TRx (Adjusted),ZYMFENTRA,PRODUCT,N,2024-12-06,217.3359411302868
SI Market + Oral,TRx (Adjusted),ZYMFENTRA,PRODUCT,N,2024-12-13,184.0179203298456
SI Market + Oral,TRx (Adjusted),ZYMFENTRA,PRODUCT,N,2024-12-20,160.68904556562558
SI Market + Oral,TRx (Adjusted),ZYMFENTRA,PRODUCT,N,2024-12-27,202.27309574410933
SI Market + Oral,TRx (Adjusted),ZYMFENTRA,PRODUCT,N,2025-01-03,218.3542905630606
SI Market + Oral,TRx (Adjusted),ZYMFENTRA,PRODUCT,N,2025-01-10,150.38898902723406
SI Market + Oral,TRx (Adjusted),ZYMFENTRA,PRODUCT,N,2025-01-17,172.9661175880172
SI Market + Oral,TRx (Adjusted),ZYMFENTRA,PRODUCT,N,2025-01-24,211.47868376942588
SI Market + Oral,TRx (Adjusted),ZYMFENTRA,PRODUCT,N,2025-01-31,233.66112174251808
SI Market + Oral,TRx (Adjusted),ZYMFENTRA,PRODUCT,N,2025-02-07,205.8319553353358
SI Market + Oral,TRx (Adjusted),ZYMFENTRA,PRODUCT,N,2025-02-14,274.2878560104545
SI Market + Oral,TRx (Adjusted),ZYMFENTRA,PRODUCT,N,2025-02-21,295.25548107389085
SI Market + Oral,TRx (Adjusted),ZYMFENTRA,PRODUCT,N,2025-02-28,351.7348427721224
SI Market + Oral,TRx (Adjusted),ZYMFENTRA,PRODUCT,N,2025-03-07,229.7229081733471
SI Market + Oral,TRx (Adjusted),ZYMFENTRA,PRODUCT,N,2025-03-14,363.3667725015844
SI Market + Oral,TRx (Adjusted),ZYMFENTRA,PRODUCT,N,2025-03-21,298.5903695779586
SI Market + Oral,TRx (Adjusted),ZYMFENTRA,PRODUCT,N,2025-03-28,314.9053832938768
SI Market + Oral,TRx (Adjusted),ZYMFENTRA,PRODUCT,N,2025-04-04,280.76702146094146
SI Market + Oral,TRx (Adjusted),ZYMFENTRA,PRODUCT,N,2025-04-11,331.5173794010587
SI Market + Oral,TRx (Adjusted),ZYMFENTRA,PRODUCT,N,2025-04-18,294.3358542910737
SI Market + Oral,TRx (Adjusted),ZYMFENTRA,PRODUCT,N,2025-04-25,467.1127503129673
SI Market + Oral,TRx (Adjusted),ZYMFENTRA,PRODUCT,N,2025-05-02,400.9109765920955
SI Market + Oral,TRx (Adjusted),ZYMFENTRA,PRODUCT,N,2025-05-09,279.9135360130373
SI Market + Oral,TRx (Adjusted),ZYMFENTRA,PRODUCT,N,2025-05-16,305.4349481132777
SI Market + Oral,TRx (Adjusted),ZYMFENTRA,PRODUCT,N,2025-05-23,387.79640624230825
SI Market + Oral,TRx (Adjusted),ZYMFENTRA,PRODUCT,N,2025-05-30,235.6759029787528
SI Market + Oral,TRx (Adjusted),ZYMFENTRA,PRODUCT,N,2025-06-06,396.83430104346496
SI Market + Oral,TRx (Adjusted),ZYMFENTRA,PRODUCT,N,2025-06-13,394.3172340033033
SI Market + Oral,TRx (Adjusted),ZYMFENTRA,PRODUCT,N,2025-06-20,456.9797400839343
SI Market + Oral,TRx (Adjusted),ZYMFENTRA,PRODUCT,N,2025-06-27,394.1804464950808
SI Market + Oral,TRx (Adjusted),ZYMFENTRA,PRODUCT,N,2025-07-04,335.5113763250056
SI Market + Oral,TRx (Adjusted),ZYMFENTRA,PRODUCT,N,2025-07-11,622.2882404770197
SI Market + Oral,TRx (Adjusted),ZYMFENTRA,PRODUCT,N,2025-07-18,488.55779910508784
SI Market + Oral,TRx (Adjusted),ZYMFENTRA,PRODUCT,N,2025-07-25,471.6761422568313
SI Market + Oral,TRx (Adjusted),ZYMFENTRA,PRODUCT,N,2025-08-01,468.7118899540428
SI Market + Oral,TRx (Adjusted),ZYMFENTRA,PRODUCT,N,2025-08-08,516.0377448585207
SI Market + Oral,TRx (Adjusted),ZYMFENTRA,PRODUCT,N,2025-08-15,517.7517831271114
SI Market + Oral,TRx (Adjusted),ZYMFENTRA,PRODUCT,N,2025-08-22,477.9200942195173
SI Market + Oral,TRx (Adjusted),ZYMFENTRA,PRODUCT,N,2025-08-29,409.4591876552222
SI Market + Oral,TRx (Adjusted),ZYMFENTRA,PRODUCT,N,2025-09-05,398.6073561786773
SI Market + Oral,TRx (Adjusted),ZYMFENTRA,PRODUCT,N,2025-09-12,536.7641487001433
SI Market + Oral,TRx (Adjusted),ZYMFENTRA,PRODUCT,N,2025-09-19,386.4482155516658
SI Market + Oral,TRx (Adjusted),ZYMFENTRA,PRODUCT,N,2025-09-26,432.3762233992572
SI Market + Oral,TRx (Adjusted),ZYMFENTRA,PRODUCT,N,2025-10-03,441.129527364652
SI Market + Oral,TRx (Adjusted),ZYMFENTRA,PRODUCT,N,2025-10-10,438.75222871802737
SI Market + Oral,TRx (Adjusted),ZYMFENTRA,PRODUCT,N,2025-10-17,612.0797565879732
SI Market + Oral,TRx (Adjusted),ZYMFENTRA,PRODUCT,N,2025-10-24,553.3022365242783
SI Market + Oral,TRx (Adjusted),ZYMFENTRA,PRODUCT,N,2025-10-31,513.9605842627503
SI Market + Oral,TRx (Adjusted),ZYMFENTRA,PRODUCT,N,2025-11-07,558.5513420334089
SI Market + Oral,TRx (Adjusted),ZYMFENTRA,PRODUCT,N,2025-11-14,525.154926186997
SI Market + Oral,TRx (Adjusted),ZYMFENTRA,PRODUCT,N,2025-11-21,413.49689567399565
SI Market + Oral,TRx (Adjusted),ZYMFENTRA,PRODUCT,N,2025-11-28,431.6626891345159
SI Market + Oral,TRx (Adjusted),ZYMFENTRA,PRODUCT,N,2025-12-05,473.7176783925162
SI Market + Oral,TRx (Adjusted),ZYMFENTRA,PRODUCT,N,2025-12-12,488.1718501041671
SI Market + Oral,TRx (Adjusted),ZYMFENTRA,PRODUCT,N,2025-12-19,646.4291379076468
SI Market + Oral,TRx (Adjusted),ZYMFENTRA,PRODUCT,N,2025-12-26,417.5342924681459
SI Market + Oral,TRx (Adjusted),ZYMFENTRA,PRODUCT,N,2026-01-02,458.1275548979857
SI Market + Oral,TRx (Adjusted),ZYMFENTRA,PRODUCT,N,2026-01-09,614.2353239594019
SI Market + Oral,TRx (Adjusted),ZYMFENTRA,PRODUCT,N,2026-01-16,636.690799024273
SI Market + Oral,TRx (Adjusted),ZYMFENTRA,PRODUCT,N,2026-01-23,380.90584730790135
SI Market + Oral,TRx (Adjusted),ZYMFENTRA,PRODUCT,N,2026-01-30,367.97276836519137
SI Market + Oral,TRx (Adjusted),ZYMFENTRA,PRODUCT,N,2026-02-06,687.5184135594583
SI Market + Oral,TRx (Adjusted),ZYMFENTRA,PRODUCT,N,2026-02-13,660.3331844265985
SI Market + Oral,TRx (Adjusted),ZYMFENTRA,PRODUCT,N,2026-02-20,457.1400948805785
SI Market + Oral,TRx (Adjusted),ZYMFENTRA,PRODUCT,N,2026-02-27,653.0892802405318
SI Market + Oral,TRx (Adjusted),ZYMFENTRA,PRODUCT,N,2026-03-06,710.1494297707989
SI Market + Oral,TRx (Adjusted),ZYMFENTRA,PRODUCT,N,2026-03-13,495.74951171082085
SI Market + Oral,TRx (Adjusted),ZYMFENTRA,PRODUCT,N,2026-03-20,708.0091570022346
SI Market + Oral,TRx (Adjusted),ZYMFENTRA,PRODUCT,N,2026-03-27,519.2460022387304
SI Market + Oral,TRx (Adjusted),ZYMFENTRA,PRODUCT,N,2026-04-03,734.1687140263906
SI Market + Oral,TRx (Adjusted),ZYMFENTRA,PRODUCT,N,2026-04-10,505.3558948073528
SI Market + Oral,TRx (Adjusted),ZYMFENTRA,PRODUCT,N,2026-04-17,545.1813225142649
SI Market + Oral,TRx (Adjusted),ZYMFENTRA,PRODUCT,N,2026-04-24,736.3133281992069
SI Market + Oral,TRx (Adjusted),ZYMFENTRA,PRODUCT,N,2026-05-01,647.6699296246392
SI Market + Oral,TRx (Adjusted),ZYMFENTRA,PRODUCT,N,2026-05-08,653.8066516796081
SI Market + Oral,TRx (Adjusted),Total Non-Approved Volume,PRODUCT,N,2024-05-03,74.43641094432729
SI Market + Oral,TRx (Adjusted),Total Non-Approved Volume,PRODUCT,N,2024-05-10,78.1619714423997
SI Market + Oral,TRx (Adjusted),Total Non-Approved Volume,PRODUCT,N,2024-05-17,83.47093796710621
SI Market + Oral,TRx (Adjusted),Total Non-Approved Volume,PRODUCT,N,2024-05-24,81.3648260622373
SI Market + Oral,TRx (Adjusted),Total Non-Approved Volume,PRODUCT,N,2024-05-31,77.57189823245776
SI Market + Oral,TRx (Adjusted),Total Non-Approved Volume,PRODUCT,N,2024-06-07,90.56705950288465
SI Market + Oral,TRx (Adjusted),Total Non-Approved Volume,PRODUCT,N,2024-06-14,92.9103373122737
SI Market + Oral,TRx (Adjusted),Total Non-Approved Volume,PRODUCT,N,2024-06-21,98.64752173966552
SI Market + Oral,TRx (Adjusted),Total Non-Approved Volume,PRODUCT,N,2024-06-28,81.31611463890073
SI Market + Oral,TRx (Adjusted),Total Non-Approved Volume,PRODUCT,N,2024-07-05,77.03045521855488
SI Market + Oral,TRx (Adjusted),Total Non-Approved Volume,PRODUCT,N,2024-07-12,101.05765245471711
SI Market + Oral,TRx (Adjusted),Total Non-Approved Volume,PRODUCT,N,2024-07-19,95.69497871311172
SI Market + Oral,TRx (Adjusted),Total Non-Approved Volume,PRODUCT,N,2024-07-26,97.69319023249828
SI Market + Oral,TRx (Adjusted),Total Non-Approved Volume,PRODUCT,N,2024-08-02,117.80975796657914
SI Market + Oral,TRx (Adjusted),Total Non-Approved Volume,PRODUCT,N,2024-08-09,108.99809547377671
SI Market + Oral,TRx (Adjusted),Total Non-Approved Volume,PRODUCT,N,2024-08-16,98.37611237202236
SI Market + Oral,TRx (Adjusted),Total Non-Approved Volume,PRODUCT,N,2024-08-23,107.3136722391924
SI Market + Oral,TRx (Adjusted),Total Non-Approved Volume,PRODUCT,N,2024-08-30,97.32958089073917
SI Market + Oral,TRx (Adjusted),Total Non-Approved Volume,PRODUCT,N,2024-09-06,88.37812137621617
SI Market + Oral,TRx (Adjusted),Total Non-Approved Volume,PRODUCT,N,2024-09-13,124.96088443978594
SI Market + Oral,TRx (Adjusted),Total Non-Approved Volume,PRODUCT,N,2024-09-20,126.1472375673469
SI Market + Oral,TRx (Adjusted),Total Non-Approved Volume,PRODUCT,N,2024-09-27,99.96087820548064
SI Market + Oral,TRx (Adjusted),Total Non-Approved Volume,PRODUCT,N,2024-10-04,85.45639566989509
SI Market + Oral,TRx (Adjusted),Total Non-Approved Volume,PRODUCT,N,2024-10-11,104.75284666774536
SI Market + Oral,TRx (Adjusted),Total Non-Approved Volume,PRODUCT,N,2024-10-18,107.36993199681908
SI Market + Oral,TRx (Adjusted),Total Non-Approved Volume,PRODUCT,N,2024-10-25,112.29181325023228
SI Market + Oral,TRx (Adjusted),Total Non-Approved Volume,PRODUCT,N,2024-11-01,97.50337927566088
SI Market + Oral,TRx (Adjusted),Total Non-Approved Volume,PRODUCT,N,2024-11-08,102.30677086399116
SI Market + Oral,TRx (Adjusted),Total Non-Approved Volume,PRODUCT,N,2024-11-15,81.4658917487534
SI Market + Oral,TRx (Adjusted),Total Non-Approved Volume,PRODUCT,N,2024-11-22,87.60304133518238
SI Market + Oral,TRx (Adjusted),Total Non-Approved Volume,PRODUCT,N,2024-11-29,86.88675296631777
SI Market + Oral,TRx (Adjusted),Total Non-Approved Volume,PRODUCT,N,2024-12-06,111.86997408153312
SI Market + Oral,TRx (Adjusted),Total Non-Approved Volume,PRODUCT,N,2024-12-13,101.27606302812978
SI Market + Oral,TRx (Adjusted),Total Non-Approved Volume,PRODUCT,N,2024-12-20,116.6988948987008
SI Market + Oral,TRx (Adjusted),Total Non-Approved Volume,PRODUCT,N,2024-12-27,75.88576046667534
SI Market + Oral,TRx (Adjusted),Total Non-Approved Volume,PRODUCT,N,2025-01-03,70.1554523989328
SI Market + Oral,TRx (Adjusted),Total Non-Approved Volume,PRODUCT,N,2025-01-10,108.69342379048835
SI Market + Oral,TRx (Adjusted),Total Non-Approved Volume,PRODUCT,N,2025-01-17,98.7601448892126
SI Market + Oral,TRx (Adjusted),Total Non-Approved Volume,PRODUCT,N,2025-01-24,73.69906727739878
SI Market + Oral,TRx (Adjusted),Total Non-Approved Volume,PRODUCT,N,2025-01-31,100.36122416360809
SI Market + Oral,TRx (Adjusted),Total Non-Approved Volume,PRODUCT,N,2025-02-07,98.33718626066393
SI Market + Oral,TRx (Adjusted),Total Non-Approved Volume,PRODUCT,N,2025-02-14,85.97521434003902
SI Market + Oral,TRx (Adjusted),Total Non-Approved Volume,PRODUCT,N,2025-02-21,81.08536852031834
SI Market + Oral,TRx (Adjusted),Total Non-Approved Volume,PRODUCT,N,2025-02-28,89.64118547413393
SI Market + Oral,TRx (Adjusted),Total Non-Approved Volume,PRODUCT,N,2025-03-07,109.70080397707652
SI Market + Oral,TRx (Adjusted),Total Non-Approved Volume,PRODUCT,N,2025-03-14,109.09751383220907
SI Market + Oral,TRx (Adjusted),Total Non-Approved Volume,PRODUCT,N,2025-03-21,107.2949320965408
SI Market + Oral,TRx (Adjusted),Total Non-Approved Volume,PRODUCT,N,2025-03-28,106.38832633835844
SI Market + Oral,TRx (Adjusted),Total Non-Approved Volume,PRODUCT,N,2025-04-04,93.18725677034524
SI Market + Oral,TRx (Adjusted),Total Non-Approved Volume,PRODUCT,N,2025-04-11,99.2016602107157
SI Market + Oral,TRx (Adjusted),Total Non-Approved Volume,PRODUCT,N,2025-04-18,100.75420142261024
SI Market + Oral,TRx (Adjusted),Total Non-Approved Volume,PRODUCT,N,2025-04-25,93.61317522117534
SI Market + Oral,TRx (Adjusted),Total Non-Approved Volume,PRODUCT,N,2025-05-02,95.5352466459608
SI Market + Oral,TRx (Adjusted),Total Non-Approved Volume,PRODUCT,N,2025-05-09,90.54334820850988
SI Market + Oral,TRx (Adjusted),Total Non-Approved Volume,PRODUCT,N,2025-05-16,100.82717610067472
SI Market + Oral,TRx (Adjusted),Total Non-Approved Volume,PRODUCT,N,2025-05-23,84.36720296690842
SI Market + Oral,TRx (Adjusted),Total Non-Approved Volume,PRODUCT,N,2025-05-30,86.616011613096
SI Market + Oral,TRx (Adjusted),Total Non-Approved Volume,PRODUCT,N,2025-06-06,112.76954238552509
SI Market + Oral,TRx (Adjusted),Total Non-Approved Volume,PRODUCT,N,2025-06-13,106.756213419851
SI Market + Oral,TRx (Adjusted),Total Non-Approved Volume,PRODUCT,N,2025-06-20,89.78684064063832
SI Market + Oral,TRx (Adjusted),Total Non-Approved Volume,PRODUCT,N,2025-06-27,85.9116645495089
SI Market + Oral,TRx (Adjusted),Total Non-Approved Volume,PRODUCT,N,2025-07-04,86.10186735401986
SI Market + Oral,TRx (Adjusted),Total Non-Approved Volume,PRODUCT,N,2025-07-11,90.06577096374394
SI Market + Oral,TRx (Adjusted),Total Non-Approved Volume,PRODUCT,N,2025-07-18,96.74678640217634
SI Market + Oral,TRx (Adjusted),Total Non-Approved Volume,PRODUCT,N,2025-07-25,113.1457678559252
SI Market + Oral,TRx (Adjusted),Total Non-Approved Volume,PRODUCT,N,2025-08-01,100.3265377690888
SI Market + Oral,TRx (Adjusted),Total Non-Approved Volume,PRODUCT,N,2025-08-08,101.02391990352116
SI Market + Oral,TRx (Adjusted),Total Non-Approved Volume,PRODUCT,N,2025-08-15,87.49907508028122
SI Market + Oral,TRx (Adjusted),Total Non-Approved Volume,PRODUCT,N,2025-08-22,96.17242911429616
SI Market + Oral,TRx (Adjusted),Total Non-Approved Volume,PRODUCT,N,2025-08-29,116.81082350677362
SI Market + Oral,TRx (Adjusted),Total Non-Approved Volume,PRODUCT,N,2025-09-05,100.17335782987269
SI Market + Oral,TRx (Adjusted),Total Non-Approved Volume,PRODUCT,N,2025-09-12,128.9919198311591
SI Market + Oral,TRx (Adjusted),Total Non-Approved Volume,PRODUCT,N,2025-09-19,126.14047787904524
SI Market + Oral,TRx (Adjusted),Total Non-Approved Volume,PRODUCT,N,2025-09-26,94.36484234686452
SI Market + Oral,TRx (Adjusted),Total Non-Approved Volume,PRODUCT,N,2025-10-03,112.6145154903632
SI Market + Oral,TRx (Adjusted),Total Non-Approved Volume,PRODUCT,N,2025-10-10,90.61464352821598
SI Market + Oral,TRx (Adjusted),Total Non-Approved Volume,PRODUCT,N,2025-10-17,94.00735282337148
SI Market + Oral,TRx (Adjusted),Total Non-Approved Volume,PRODUCT,N,2025-10-24,107.24045704050924
SI Market + Oral,TRx (Adjusted),Total Non-Approved Volume,PRODUCT,N,2025-10-31,100.64016986355637
SI Market + Oral,TRx (Adjusted),Total Non-Approved Volume,PRODUCT,N,2025-11-07,140.4778005125982
SI Market + Oral,TRx (Adjusted),Total Non-Approved Volume,PRODUCT,N,2025-11-14,119.33206246516482
SI Market + Oral,TRx (Adjusted),Total Non-Approved Volume,PRODUCT,N,2025-11-21,119.93299766809642
SI Market + Oral,TRx (Adjusted),Total Non-Approved Volume,PRODUCT,N,2025-11-28,79.45204988250386
SI Market + Oral,TRx (Adjusted),Total Non-Approved Volume,PRODUCT,N,2025-12-05,114.62261471004553
SI Market + Oral,TRx (Adjusted),Total Non-Approved Volume,PRODUCT,N,2025-12-12,107.22177138418272
SI Market + Oral,TRx (Adjusted),Total Non-Approved Volume,PRODUCT,N,2025-12-19,108.0021644280404
SI Market + Oral,TRx (Adjusted),Total Non-Approved Volume,PRODUCT,N,2025-12-26,72.40378216032764
SI Market + Oral,TRx (Adjusted),Total Non-Approved Volume,PRODUCT,N,2026-01-02,75.12857828163672
SI Market + Oral,TRx (Adjusted),Total Non-Approved Volume,PRODUCT,N,2026-01-09,130.2609366634592
SI Market + Oral,TRx (Adjusted),Total Non-Approved Volume,PRODUCT,N,2026-01-16,142.74289483720136
SI Market + Oral,TRx (Adjusted),Total Non-Approved Volume,PRODUCT,N,2026-01-23,119.57270431448424
SI Market + Oral,TRx (Adjusted),Total Non-Approved Volume,PRODUCT,N,2026-01-30,82.58751205915951
SI Market + Oral,TRx (Adjusted),Total Non-Approved Volume,PRODUCT,N,2026-02-06,132.5352670572144
SI Market + Oral,TRx (Adjusted),Total Non-Approved Volume,PRODUCT,N,2026-02-13,148.69883269207608
SI Market + Oral,TRx (Adjusted),Total Non-Approved Volume,PRODUCT,N,2026-02-20,112.59189798093496
SI Market + Oral,TRx (Adjusted),Total Non-Approved Volume,PRODUCT,N,2026-02-27,124.37192562838278
SI Market + Oral,TRx (Adjusted),Total Non-Approved Volume,PRODUCT,N,2026-03-06,102.69767127487094
SI Market + Oral,TRx (Adjusted),Total Non-Approved Volume,PRODUCT,N,2026-03-13,99.301054952842
SI Market + Oral,TRx (Adjusted),Total Non-Approved Volume,PRODUCT,N,2026-03-20,100.87091670491358
SI Market + Oral,TRx (Adjusted),Total Non-Approved Volume,PRODUCT,N,2026-03-27,123.85288225301338
SI Market + Oral,TRx (Adjusted),Total Non-Approved Volume,PRODUCT,N,2026-04-03,111.56157390347538
SI Market + Oral,TRx (Adjusted),Total Non-Approved Volume,PRODUCT,N,2026-04-10,111.03691885546463
SI Market + Oral,TRx (Adjusted),Total Non-Approved Volume,PRODUCT,N,2026-04-17,99.056208786488
SI Market + Oral,TRx (Adjusted),Total Non-Approved Volume,PRODUCT,N,2026-04-24,94.44257961715154
SI Market + Oral,TRx (Adjusted),Total Non-Approved Volume,PRODUCT,N,2026-05-01,111.04571951575568
SI Market + Oral,TRx (Adjusted),Total Non-Approved Volume,PRODUCT,N,2026-05-08,110.1708384143738
SI Market + Oral,TRx (Adjusted),ACTEMRA BIOSIMILARS SQ TOTAL,PRODUCT,Y,2024-08-02,0.0
SI Market + Oral,TRx (Adjusted),ACTEMRA BIOSIMILARS SQ TOTAL,PRODUCT,Y,2024-08-09,0.0003257096403047
SI Market + Oral,TRx (Adjusted),ACTEMRA BIOSIMILARS SQ TOTAL,PRODUCT,Y,2024-08-16,0.0001323997151417
SI Market + Oral,TRx (Adjusted),ACTEMRA BIOSIMILARS SQ TOTAL,PRODUCT,Y,2024-08-23,0.0004106470568257
SI Market + Oral,TRx (Adjusted),ACTEMRA BIOSIMILARS SQ TOTAL,PRODUCT,Y,2024-08-30,0.0005566801144641
SI Market + Oral,TRx (Adjusted),ACTEMRA BIOSIMILARS SQ TOTAL,PRODUCT,Y,2024-09-06,0.0015672624259803
SI Market + Oral,TRx (Adjusted),ACTEMRA BIOSIMILARS SQ TOTAL,PRODUCT,Y,2024-09-13,0.0003891673044728
SI Market + Oral,TRx (Adjusted),ACTEMRA BIOSIMILARS SQ TOTAL,PRODUCT,Y,2024-09-20,0.0004286218627607
SI Market + Oral,TRx (Adjusted),ACTEMRA BIOSIMILARS SQ TOTAL,PRODUCT,Y,2024-09-27,0.0012908771724012
SI Market + Oral,TRx (Adjusted),ACTEMRA BIOSIMILARS SQ TOTAL,PRODUCT,Y,2024-10-04,0.0006061760101031
SI Market + Oral,TRx (Adjusted),ACTEMRA BIOSIMILARS SQ TOTAL,PRODUCT,Y,2024-10-11,0.0007201685488636
SI Market + Oral,TRx (Adjusted),ACTEMRA BIOSIMILARS SQ TOTAL,PRODUCT,Y,2024-10-18,0.0015257253317358
SI Market + Oral,TRx (Adjusted),ACTEMRA BIOSIMILARS SQ TOTAL,PRODUCT,Y,2024-10-25,0.0007627758206255
SI Market + Oral,TRx (Adjusted),ACTEMRA BIOSIMILARS SQ TOTAL,PRODUCT,Y,2024-11-01,0.0014613161554261
SI Market + Oral,TRx (Adjusted),ACTEMRA BIOSIMILARS SQ TOTAL,PRODUCT,Y,2024-11-08,0.001547220378607
SI Market + Oral,TRx (Adjusted),ACTEMRA BIOSIMILARS SQ TOTAL,PRODUCT,Y,2024-11-15,0.0021846487483377
SI Market + Oral,TRx (Adjusted),ACTEMRA BIOSIMILARS SQ TOTAL,PRODUCT,Y,2024-11-22,0.0036360062175964
SI Market + Oral,TRx (Adjusted),ACTEMRA BIOSIMILARS SQ TOTAL,PRODUCT,Y,2024-11-29,0.0036601729107873
SI Market + Oral,TRx (Adjusted),ACTEMRA BIOSIMILARS SQ TOTAL,PRODUCT,Y,2024-12-06,0.0037124848117781
SI Market + Oral,TRx (Adjusted),ACTEMRA BIOSIMILARS SQ TOTAL,PRODUCT,Y,2024-12-13,0.0041042737467782
SI Market + Oral,TRx (Adjusted),ACTEMRA BIOSIMILARS SQ TOTAL,PRODUCT,Y,2024-12-20,0.0064139534134538
SI Market + Oral,TRx (Adjusted),ACTEMRA BIOSIMILARS SQ TOTAL,PRODUCT,Y,2024-12-27,0.0034450744965677
SI Market + Oral,TRx (Adjusted),ACTEMRA BIOSIMILARS SQ TOTAL,PRODUCT,Y,2025-01-03,0.0057657284751008
SI Market + Oral,TRx (Adjusted),ACTEMRA BIOSIMILARS SQ TOTAL,PRODUCT,Y,2025-01-10,0.0110357865550406
SI Market + Oral,TRx (Adjusted),ACTEMRA BIOSIMILARS SQ TOTAL,PRODUCT,Y,2025-01-17,0.010349446432462
SI Market + Oral,TRx (Adjusted),ACTEMRA BIOSIMILARS SQ TOTAL,PRODUCT,Y,2025-01-24,0.0110564689084588
SI Market + Oral,TRx (Adjusted),ACTEMRA BIOSIMILARS SQ TOTAL,PRODUCT,Y,2025-01-31,0.0243317997010994
SI Market + Oral,TRx (Adjusted),ACTEMRA BIOSIMILARS SQ TOTAL,PRODUCT,Y,2025-02-07,0.0319257993952962
SI Market + Oral,TRx (Adjusted),ACTEMRA BIOSIMILARS SQ TOTAL,PRODUCT,Y,2025-02-14,0.0338772277586902
SI Market + Oral,TRx (Adjusted),ACTEMRA BIOSIMILARS SQ TOTAL,PRODUCT,Y,2025-02-21,0.0381155800033912
SI Market + Oral,TRx (Adjusted),ACTEMRA BIOSIMILARS SQ TOTAL,PRODUCT,Y,2025-02-28,0.0509536520236504
SI Market + Oral,TRx (Adjusted),ACTEMRA BIOSIMILARS SQ TOTAL,PRODUCT,Y,2025-03-07,0.1022623895081387
SI Market + Oral,TRx (Adjusted),ACTEMRA BIOSIMILARS SQ TOTAL,PRODUCT,Y,2025-03-14,0.0535118001104244
SI Market + Oral,TRx (Adjusted),ACTEMRA BIOSIMILARS SQ TOTAL,PRODUCT,Y,2025-03-21,0.116294980226152
SI Market + Oral,TRx (Adjusted),ACTEMRA BIOSIMILARS SQ TOTAL,PRODUCT,Y,2025-03-28,0.118874571951257
SI Market + Oral,TRx (Adjusted),ACTEMRA BIOSIMILARS SQ TOTAL,PRODUCT,Y,2025-04-04,0.1030351768278257
SI Market + Oral,TRx (Adjusted),ACTEMRA BIOSIMILARS SQ TOTAL,PRODUCT,Y,2025-04-11,0.1143060029416164
SI Market + Oral,TRx (Adjusted),ACTEMRA BIOSIMILARS SQ TOTAL,PRODUCT,Y,2025-04-18,0.1695499285365146
SI Market + Oral,TRx (Adjusted),ACTEMRA BIOSIMILARS SQ TOTAL,PRODUCT,Y,2025-04-25,0.1312786834038166
SI Market + Oral,TRx (Adjusted),ACTEMRA BIOSIMILARS SQ TOTAL,PRODUCT,Y,2025-05-02,0.1171883728204109
SI Market + Oral,TRx (Adjusted),ACTEMRA BIOSIMILARS SQ TOTAL,PRODUCT,Y,2025-05-09,0.1666044849103178
SI Market + Oral,TRx (Adjusted),ACTEMRA BIOSIMILARS SQ TOTAL,PRODUCT,Y,2025-05-16,0.1444551169170747
SI Market + Oral,TRx (Adjusted),ACTEMRA BIOSIMILARS SQ TOTAL,PRODUCT,Y,2025-05-23,0.1155861341021012
SI Market + Oral,TRx (Adjusted),ACTEMRA BIOSIMILARS SQ TOTAL,PRODUCT,Y,2025-05-30,0.1223988801109045
SI Market + Oral,TRx (Adjusted),ACTEMRA BIOSIMILARS SQ TOTAL,PRODUCT,Y,2025-06-06,0.2341248336283105
SI Market + Oral,TRx (Adjusted),ACTEMRA BIOSIMILARS SQ TOTAL,PRODUCT,Y,2025-06-13,0.1602662223019287
SI Market + Oral,TRx (Adjusted),ACTEMRA BIOSIMILARS SQ TOTAL,PRODUCT,Y,2025-06-20,0.1287120860028618
SI Market + Oral,TRx (Adjusted),ACTEMRA BIOSIMILARS SQ TOTAL,PRODUCT,Y,2025-06-27,0.1799367823570211
SI Market + Oral,TRx (Adjusted),ACTEMRA BIOSIMILARS SQ TOTAL,PRODUCT,Y,2025-07-04,0.1917748046157397
SI Market + Oral,TRx (Adjusted),ACTEMRA BIOSIMILARS SQ TOTAL,PRODUCT,Y,2025-07-11,0.2169054439407787
SI Market + Oral,TRx (Adjusted),ACTEMRA BIOSIMILARS SQ TOTAL,PRODUCT,Y,2025-07-18,0.1957835167624128
SI Market + Oral,TRx (Adjusted),ACTEMRA BIOSIMILARS SQ TOTAL,PRODUCT,Y,2025-07-25,0.1795600668203699
SI Market + Oral,TRx (Adjusted),ACTEMRA BIOSIMILARS SQ TOTAL,PRODUCT,Y,2025-08-01,0.1916179908503777
SI Market + Oral,TRx (Adjusted),ACTEMRA BIOSIMILARS SQ TOTAL,PRODUCT,Y,2025-08-08,0.1877458889397499
SI Market + Oral,TRx (Adjusted),ACTEMRA BIOSIMILARS SQ TOTAL,PRODUCT,Y,2025-08-15,0.1678001401241758
SI Market + Oral,TRx (Adjusted),ACTEMRA BIOSIMILARS SQ TOTAL,PRODUCT,Y,2025-08-22,0.1495353848891878
SI Market + Oral,TRx (Adjusted),ACTEMRA BIOSIMILARS SQ TOTAL,PRODUCT,Y,2025-08-29,0.235515508513476
SI Market + Oral,TRx (Adjusted),ACTEMRA BIOSIMILARS SQ TOTAL,PRODUCT,Y,2025-09-05,0.1847889970831957
SI Market + Oral,TRx (Adjusted),ACTEMRA BIOSIMILARS SQ TOTAL,PRODUCT,Y,2025-09-12,0.1432570835342951
SI Market + Oral,TRx (Adjusted),ACTEMRA BIOSIMILARS SQ TOTAL,PRODUCT,Y,2025-09-19,0.2031549660991944
SI Market + Oral,TRx (Adjusted),ACTEMRA BIOSIMILARS SQ TOTAL,PRODUCT,Y,2025-09-26,0.1575608982664388
SI Market + Oral,TRx (Adjusted),ACTEMRA BIOSIMILARS SQ TOTAL,PRODUCT,Y,2025-10-03,0.1532307088779941
SI Market + Oral,TRx (Adjusted),ACTEMRA BIOSIMILARS SQ TOTAL,PRODUCT,Y,2025-10-10,0.1845493855813724
SI Market + Oral,TRx (Adjusted),ACTEMRA BIOSIMILARS SQ TOTAL,PRODUCT,Y,2025-10-17,0.1553101239467096
SI Market + Oral,TRx (Adjusted),ACTEMRA BIOSIMILARS SQ TOTAL,PRODUCT,Y,2025-10-24,0.1300957643394322
SI Market + Oral,TRx (Adjusted),ACTEMRA BIOSIMILARS SQ TOTAL,PRODUCT,Y,2025-10-31,0.1552105191960553
SI Market + Oral,TRx (Adjusted),ACTEMRA BIOSIMILARS SQ TOTAL,PRODUCT,Y,2025-11-07,0.2863790618089755
SI Market + Oral,TRx (Adjusted),ACTEMRA BIOSIMILARS SQ TOTAL,PRODUCT,Y,2025-11-14,0.2627671995743889
SI Market + Oral,TRx (Adjusted),ACTEMRA BIOSIMILARS SQ TOTAL,PRODUCT,Y,2025-11-21,0.3589357671362877
SI Market + Oral,TRx (Adjusted),ACTEMRA BIOSIMILARS SQ TOTAL,PRODUCT,Y,2025-11-28,0.2537462970484266
SI Market + Oral,TRx (Adjusted),ACTEMRA BIOSIMILARS SQ TOTAL,PRODUCT,Y,2025-12-05,0.3044942681531633
SI Market + Oral,TRx (Adjusted),ACTEMRA BIOSIMILARS SQ TOTAL,PRODUCT,Y,2025-12-12,0.3473950428739493
SI Market + Oral,TRx (Adjusted),ACTEMRA BIOSIMILARS SQ TOTAL,PRODUCT,Y,2025-12-19,0.4857009889625692
SI Market + Oral,TRx (Adjusted),ACTEMRA BIOSIMILARS SQ TOTAL,PRODUCT,Y,2025-12-26,0.2832408731435465
SI Market + Oral,TRx (Adjusted),ACTEMRA BIOSIMILARS SQ TOTAL,PRODUCT,Y,2026-01-02,0.4386925750355303
SI Market + Oral,TRx (Adjusted),ACTEMRA BIOSIMILARS SQ TOTAL,PRODUCT,Y,2026-01-09,0.5498548931748107
SI Market + Oral,TRx (Adjusted),ACTEMRA BIOSIMILARS SQ TOTAL,PRODUCT,Y,2026-01-16,0.5914669374972744
SI Market + Oral,TRx (Adjusted),ACTEMRA BIOSIMILARS SQ TOTAL,PRODUCT,Y,2026-01-23,0.4772545718800253
SI Market + Oral,TRx (Adjusted),ACTEMRA BIOSIMILARS SQ TOTAL,PRODUCT,Y,2026-01-30,0.6573171979911809
SI Market + Oral,TRx (Adjusted),ACTEMRA BIOSIMILARS SQ TOTAL,PRODUCT,Y,2026-02-06,0.67718240831565
SI Market + Oral,TRx (Adjusted),ACTEMRA BIOSIMILARS SQ TOTAL,PRODUCT,Y,2026-02-13,0.6876171607040517
SI Market + Oral,TRx (Adjusted),ACTEMRA BIOSIMILARS SQ TOTAL,PRODUCT,Y,2026-02-20,0.5570578351829207
SI Market + Oral,TRx (Adjusted),ACTEMRA BIOSIMILARS SQ TOTAL,PRODUCT,Y,2026-02-27,0.7257727027979016
SI Market + Oral,TRx (Adjusted),ACTEMRA BIOSIMILARS SQ TOTAL,PRODUCT,Y,2026-03-06,0.8033848793415516
SI Market + Oral,TRx (Adjusted),ACTEMRA BIOSIMILARS SQ TOTAL,PRODUCT,Y,2026-03-13,0.7138419487174447
SI Market + Oral,TRx (Adjusted),ACTEMRA BIOSIMILARS SQ TOTAL,PRODUCT,Y,2026-03-20,0.7225424918440978
SI Market + Oral,TRx (Adjusted),ACTEMRA BIOSIMILARS SQ TOTAL,PRODUCT,Y,2026-03-27,0.7243996309900915
SI Market + Oral,TRx (Adjusted),ACTEMRA BIOSIMILARS SQ TOTAL,PRODUCT,Y,2026-04-03,0.6427872665096737
SI Market + Oral,TRx (Adjusted),ACTEMRA BIOSIMILARS SQ TOTAL,PRODUCT,Y,2026-04-10,0.7409681230058371
SI Market + Oral,TRx (Adjusted),ACTEMRA BIOSIMILARS SQ TOTAL,PRODUCT,Y,2026-04-17,0.8795785455345513
SI Market + Oral,TRx (Adjusted),ACTEMRA BIOSIMILARS SQ TOTAL,PRODUCT,Y,2026-04-24,0.720952669863135
SI Market + Oral,TRx (Adjusted),ACTEMRA BIOSIMILARS SQ TOTAL,PRODUCT,Y,2026-05-01,0.889975089026482
SI Market + Oral,TRx (Adjusted),ACTEMRA BIOSIMILARS SQ TOTAL,PRODUCT,Y,2026-05-08,0.8085832247681509
SI Market + Oral,TRx (Adjusted),ACTEMRA SQ,PRODUCT,Y,2024-05-03,0.6483929734373355
SI Market + Oral,TRx (Adjusted),ACTEMRA SQ,PRODUCT,Y,2024-05-10,0.8041880478457996
SI Market + Oral,TRx (Adjusted),ACTEMRA SQ,PRODUCT,Y,2024-05-17,0.6598999751704012
SI Market + Oral,TRx (Adjusted),ACTEMRA SQ,PRODUCT,Y,2024-05-24,0.6995429487483459
SI Market + Oral,TRx (Adjusted),ACTEMRA SQ,PRODUCT,Y,2024-05-31,0.5864220987111659
SI Market + Oral,TRx (Adjusted),ACTEMRA SQ,PRODUCT,Y,2024-06-07,0.6490507069186551
SI Market + Oral,TRx (Adjusted),ACTEMRA SQ,PRODUCT,Y,2024-06-14,0.5954301118355689
SI Market + Oral,TRx (Adjusted),ACTEMRA SQ,PRODUCT,Y,2024-06-21,0.5858106836892494
SI Market + Oral,TRx (Adjusted),ACTEMRA SQ,PRODUCT,Y,2024-06-28,0.5725623533106275
SI Market + Oral,TRx (Adjusted),ACTEMRA SQ,PRODUCT,Y,2024-07-05,0.3511071475250822
SI Market + Oral,TRx (Adjusted),ACTEMRA SQ,PRODUCT,Y,2024-07-12,0.6894879030424262
SI Market + Oral,TRx (Adjusted),ACTEMRA SQ,PRODUCT,Y,2024-07-19,0.52792428646653
SI Market + Oral,TRx (Adjusted),ACTEMRA SQ,PRODUCT,Y,2024-07-26,0.6419609213076731
SI Market + Oral,TRx (Adjusted),ACTEMRA SQ,PRODUCT,Y,2024-08-02,0.4661195356576258
SI Market + Oral,TRx (Adjusted),ACTEMRA SQ,PRODUCT,Y,2024-08-09,0.422607107915491
SI Market + Oral,TRx (Adjusted),ACTEMRA SQ,PRODUCT,Y,2024-08-16,0.4477251131418826
SI Market + Oral,TRx (Adjusted),ACTEMRA SQ,PRODUCT,Y,2024-08-23,0.5977863067188102
SI Market + Oral,TRx (Adjusted),ACTEMRA SQ,PRODUCT,Y,2024-08-30,0.7157348485110875
SI Market + Oral,TRx (Adjusted),ACTEMRA SQ,PRODUCT,Y,2024-09-06,0.4123759154445662
SI Market + Oral,TRx (Adjusted),ACTEMRA SQ,PRODUCT,Y,2024-09-13,0.5943013556375302
SI Market + Oral,TRx (Adjusted),ACTEMRA SQ,PRODUCT,Y,2024-09-20,0.454221908387346
SI Market + Oral,TRx (Adjusted),ACTEMRA SQ,PRODUCT,Y,2024-09-27,0.4145906552380289
SI Market + Oral,TRx (Adjusted),ACTEMRA SQ,PRODUCT,Y,2024-10-04,0.5108453148483368
SI Market + Oral,TRx (Adjusted),ACTEMRA SQ,PRODUCT,Y,2024-10-11,0.5352631431871084
SI Market + Oral,TRx (Adjusted),ACTEMRA SQ,PRODUCT,Y,2024-10-18,0.5376823526455116
SI Market + Oral,TRx (Adjusted),ACTEMRA SQ,PRODUCT,Y,2024-10-25,0.5606550601476077
SI Market + Oral,TRx (Adjusted),ACTEMRA SQ,PRODUCT,Y,2024-11-01,0.4414624521173374
SI Market + Oral,TRx (Adjusted),ACTEMRA SQ,PRODUCT,Y,2024-11-08,0.5191214771344287
SI Market + Oral,TRx (Adjusted),ACTEMRA SQ,PRODUCT,Y,2024-11-15,0.5000383834461087
SI Market + Oral,TRx (Adjusted),ACTEMRA SQ,PRODUCT,Y,2024-11-22,0.5724171994149817
SI Market + Oral,TRx (Adjusted),ACTEMRA SQ,PRODUCT,Y,2024-11-29,0.4166406616516532
SI Market + Oral,TRx (Adjusted),ACTEMRA SQ,PRODUCT,Y,2024-12-06,0.5182208123174397
SI Market + Oral,TRx (Adjusted),ACTEMRA SQ,PRODUCT,Y,2024-12-13,0.4235678340784062
SI Market + Oral,TRx (Adjusted),ACTEMRA SQ,PRODUCT,Y,2024-12-20,0.5800361194717203
SI Market + Oral,TRx (Adjusted),ACTEMRA SQ,PRODUCT,Y,2024-12-27,0.5067406944743149
SI Market + Oral,TRx (Adjusted),ACTEMRA SQ,PRODUCT,Y,2025-01-03,0.427393533005978
SI Market + Oral,TRx (Adjusted),ACTEMRA SQ,PRODUCT,Y,2025-01-10,0.5290684908534299
SI Market + Oral,TRx (Adjusted),ACTEMRA SQ,PRODUCT,Y,2025-01-17,0.5356383914732273
SI Market + Oral,TRx (Adjusted),ACTEMRA SQ,PRODUCT,Y,2025-01-24,0.4715777650758681
SI Market + Oral,TRx (Adjusted),ACTEMRA SQ,PRODUCT,Y,2025-01-31,0.5567607091837663
SI Market + Oral,TRx (Adjusted),ACTEMRA SQ,PRODUCT,Y,2025-02-07,0.5561606367835776
SI Market + Oral,TRx (Adjusted),ACTEMRA SQ,PRODUCT,Y,2025-02-14,0.692649096672177
SI Market + Oral,TRx (Adjusted),ACTEMRA SQ,PRODUCT,Y,2025-02-21,0.6384823712953679
SI Market + Oral,TRx (Adjusted),ACTEMRA SQ,PRODUCT,Y,2025-02-28,0.7406839311612727
SI Market + Oral,TRx (Adjusted),ACTEMRA SQ,PRODUCT,Y,2025-03-07,1.26262546768452
SI Market + Oral,TRx (Adjusted),ACTEMRA SQ,PRODUCT,Y,2025-03-14,1.25165628435357
SI Market + Oral,TRx (Adjusted),ACTEMRA SQ,PRODUCT,Y,2025-03-21,0.8580868826590603
SI Market + Oral,TRx (Adjusted),ACTEMRA SQ,PRODUCT,Y,2025-03-28,1.2191497010076866
SI Market + Oral,TRx (Adjusted),ACTEMRA SQ,PRODUCT,Y,2025-04-04,1.1315147541268753
SI Market + Oral,TRx (Adjusted),ACTEMRA SQ,PRODUCT,Y,2025-04-11,1.5081782424105237
SI Market + Oral,TRx (Adjusted),ACTEMRA SQ,PRODUCT,Y,2025-04-18,1.3414472254839829
SI Market + Oral,TRx (Adjusted),ACTEMRA SQ,PRODUCT,Y,2025-04-25,1.3960869133307034
SI Market + Oral,TRx (Adjusted),ACTEMRA SQ,PRODUCT,Y,2025-05-02,1.4209396594132515
SI Market + Oral,TRx (Adjusted),ACTEMRA SQ,PRODUCT,Y,2025-05-09,1.631526883230337
SI Market + Oral,TRx (Adjusted),ACTEMRA SQ,PRODUCT,Y,2025-05-16,1.6406553736418434
SI Market + Oral,TRx (Adjusted),ACTEMRA SQ,PRODUCT,Y,2025-05-23,1.4450782145887169
SI Market + Oral,TRx (Adjusted),ACTEMRA SQ,PRODUCT,Y,2025-05-30,1.6190911045626346
SI Market + Oral,TRx (Adjusted),ACTEMRA SQ,PRODUCT,Y,2025-06-06,1.6015966572774911
SI Market + Oral,TRx (Adjusted),ACTEMRA SQ,PRODUCT,Y,2025-06-13,1.166158914952776
SI Market + Oral,TRx (Adjusted),ACTEMRA SQ,PRODUCT,Y,2025-06-20,1.5064212550001423
SI Market + Oral,TRx (Adjusted),ACTEMRA SQ,PRODUCT,Y,2025-06-27,1.5220686910891397
SI Market + Oral,TRx (Adjusted),ACTEMRA SQ,PRODUCT,Y,2025-07-04,1.1149694108865198
SI Market + Oral,TRx (Adjusted),ACTEMRA SQ,PRODUCT,Y,2025-07-11,1.330319855414668
SI Market + Oral,TRx (Adjusted),ACTEMRA SQ,PRODUCT,Y,2025-07-18,1.5339775915338745
SI Market + Oral,TRx (Adjusted),ACTEMRA SQ,PRODUCT,Y,2025-07-25,1.1898241036287025
SI Market + Oral,TRx (Adjusted),ACTEMRA SQ,PRODUCT,Y,2025-08-01,1.3724976893227026
SI Market + Oral,TRx (Adjusted),ACTEMRA SQ,PRODUCT,Y,2025-08-08,1.1272949752632566
SI Market + Oral,TRx (Adjusted),ACTEMRA SQ,PRODUCT,Y,2025-08-15,1.0963853376799944
SI Market + Oral,TRx (Adjusted),ACTEMRA SQ,PRODUCT,Y,2025-08-22,1.060251721246234
SI Market + Oral,TRx (Adjusted),ACTEMRA SQ,PRODUCT,Y,2025-08-29,1.2798883267417052
SI Market + Oral,TRx (Adjusted),ACTEMRA SQ,PRODUCT,Y,2025-09-05,0.977642173762952
SI Market + Oral,TRx (Adjusted),ACTEMRA SQ,PRODUCT,Y,2025-09-12,1.0862040356013711
SI Market + Oral,TRx (Adjusted),ACTEMRA SQ,PRODUCT,Y,2025-09-19,0.9298570222864064
SI Market + Oral,TRx (Adjusted),ACTEMRA SQ,PRODUCT,Y,2025-09-26,0.8669835141919239
SI Market + Oral,TRx (Adjusted),ACTEMRA SQ,PRODUCT,Y,2025-10-03,1.0795168053091353
SI Market + Oral,TRx (Adjusted),ACTEMRA SQ,PRODUCT,Y,2025-10-10,0.9540412683249592
SI Market + Oral,TRx (Adjusted),ACTEMRA SQ,PRODUCT,Y,2025-10-17,0.7730195087265173
SI Market + Oral,TRx (Adjusted),ACTEMRA SQ,PRODUCT,Y,2025-10-24,1.0571817577177212
SI Market + Oral,TRx (Adjusted),ACTEMRA SQ,PRODUCT,Y,2025-10-31,0.7036371869607667
SI Market + Oral,TRx (Adjusted),ACTEMRA SQ,PRODUCT,Y,2025-11-07,1.084553331961278
SI Market + Oral,TRx (Adjusted),ACTEMRA SQ,PRODUCT,Y,2025-11-14,1.523005371727516
SI Market + Oral,TRx (Adjusted),ACTEMRA SQ,PRODUCT,Y,2025-11-21,1.180586390294578
SI Market + Oral,TRx (Adjusted),ACTEMRA SQ,PRODUCT,Y,2025-11-28,1.0898664871961157
SI Market + Oral,TRx (Adjusted),ACTEMRA SQ,PRODUCT,Y,2025-12-05,1.750578660506636
SI Market + Oral,TRx (Adjusted),ACTEMRA SQ,PRODUCT,Y,2025-12-12,2.273197948474059
SI Market + Oral,TRx (Adjusted),ACTEMRA SQ,PRODUCT,Y,2025-12-19,1.4582127127232656
SI Market + Oral,TRx (Adjusted),ACTEMRA SQ,PRODUCT,Y,2025-12-26,1.4665248393040726
SI Market + Oral,TRx (Adjusted),ACTEMRA SQ,PRODUCT,Y,2026-01-02,1.3735219370423788
SI Market + Oral,TRx (Adjusted),ACTEMRA SQ,PRODUCT,Y,2026-01-09,2.864132432901824
SI Market + Oral,TRx (Adjusted),ACTEMRA SQ,PRODUCT,Y,2026-01-16,1.653625983601579
SI Market + Oral,TRx (Adjusted),ACTEMRA SQ,PRODUCT,Y,2026-01-23,1.851423229134888
SI Market + Oral,TRx (Adjusted),ACTEMRA SQ,PRODUCT,Y,2026-01-30,1.6429600035711285
SI Market + Oral,TRx (Adjusted),ACTEMRA SQ,PRODUCT,Y,2026-02-06,1.5833406626316635
SI Market + Oral,TRx (Adjusted),ACTEMRA SQ,PRODUCT,Y,2026-02-13,1.2327587839322418
SI Market + Oral,TRx (Adjusted),ACTEMRA SQ,PRODUCT,Y,2026-02-20,1.5828358271776972
SI Market + Oral,TRx (Adjusted),ACTEMRA SQ,PRODUCT,Y,2026-02-27,1.4531117873538932
SI Market + Oral,TRx (Adjusted),ACTEMRA SQ,PRODUCT,Y,2026-03-06,1.5331634172663722
SI Market + Oral,TRx (Adjusted),ACTEMRA SQ,PRODUCT,Y,2026-03-13,0.999896160878363
SI Market + Oral,TRx (Adjusted),ACTEMRA SQ,PRODUCT,Y,2026-03-20,1.4299590729542522
SI Market + Oral,TRx (Adjusted),ACTEMRA SQ,PRODUCT,Y,2026-03-27,1.0025107884335718
SI Market + Oral,TRx (Adjusted),ACTEMRA SQ,PRODUCT,Y,2026-04-03,1.4160694987461708
SI Market + Oral,TRx (Adjusted),ACTEMRA SQ,PRODUCT,Y,2026-04-10,1.477199781146045
SI Market + Oral,TRx (Adjusted),ACTEMRA SQ,PRODUCT,Y,2026-04-17,1.326308087444395
SI Market + Oral,TRx (Adjusted),ACTEMRA SQ,PRODUCT,Y,2026-04-24,1.4968304994221786
SI Market + Oral,TRx (Adjusted),ACTEMRA SQ,PRODUCT,Y,2026-05-01,0.9828281317431452
SI Market + Oral,TRx (Adjusted),ACTEMRA SQ,PRODUCT,Y,2026-05-08,1.0047178023045504
SI Market + Oral,TRx (Adjusted),BIMZELX,PRODUCT,Y,2024-05-03,1.0210727637441888
SI Market + Oral,TRx (Adjusted),BIMZELX,PRODUCT,Y,2024-05-10,0.8923740594049888
SI Market + Oral,TRx (Adjusted),BIMZELX,PRODUCT,Y,2024-05-17,0.8684352987476984
SI Market + Oral,TRx (Adjusted),BIMZELX,PRODUCT,Y,2024-05-24,0.8214600973135423
SI Market + Oral,TRx (Adjusted),BIMZELX,PRODUCT,Y,2024-05-31,0.0
SI Market + Oral,TRx (Adjusted),BIMZELX,PRODUCT,Y,2024-06-07,0.0
SI Market + Oral,TRx (Adjusted),BIMZELX,PRODUCT,Y,2024-06-14,0.0
SI Market + Oral,TRx (Adjusted),BIMZELX,PRODUCT,Y,2024-06-21,0.0
SI Market + Oral,TRx (Adjusted),BIMZELX,PRODUCT,Y,2024-06-28,0.0
SI Market + Oral,TRx (Adjusted),BIMZELX,PRODUCT,Y,2024-07-05,0.0
SI Market + Oral,TRx (Adjusted),BIMZELX,PRODUCT,Y,2024-07-12,0.0
SI Market + Oral,TRx (Adjusted),BIMZELX,PRODUCT,Y,2024-07-19,0.0
SI Market + Oral,TRx (Adjusted),BIMZELX,PRODUCT,Y,2024-07-26,0.0
SI Market + Oral,TRx (Adjusted),BIMZELX,PRODUCT,Y,2024-08-02,0.0
SI Market + Oral,TRx (Adjusted),BIMZELX,PRODUCT,Y,2024-08-09,0.0
SI Market + Oral,TRx (Adjusted),BIMZELX,PRODUCT,Y,2024-08-16,0.0
SI Market + Oral,TRx (Adjusted),BIMZELX,PRODUCT,Y,2024-08-23,0.0
SI Market + Oral,TRx (Adjusted),BIMZELX,PRODUCT,Y,2024-08-30,0.0
SI Market + Oral,TRx (Adjusted),BIMZELX,PRODUCT,Y,2024-09-06,0.0
SI Market + Oral,TRx (Adjusted),BIMZELX,PRODUCT,Y,2024-09-13,0.0
SI Market + Oral,TRx (Adjusted),BIMZELX,PRODUCT,Y,2024-09-20,0.0
SI Market + Oral,TRx (Adjusted),BIMZELX,PRODUCT,Y,2024-09-27,0.0
SI Market + Oral,TRx (Adjusted),BIMZELX,PRODUCT,Y,2024-10-04,0.0
SI Market + Oral,TRx (Adjusted),BIMZELX,PRODUCT,Y,2024-10-11,0.0
SI Market + Oral,TRx (Adjusted),BIMZELX,PRODUCT,Y,2024-10-18,0.0
SI Market + Oral,TRx (Adjusted),BIMZELX,PRODUCT,Y,2024-10-25,0.0
SI Market + Oral,TRx (Adjusted),BIMZELX,PRODUCT,Y,2024-11-01,0.0
SI Market + Oral,TRx (Adjusted),BIMZELX,PRODUCT,Y,2024-11-08,0.0
SI Market + Oral,TRx (Adjusted),BIMZELX,PRODUCT,Y,2024-11-15,0.0
SI Market + Oral,TRx (Adjusted),BIMZELX,PRODUCT,Y,2024-11-22,0.0
SI Market + Oral,TRx (Adjusted),BIMZELX,PRODUCT,Y,2024-11-29,0.0
SI Market + Oral,TRx (Adjusted),BIMZELX,PRODUCT,Y,2024-12-06,0.0
SI Market + Oral,TRx (Adjusted),BIMZELX,PRODUCT,Y,2024-12-13,0.0
SI Market + Oral,TRx (Adjusted),BIMZELX,PRODUCT,Y,2024-12-20,0.0
SI Market + Oral,TRx (Adjusted),BIMZELX,PRODUCT,Y,2024-12-27,0.0
SI Market + Oral,TRx (Adjusted),BIMZELX,PRODUCT,Y,2025-01-03,0.0
SI Market + Oral,TRx (Adjusted),BIMZELX,PRODUCT,Y,2025-01-10,0.0
SI Market + Oral,TRx (Adjusted),BIMZELX,PRODUCT,Y,2025-01-17,0.0
SI Market + Oral,TRx (Adjusted),BIMZELX,PRODUCT,Y,2025-01-24,0.0
SI Market + Oral,TRx (Adjusted),BIMZELX,PRODUCT,Y,2025-01-31,0.0
SI Market + Oral,TRx (Adjusted),BIMZELX,PRODUCT,Y,2025-02-07,0.0
SI Market + Oral,TRx (Adjusted),BIMZELX,PRODUCT,Y,2025-02-14,0.0
SI Market + Oral,TRx (Adjusted),BIMZELX,PRODUCT,Y,2025-02-21,0.0
SI Market + Oral,TRx (Adjusted),BIMZELX,PRODUCT,Y,2025-02-28,0.0
SI Market + Oral,TRx (Adjusted),BIMZELX,PRODUCT,Y,2025-03-07,0.0
SI Market + Oral,TRx (Adjusted),BIMZELX,PRODUCT,Y,2025-03-14,0.0
SI Market + Oral,TRx (Adjusted),BIMZELX,PRODUCT,Y,2025-03-21,0.0
SI Market + Oral,TRx (Adjusted),BIMZELX,PRODUCT,Y,2025-03-28,0.0
SI Market + Oral,TRx (Adjusted),BIMZELX,PRODUCT,Y,2025-04-04,0.0
SI Market + Oral,TRx (Adjusted),BIMZELX,PRODUCT,Y,2025-04-11,0.0
SI Market + Oral,TRx (Adjusted),BIMZELX,PRODUCT,Y,2025-04-18,0.0
SI Market + Oral,TRx (Adjusted),BIMZELX,PRODUCT,Y,2025-04-25,0.0
SI Market + Oral,TRx (Adjusted),BIMZELX,PRODUCT,Y,2025-05-02,0.0
SI Market + Oral,TRx (Adjusted),BIMZELX,PRODUCT,Y,2025-05-09,0.0
SI Market + Oral,TRx (Adjusted),BIMZELX,PRODUCT,Y,2025-05-16,0.0
SI Market + Oral,TRx (Adjusted),BIMZELX,PRODUCT,Y,2025-05-23,0.0
SI Market + Oral,TRx (Adjusted),BIMZELX,PRODUCT,Y,2025-05-30,0.0
SI Market + Oral,TRx (Adjusted),BIMZELX,PRODUCT,Y,2025-06-06,0.0
SI Market + Oral,TRx (Adjusted),BIMZELX,PRODUCT,Y,2025-06-13,0.0
SI Market + Oral,TRx (Adjusted),BIMZELX,PRODUCT,Y,2025-06-20,0.0
SI Market + Oral,TRx (Adjusted),BIMZELX,PRODUCT,Y,2025-06-27,0.0
SI Market + Oral,TRx (Adjusted),BIMZELX,PRODUCT,Y,2025-07-04,0.0
SI Market + Oral,TRx (Adjusted),BIMZELX,PRODUCT,Y,2025-07-11,0.2650187468234031
SI Market + Oral,TRx (Adjusted),BIMZELX,PRODUCT,Y,2025-07-18,0.4039571748605985
SI Market + Oral,TRx (Adjusted),BIMZELX,PRODUCT,Y,2025-07-25,0.3393137406271848
SI Market + Oral,TRx (Adjusted),BIMZELX,PRODUCT,Y,2025-08-01,0.2894644958139147
SI Market + Oral,TRx (Adjusted),BIMZELX,PRODUCT,Y,2025-08-08,0.6840133612739671
SI Market + Oral,TRx (Adjusted),BIMZELX,PRODUCT,Y,2025-08-15,0.5830232203525316
SI Market + Oral,TRx (Adjusted),BIMZELX,PRODUCT,Y,2025-08-22,0.4639973831978087
SI Market + Oral,TRx (Adjusted),BIMZELX,PRODUCT,Y,2025-08-29,0.6025096090717971
SI Market + Oral,TRx (Adjusted),BIMZELX,PRODUCT,Y,2025-09-05,0.6638907681165119
SI Market + Oral,TRx (Adjusted),BIMZELX,PRODUCT,Y,2025-09-12,1.0650958691551002
SI Market + Oral,TRx (Adjusted),BIMZELX,PRODUCT,Y,2025-09-19,0.8225233972329596
SI Market + Oral,TRx (Adjusted),BIMZELX,PRODUCT,Y,2025-09-26,0.8177662027994296
SI Market + Oral,TRx (Adjusted),BIMZELX,PRODUCT,Y,2025-10-03,0.8838015940100215
SI Market + Oral,TRx (Adjusted),BIMZELX,PRODUCT,Y,2025-10-10,0.635397839682082
SI Market + Oral,TRx (Adjusted),BIMZELX,PRODUCT,Y,2025-10-17,0.9430545841816208
SI Market + Oral,TRx (Adjusted),BIMZELX,PRODUCT,Y,2025-10-24,0.6281639578780784
SI Market + Oral,TRx (Adjusted),BIMZELX,PRODUCT,Y,2025-10-31,1.0410018919572386
SI Market + Oral,TRx (Adjusted),BIMZELX,PRODUCT,Y,2025-11-07,1.029297738764642
SI Market + Oral,TRx (Adjusted),BIMZELX,PRODUCT,Y,2025-11-14,1.030628384566619
SI Market + Oral,TRx (Adjusted),BIMZELX,PRODUCT,Y,2025-11-21,1.1153899019771998
SI Market + Oral,TRx (Adjusted),BIMZELX,PRODUCT,Y,2025-11-28,0.5899893179346545
SI Market + Oral,TRx (Adjusted),BIMZELX,PRODUCT,Y,2025-12-05,1.2124191929460586
SI Market + Oral,TRx (Adjusted),BIMZELX,PRODUCT,Y,2025-12-12,0.873403878633014
SI Market + Oral,TRx (Adjusted),BIMZELX,PRODUCT,Y,2025-12-19,1.2022929211600188
SI Market + Oral,TRx (Adjusted),BIMZELX,PRODUCT,Y,2025-12-26,0.5796235505409271
SI Market + Oral,TRx (Adjusted),BIMZELX,PRODUCT,Y,2026-01-02,0.8846408816985151
SI Market + Oral,TRx (Adjusted),BIMZELX,PRODUCT,Y,2026-01-09,1.912290080145136
SI Market + Oral,TRx (Adjusted),BIMZELX,PRODUCT,Y,2026-01-16,2.2303072276905427
SI Market + Oral,TRx (Adjusted),BIMZELX,PRODUCT,Y,2026-01-23,1.84066372161024
SI Market + Oral,TRx (Adjusted),BIMZELX,PRODUCT,Y,2026-01-30,1.1472735080571252
SI Market + Oral,TRx (Adjusted),BIMZELX,PRODUCT,Y,2026-02-06,2.498568369764018
SI Market + Oral,TRx (Adjusted),BIMZELX,PRODUCT,Y,2026-02-13,2.260556108577196
SI Market + Oral,TRx (Adjusted),BIMZELX,PRODUCT,Y,2026-02-20,2.481211342275051
SI Market + Oral,TRx (Adjusted),BIMZELX,PRODUCT,Y,2026-02-27,2.721830039436536
SI Market + Oral,TRx (Adjusted),BIMZELX,PRODUCT,Y,2026-03-06,4.8761745474420986
SI Market + Oral,TRx (Adjusted),BIMZELX,PRODUCT,Y,2026-03-13,4.57103678193652
SI Market + Oral,TRx (Adjusted),BIMZELX,PRODUCT,Y,2026-03-20,3.5313355592582223
SI Market + Oral,TRx (Adjusted),BIMZELX,PRODUCT,Y,2026-03-27,3.8843278915168855
SI Market + Oral,TRx (Adjusted),BIMZELX,PRODUCT,Y,2026-04-03,5.051123597808558
SI Market + Oral,TRx (Adjusted),BIMZELX,PRODUCT,Y,2026-04-10,3.275758275575478
SI Market + Oral,TRx (Adjusted),BIMZELX,PRODUCT,Y,2026-04-17,3.663527452089652
SI Market + Oral,TRx (Adjusted),BIMZELX,PRODUCT,Y,2026-04-24,4.508206889058175
SI Market + Oral,TRx (Adjusted),BIMZELX,PRODUCT,Y,2026-05-01,4.866745314363191
SI Market + Oral,TRx (Adjusted),BIMZELX,PRODUCT,Y,2026-05-08,5.532724555948571
SI Market + Oral,TRx (Adjusted),COSENTYX SQ,PRODUCT,Y,2024-05-03,2.619354729964269
SI Market + Oral,TRx (Adjusted),COSENTYX SQ,PRODUCT,Y,2024-05-10,3.560771513682746
SI Market + Oral,TRx (Adjusted),COSENTYX SQ,PRODUCT,Y,2024-05-17,3.29473713508982
SI Market + Oral,TRx (Adjusted),COSENTYX SQ,PRODUCT,Y,2024-05-24,2.6893420290994
SI Market + Oral,TRx (Adjusted),COSENTYX SQ,PRODUCT,Y,2024-05-31,4.409765334640922
SI Market + Oral,TRx (Adjusted),COSENTYX SQ,PRODUCT,Y,2024-06-07,3.799637714509576
SI Market + Oral,TRx (Adjusted),COSENTYX SQ,PRODUCT,Y,2024-06-14,5.1248746713451
SI Market + Oral,TRx (Adjusted),COSENTYX SQ,PRODUCT,Y,2024-06-21,5.261694740702323
SI Market + Oral,TRx (Adjusted),COSENTYX SQ,PRODUCT,Y,2024-06-28,4.942356352138172
SI Market + Oral,TRx (Adjusted),COSENTYX SQ,PRODUCT,Y,2024-07-05,5.403190007383883
SI Market + Oral,TRx (Adjusted),COSENTYX SQ,PRODUCT,Y,2024-07-12,5.217653707020062
SI Market + Oral,TRx (Adjusted),COSENTYX SQ,PRODUCT,Y,2024-07-19,6.751304002861926
SI Market + Oral,TRx (Adjusted),COSENTYX SQ,PRODUCT,Y,2024-07-26,6.738951289921109
SI Market + Oral,TRx (Adjusted),COSENTYX SQ,PRODUCT,Y,2024-08-02,7.259631532820173
SI Market + Oral,TRx (Adjusted),COSENTYX SQ,PRODUCT,Y,2024-08-09,6.108147325290071
SI Market + Oral,TRx (Adjusted),COSENTYX SQ,PRODUCT,Y,2024-08-16,7.116485686742255
SI Market + Oral,TRx (Adjusted),COSENTYX SQ,PRODUCT,Y,2024-08-23,7.286290357523829
SI Market + Oral,TRx (Adjusted),COSENTYX SQ,PRODUCT,Y,2024-08-30,5.779801351322154
SI Market + Oral,TRx (Adjusted),COSENTYX SQ,PRODUCT,Y,2024-09-06,5.636342411011265
SI Market + Oral,TRx (Adjusted),COSENTYX SQ,PRODUCT,Y,2024-09-13,6.399062636750935
SI Market + Oral,TRx (Adjusted),COSENTYX SQ,PRODUCT,Y,2024-09-20,6.781164948717263
SI Market + Oral,TRx (Adjusted),COSENTYX SQ,PRODUCT,Y,2024-09-27,5.461947003634234
SI Market + Oral,TRx (Adjusted),COSENTYX SQ,PRODUCT,Y,2024-10-04,3.877307800898959
SI Market + Oral,TRx (Adjusted),COSENTYX SQ,PRODUCT,Y,2024-10-11,3.452074111693145
SI Market + Oral,TRx (Adjusted),COSENTYX SQ,PRODUCT,Y,2024-10-18,6.271761449739634
SI Market + Oral,TRx (Adjusted),COSENTYX SQ,PRODUCT,Y,2024-10-25,4.779320166600055
SI Market + Oral,TRx (Adjusted),COSENTYX SQ,PRODUCT,Y,2024-11-01,5.265902786285299
SI Market + Oral,TRx (Adjusted),COSENTYX SQ,PRODUCT,Y,2024-11-08,4.170757906483328
SI Market + Oral,TRx (Adjusted),COSENTYX SQ,PRODUCT,Y,2024-11-15,4.99373135424756
SI Market + Oral,TRx (Adjusted),COSENTYX SQ,PRODUCT,Y,2024-11-22,4.385626957051271
SI Market + Oral,TRx (Adjusted),COSENTYX SQ,PRODUCT,Y,2024-11-29,3.930996639788255
SI Market + Oral,TRx (Adjusted),COSENTYX SQ,PRODUCT,Y,2024-12-06,6.121888089794435
SI Market + Oral,TRx (Adjusted),COSENTYX SQ,PRODUCT,Y,2024-12-13,3.97895565975569
SI Market + Oral,TRx (Adjusted),COSENTYX SQ,PRODUCT,Y,2024-12-20,5.64105134274242
SI Market + Oral,TRx (Adjusted),COSENTYX SQ,PRODUCT,Y,2024-12-27,3.34158843127354
SI Market + Oral,TRx (Adjusted),COSENTYX SQ,PRODUCT,Y,2025-01-03,3.567680142251168
SI Market + Oral,TRx (Adjusted),COSENTYX SQ,PRODUCT,Y,2025-01-10,3.9955874833074
SI Market + Oral,TRx (Adjusted),COSENTYX SQ,PRODUCT,Y,2025-01-17,3.5471924590263386
SI Market + Oral,TRx (Adjusted),COSENTYX SQ,PRODUCT,Y,2025-01-24,4.080618837678924
SI Market + Oral,TRx (Adjusted),COSENTYX SQ,PRODUCT,Y,2025-01-31,3.574456908503577
SI Market + Oral,TRx (Adjusted),COSENTYX SQ,PRODUCT,Y,2025-02-07,3.512836317726901
SI Market + Oral,TRx (Adjusted),COSENTYX SQ,PRODUCT,Y,2025-02-14,2.831988489177144
SI Market + Oral,TRx (Adjusted),COSENTYX SQ,PRODUCT,Y,2025-02-21,2.2731827211922053
SI Market + Oral,TRx (Adjusted),COSENTYX SQ,PRODUCT,Y,2025-02-28,2.705295727743221
SI Market + Oral,TRx (Adjusted),COSENTYX SQ,PRODUCT,Y,2025-03-07,2.242010205606164
SI Market + Oral,TRx (Adjusted),COSENTYX SQ,PRODUCT,Y,2025-03-14,1.7108101042703543
SI Market + Oral,TRx (Adjusted),COSENTYX SQ,PRODUCT,Y,2025-03-21,2.2274546326688776
SI Market + Oral,TRx (Adjusted),COSENTYX SQ,PRODUCT,Y,2025-03-28,2.833283721794425
SI Market + Oral,TRx (Adjusted),COSENTYX SQ,PRODUCT,Y,2025-04-04,2.4618589119720378
SI Market + Oral,TRx (Adjusted),COSENTYX SQ,PRODUCT,Y,2025-04-11,2.1116784497337213
SI Market + Oral,TRx (Adjusted),COSENTYX SQ,PRODUCT,Y,2025-04-18,1.9638666620175176
SI Market + Oral,TRx (Adjusted),COSENTYX SQ,PRODUCT,Y,2025-04-25,2.6339373300794606
SI Market + Oral,TRx (Adjusted),COSENTYX SQ,PRODUCT,Y,2025-05-02,1.860184290687388
SI Market + Oral,TRx (Adjusted),COSENTYX SQ,PRODUCT,Y,2025-05-09,1.8876557943523344
SI Market + Oral,TRx (Adjusted),COSENTYX SQ,PRODUCT,Y,2025-05-16,2.5795488980481265
SI Market + Oral,TRx (Adjusted),COSENTYX SQ,PRODUCT,Y,2025-05-23,2.1174412413578136
SI Market + Oral,TRx (Adjusted),COSENTYX SQ,PRODUCT,Y,2025-05-30,2.1746092209469947
SI Market + Oral,TRx (Adjusted),COSENTYX SQ,PRODUCT,Y,2025-06-06,2.119548541048476
SI Market + Oral,TRx (Adjusted),COSENTYX SQ,PRODUCT,Y,2025-06-13,1.9865002067467112
SI Market + Oral,TRx (Adjusted),COSENTYX SQ,PRODUCT,Y,2025-06-20,2.0663648485523063
SI Market + Oral,TRx (Adjusted),COSENTYX SQ,PRODUCT,Y,2025-06-27,3.328473866389825
SI Market + Oral,TRx (Adjusted),COSENTYX SQ,PRODUCT,Y,2025-07-04,2.574469528187004
SI Market + Oral,TRx (Adjusted),COSENTYX SQ,PRODUCT,Y,2025-07-11,2.180691896646681
SI Market + Oral,TRx (Adjusted),COSENTYX SQ,PRODUCT,Y,2025-07-18,1.9233730820704185
SI Market + Oral,TRx (Adjusted),COSENTYX SQ,PRODUCT,Y,2025-07-25,1.890148006636048
SI Market + Oral,TRx (Adjusted),COSENTYX SQ,PRODUCT,Y,2025-08-01,2.4867073168323577
SI Market + Oral,TRx (Adjusted),COSENTYX SQ,PRODUCT,Y,2025-08-08,1.5800041270816645
SI Market + Oral,TRx (Adjusted),COSENTYX SQ,PRODUCT,Y,2025-08-15,1.9207640801159669
SI Market + Oral,TRx (Adjusted),COSENTYX SQ,PRODUCT,Y,2025-08-22,1.8589679627886508
SI Market + Oral,TRx (Adjusted),COSENTYX SQ,PRODUCT,Y,2025-08-29,1.518903014263592
SI Market + Oral,TRx (Adjusted),COSENTYX SQ,PRODUCT,Y,2025-09-05,0.7227417211372319
SI Market + Oral,TRx (Adjusted),COSENTYX SQ,PRODUCT,Y,2025-09-12,1.1904037064139688
SI Market + Oral,TRx (Adjusted),COSENTYX SQ,PRODUCT,Y,2025-09-19,1.2397710349631983
SI Market + Oral,TRx (Adjusted),COSENTYX SQ,PRODUCT,Y,2025-09-26,1.1943155897934885
SI Market + Oral,TRx (Adjusted),COSENTYX SQ,PRODUCT,Y,2025-10-03,1.3825317541258064
SI Market + Oral,TRx (Adjusted),COSENTYX SQ,PRODUCT,Y,2025-10-10,0.7596665688081371
SI Market + Oral,TRx (Adjusted),COSENTYX SQ,PRODUCT,Y,2025-10-17,0.9060695720552198
SI Market + Oral,TRx (Adjusted),COSENTYX SQ,PRODUCT,Y,2025-10-24,0.8851152262553165
SI Market + Oral,TRx (Adjusted),COSENTYX SQ,PRODUCT,Y,2025-10-31,0.948152192110418
SI Market + Oral,TRx (Adjusted),COSENTYX SQ,PRODUCT,Y,2025-11-07,0.5913700856150581
SI Market + Oral,TRx (Adjusted),COSENTYX SQ,PRODUCT,Y,2025-11-14,0.584653243647076
SI Market + Oral,TRx (Adjusted),COSENTYX SQ,PRODUCT,Y,2025-11-21,0.7581480317301064
SI Market + Oral,TRx (Adjusted),COSENTYX SQ,PRODUCT,Y,2025-11-28,0.5984179765011397
SI Market + Oral,TRx (Adjusted),COSENTYX SQ,PRODUCT,Y,2025-12-05,0.3308496482448287
SI Market + Oral,TRx (Adjusted),COSENTYX SQ,PRODUCT,Y,2025-12-12,0.3632167515933545
SI Market + Oral,TRx (Adjusted),COSENTYX SQ,PRODUCT,Y,2025-12-19,0.3476807807393602
SI Market + Oral,TRx (Adjusted),COSENTYX SQ,PRODUCT,Y,2025-12-26,0.2844091144699351
SI Market + Oral,TRx (Adjusted),COSENTYX SQ,PRODUCT,Y,2026-01-02,0.3272552093441773
SI Market + Oral,TRx (Adjusted),COSENTYX SQ,PRODUCT,Y,2026-01-09,0.0
SI Market + Oral,TRx (Adjusted),COSENTYX SQ,PRODUCT,Y,2026-01-16,0.0
SI Market + Oral,TRx (Adjusted),COSENTYX SQ,PRODUCT,Y,2026-01-23,0.0
SI Market + Oral,TRx (Adjusted),COSENTYX SQ,PRODUCT,Y,2026-01-30,0.0
SI Market + Oral,TRx (Adjusted),COSENTYX SQ,PRODUCT,Y,2026-02-06,0.2748297563623744
SI Market + Oral,TRx (Adjusted),COSENTYX SQ,PRODUCT,Y,2026-02-13,0.2826448663316276
SI Market + Oral,TRx (Adjusted),COSENTYX SQ,PRODUCT,Y,2026-02-20,0.2886917445082965
SI Market + Oral,TRx (Adjusted),COSENTYX SQ,PRODUCT,Y,2026-02-27,0.4184407187571675
SI Market + Oral,TRx (Adjusted),COSENTYX SQ,PRODUCT,Y,2026-03-06,0.9171562680341394
SI Market + Oral,TRx (Adjusted),COSENTYX SQ,PRODUCT,Y,2026-03-13,0.7763503871821643
SI Market + Oral,TRx (Adjusted),COSENTYX SQ,PRODUCT,Y,2026-03-20,0.8123240978159335
SI Market + Oral,TRx (Adjusted),COSENTYX SQ,PRODUCT,Y,2026-03-27,0.8859855348542537
SI Market + Oral,TRx (Adjusted),COSENTYX SQ,PRODUCT,Y,2026-04-03,0.6161192514839025
SI Market + Oral,TRx (Adjusted),COSENTYX SQ,PRODUCT,Y,2026-04-10,0.7717599748794874
SI Market + Oral,TRx (Adjusted),COSENTYX SQ,PRODUCT,Y,2026-04-17,0.7111855789663604
SI Market + Oral,TRx (Adjusted),COSENTYX SQ,PRODUCT,Y,2026-04-24,0.7555725205398229
SI Market + Oral,TRx (Adjusted),COSENTYX SQ,PRODUCT,Y,2026-05-01,0.599911454058367
SI Market + Oral,TRx (Adjusted),COSENTYX SQ,PRODUCT,Y,2026-05-08,0.961382850315249
SI Market + Oral,TRx (Adjusted),ENBREL,PRODUCT,Y,2024-05-03,22.76866133784773
SI Market + Oral,TRx (Adjusted),ENBREL,PRODUCT,Y,2024-05-10,16.316008011210354
SI Market + Oral,TRx (Adjusted),ENBREL,PRODUCT,Y,2024-05-17,23.2215487200384
SI Market + Oral,TRx (Adjusted),ENBREL,PRODUCT,Y,2024-05-24,19.3977500424524
SI Market + Oral,TRx (Adjusted),ENBREL,PRODUCT,Y,2024-05-31,17.605847772084132
SI Market + Oral,TRx (Adjusted),ENBREL,PRODUCT,Y,2024-06-07,24.030185678910872
SI Market + Oral,TRx (Adjusted),ENBREL,PRODUCT,Y,2024-06-14,18.52732090664028
SI Market + Oral,TRx (Adjusted),ENBREL,PRODUCT,Y,2024-06-21,24.46391811055176
SI Market + Oral,TRx (Adjusted),ENBREL,PRODUCT,Y,2024-06-28,19.32943583094071
SI Market + Oral,TRx (Adjusted),ENBREL,PRODUCT,Y,2024-07-05,18.26513566875268
SI Market + Oral,TRx (Adjusted),ENBREL,PRODUCT,Y,2024-07-12,20.22693662435256
SI Market + Oral,TRx (Adjusted),ENBREL,PRODUCT,Y,2024-07-19,17.4369796942669
SI Market + Oral,TRx (Adjusted),ENBREL,PRODUCT,Y,2024-07-26,24.254223407873127
SI Market + Oral,TRx (Adjusted),ENBREL,PRODUCT,Y,2024-08-02,21.57733961786102
SI Market + Oral,TRx (Adjusted),ENBREL,PRODUCT,Y,2024-08-09,20.12924580821768
SI Market + Oral,TRx (Adjusted),ENBREL,PRODUCT,Y,2024-08-16,25.65447379039159
SI Market + Oral,TRx (Adjusted),ENBREL,PRODUCT,Y,2024-08-23,18.65003966871111
SI Market + Oral,TRx (Adjusted),ENBREL,PRODUCT,Y,2024-08-30,17.874488250233494
SI Market + Oral,TRx (Adjusted),ENBREL,PRODUCT,Y,2024-09-06,19.390638532101747
SI Market + Oral,TRx (Adjusted),ENBREL,PRODUCT,Y,2024-09-13,19.321272920771445
SI Market + Oral,TRx (Adjusted),ENBREL,PRODUCT,Y,2024-09-20,24.17324355566374
SI Market + Oral,TRx (Adjusted),ENBREL,PRODUCT,Y,2024-09-27,22.98889479520788
SI Market + Oral,TRx (Adjusted),ENBREL,PRODUCT,Y,2024-10-04,21.167895101022047
SI Market + Oral,TRx (Adjusted),ENBREL,PRODUCT,Y,2024-10-11,21.38023038116724
SI Market + Oral,TRx (Adjusted),ENBREL,PRODUCT,Y,2024-10-18,25.392487516503625
SI Market + Oral,TRx (Adjusted),ENBREL,PRODUCT,Y,2024-10-25,15.371159666480754
SI Market + Oral,TRx (Adjusted),ENBREL,PRODUCT,Y,2024-11-01,18.09083247826617
SI Market + Oral,TRx (Adjusted),ENBREL,PRODUCT,Y,2024-11-08,22.23147950153524
SI Market + Oral,TRx (Adjusted),ENBREL,PRODUCT,Y,2024-11-15,18.030981011123625
SI Market + Oral,TRx (Adjusted),ENBREL,PRODUCT,Y,2024-11-22,17.29604030415289
SI Market + Oral,TRx (Adjusted),ENBREL,PRODUCT,Y,2024-11-29,14.815931791579189
SI Market + Oral,TRx (Adjusted),ENBREL,PRODUCT,Y,2024-12-06,21.79747526989569
SI Market + Oral,TRx (Adjusted),ENBREL,PRODUCT,Y,2024-12-13,23.744181617017222
SI Market + Oral,TRx (Adjusted),ENBREL,PRODUCT,Y,2024-12-20,21.94063770162446
SI Market + Oral,TRx (Adjusted),ENBREL,PRODUCT,Y,2024-12-27,17.02601636928727
SI Market + Oral,TRx (Adjusted),ENBREL,PRODUCT,Y,2025-01-03,13.333151132997306
SI Market + Oral,TRx (Adjusted),ENBREL,PRODUCT,Y,2025-01-10,16.284590974433886
SI Market + Oral,TRx (Adjusted),ENBREL,PRODUCT,Y,2025-01-17,16.670071053312384
SI Market + Oral,TRx (Adjusted),ENBREL,PRODUCT,Y,2025-01-24,18.04886263434532
SI Market + Oral,TRx (Adjusted),ENBREL,PRODUCT,Y,2025-01-31,24.49160442844789
SI Market + Oral,TRx (Adjusted),ENBREL,PRODUCT,Y,2025-02-07,18.40590503226235
SI Market + Oral,TRx (Adjusted),ENBREL,PRODUCT,Y,2025-02-14,18.33473667349334
SI Market + Oral,TRx (Adjusted),ENBREL,PRODUCT,Y,2025-02-21,16.22749923868625
SI Market + Oral,TRx (Adjusted),ENBREL,PRODUCT,Y,2025-02-28,17.333837840990274
SI Market + Oral,TRx (Adjusted),ENBREL,PRODUCT,Y,2025-03-07,23.131193040535805
SI Market + Oral,TRx (Adjusted),ENBREL,PRODUCT,Y,2025-03-14,19.338188040225823
SI Market + Oral,TRx (Adjusted),ENBREL,PRODUCT,Y,2025-03-21,19.791539000387854
SI Market + Oral,TRx (Adjusted),ENBREL,PRODUCT,Y,2025-03-28,22.069344719301785
SI Market + Oral,TRx (Adjusted),ENBREL,PRODUCT,Y,2025-04-04,16.94043357513712
SI Market + Oral,TRx (Adjusted),ENBREL,PRODUCT,Y,2025-04-11,16.267731491095464
SI Market + Oral,TRx (Adjusted),ENBREL,PRODUCT,Y,2025-04-18,15.58059817263596
SI Market + Oral,TRx (Adjusted),ENBREL,PRODUCT,Y,2025-04-25,19.806547736962337
SI Market + Oral,TRx (Adjusted),ENBREL,PRODUCT,Y,2025-05-02,16.026449802136256
SI Market + Oral,TRx (Adjusted),ENBREL,PRODUCT,Y,2025-05-09,18.36490762353557
SI Market + Oral,TRx (Adjusted),ENBREL,PRODUCT,Y,2025-05-16,15.30515351091764
SI Market + Oral,TRx (Adjusted),ENBREL,PRODUCT,Y,2025-05-23,15.893869658600993
SI Market + Oral,TRx (Adjusted),ENBREL,PRODUCT,Y,2025-05-30,17.02924389817427
SI Market + Oral,TRx (Adjusted),ENBREL,PRODUCT,Y,2025-06-06,23.70504573679135
SI Market + Oral,TRx (Adjusted),ENBREL,PRODUCT,Y,2025-06-13,19.65187411424625
SI Market + Oral,TRx (Adjusted),ENBREL,PRODUCT,Y,2025-06-20,14.544569573765374
SI Market + Oral,TRx (Adjusted),ENBREL,PRODUCT,Y,2025-06-27,15.887232482306072
SI Market + Oral,TRx (Adjusted),ENBREL,PRODUCT,Y,2025-07-04,14.828759228015588
SI Market + Oral,TRx (Adjusted),ENBREL,PRODUCT,Y,2025-07-11,17.388248329930295
SI Market + Oral,TRx (Adjusted),ENBREL,PRODUCT,Y,2025-07-18,19.34967214680664
SI Market + Oral,TRx (Adjusted),ENBREL,PRODUCT,Y,2025-07-25,22.170213954797344
SI Market + Oral,TRx (Adjusted),ENBREL,PRODUCT,Y,2025-08-01,22.28583899422573
SI Market + Oral,TRx (Adjusted),ENBREL,PRODUCT,Y,2025-08-08,17.54675838364492
SI Market + Oral,TRx (Adjusted),ENBREL,PRODUCT,Y,2025-08-15,19.33087012954969
SI Market + Oral,TRx (Adjusted),ENBREL,PRODUCT,Y,2025-08-22,18.83559011241218
SI Market + Oral,TRx (Adjusted),ENBREL,PRODUCT,Y,2025-08-29,23.44251099647612
SI Market + Oral,TRx (Adjusted),ENBREL,PRODUCT,Y,2025-09-05,17.420692394741256
SI Market + Oral,TRx (Adjusted),ENBREL,PRODUCT,Y,2025-09-12,24.761212104048475
SI Market + Oral,TRx (Adjusted),ENBREL,PRODUCT,Y,2025-09-19,30.49596079339792
SI Market + Oral,TRx (Adjusted),ENBREL,PRODUCT,Y,2025-09-26,18.728024231375915
SI Market + Oral,TRx (Adjusted),ENBREL,PRODUCT,Y,2025-10-03,25.393394295127187
SI Market + Oral,TRx (Adjusted),ENBREL,PRODUCT,Y,2025-10-10,21.57621689641565
SI Market + Oral,TRx (Adjusted),ENBREL,PRODUCT,Y,2025-10-17,21.4451329860954
SI Market + Oral,TRx (Adjusted),ENBREL,PRODUCT,Y,2025-10-24,31.67539418637841
SI Market + Oral,TRx (Adjusted),ENBREL,PRODUCT,Y,2025-10-31,19.67538896077205
SI Market + Oral,TRx (Adjusted),ENBREL,PRODUCT,Y,2025-11-07,31.60661192427517
SI Market + Oral,TRx (Adjusted),ENBREL,PRODUCT,Y,2025-11-14,23.66509931381107
SI Market + Oral,TRx (Adjusted),ENBREL,PRODUCT,Y,2025-11-21,21.64649481607092
SI Market + Oral,TRx (Adjusted),ENBREL,PRODUCT,Y,2025-11-28,16.48489355860764
SI Market + Oral,TRx (Adjusted),ENBREL,PRODUCT,Y,2025-12-05,29.49915398665619
SI Market + Oral,TRx (Adjusted),ENBREL,PRODUCT,Y,2025-12-12,22.61277233276214
SI Market + Oral,TRx (Adjusted),ENBREL,PRODUCT,Y,2025-12-19,30.559731488351265
SI Market + Oral,TRx (Adjusted),ENBREL,PRODUCT,Y,2025-12-26,22.332002584749823
SI Market + Oral,TRx (Adjusted),ENBREL,PRODUCT,Y,2026-01-02,23.875133807489817
SI Market + Oral,TRx (Adjusted),ENBREL,PRODUCT,Y,2026-01-09,37.275211446073925
SI Market + Oral,TRx (Adjusted),ENBREL,PRODUCT,Y,2026-01-16,27.834656460917493
SI Market + Oral,TRx (Adjusted),ENBREL,PRODUCT,Y,2026-01-23,29.173263720046595
SI Market + Oral,TRx (Adjusted),ENBREL,PRODUCT,Y,2026-01-30,20.073007612085203
SI Market + Oral,TRx (Adjusted),ENBREL,PRODUCT,Y,2026-02-06,37.97343508529426
SI Market + Oral,TRx (Adjusted),ENBREL,PRODUCT,Y,2026-02-13,34.360423518880864
SI Market + Oral,TRx (Adjusted),ENBREL,PRODUCT,Y,2026-02-20,26.66425906682497
SI Market + Oral,TRx (Adjusted),ENBREL,PRODUCT,Y,2026-02-27,25.755836511445622
SI Market + Oral,TRx (Adjusted),ENBREL,PRODUCT,Y,2026-03-06,31.83155362477206
SI Market + Oral,TRx (Adjusted),ENBREL,PRODUCT,Y,2026-03-13,27.487920508699176
SI Market + Oral,TRx (Adjusted),ENBREL,PRODUCT,Y,2026-03-20,33.21679902858128
SI Market + Oral,TRx (Adjusted),ENBREL,PRODUCT,Y,2026-03-27,26.373660089498586
SI Market + Oral,TRx (Adjusted),ENBREL,PRODUCT,Y,2026-04-03,39.41868771968954
SI Market + Oral,TRx (Adjusted),ENBREL,PRODUCT,Y,2026-04-10,38.48429684160239
SI Market + Oral,TRx (Adjusted),ENBREL,PRODUCT,Y,2026-04-17,23.92977266700075
SI Market + Oral,TRx (Adjusted),ENBREL,PRODUCT,Y,2026-04-24,25.130021738148344
SI Market + Oral,TRx (Adjusted),ENBREL,PRODUCT,Y,2026-05-01,38.35535056096784
SI Market + Oral,TRx (Adjusted),ENBREL,PRODUCT,Y,2026-05-08,33.87571272745211
SI Market + Oral,TRx (Adjusted),ILUMYA,PRODUCT,Y,2024-05-03,21.67069209991924
SI Market + Oral,TRx (Adjusted),ILUMYA,PRODUCT,Y,2024-05-10,28.090194157154823
SI Market + Oral,TRx (Adjusted),ILUMYA,PRODUCT,Y,2024-05-17,27.1072647248596
SI Market + Oral,TRx (Adjusted),ILUMYA,PRODUCT,Y,2024-05-24,28.74204642434925
SI Market + Oral,TRx (Adjusted),ILUMYA,PRODUCT,Y,2024-05-31,33.01986636937066
SI Market + Oral,TRx (Adjusted),ILUMYA,PRODUCT,Y,2024-06-07,33.68541411082588
SI Market + Oral,TRx (Adjusted),ILUMYA,PRODUCT,Y,2024-06-14,39.78038363747922
SI Market + Oral,TRx (Adjusted),ILUMYA,PRODUCT,Y,2024-06-21,39.063948705269496
SI Market + Oral,TRx (Adjusted),ILUMYA,PRODUCT,Y,2024-06-28,31.08499634903881
SI Market + Oral,TRx (Adjusted),ILUMYA,PRODUCT,Y,2024-07-05,28.49426765571892
SI Market + Oral,TRx (Adjusted),ILUMYA,PRODUCT,Y,2024-07-12,41.68442310472209
SI Market + Oral,TRx (Adjusted),ILUMYA,PRODUCT,Y,2024-07-19,38.15184432510147
SI Market + Oral,TRx (Adjusted),ILUMYA,PRODUCT,Y,2024-07-26,37.01219349125708
SI Market + Oral,TRx (Adjusted),ILUMYA,PRODUCT,Y,2024-08-02,64.95266315840006
SI Market + Oral,TRx (Adjusted),ILUMYA,PRODUCT,Y,2024-08-09,55.13617679241339
SI Market + Oral,TRx (Adjusted),ILUMYA,PRODUCT,Y,2024-08-16,44.21677058428656
SI Market + Oral,TRx (Adjusted),ILUMYA,PRODUCT,Y,2024-08-23,51.66422321886195
SI Market + Oral,TRx (Adjusted),ILUMYA,PRODUCT,Y,2024-08-30,41.36375400588484
SI Market + Oral,TRx (Adjusted),ILUMYA,PRODUCT,Y,2024-09-06,36.31553264034264
SI Market + Oral,TRx (Adjusted),ILUMYA,PRODUCT,Y,2024-09-13,70.53896534535372
SI Market + Oral,TRx (Adjusted),ILUMYA,PRODUCT,Y,2024-09-20,62.11420053054184
SI Market + Oral,TRx (Adjusted),ILUMYA,PRODUCT,Y,2024-09-27,47.08164931323636
SI Market + Oral,TRx (Adjusted),ILUMYA,PRODUCT,Y,2024-10-04,27.573482106514923
SI Market + Oral,TRx (Adjusted),ILUMYA,PRODUCT,Y,2024-10-11,54.29755913656998
SI Market + Oral,TRx (Adjusted),ILUMYA,PRODUCT,Y,2024-10-18,43.21745209400309
SI Market + Oral,TRx (Adjusted),ILUMYA,PRODUCT,Y,2024-10-25,60.88893100053092
SI Market + Oral,TRx (Adjusted),ILUMYA,PRODUCT,Y,2024-11-01,54.29610834716247
SI Market + Oral,TRx (Adjusted),ILUMYA,PRODUCT,Y,2024-11-08,54.32805109512129
SI Market + Oral,TRx (Adjusted),ILUMYA,PRODUCT,Y,2024-11-15,38.58714328855875
SI Market + Oral,TRx (Adjusted),ILUMYA,PRODUCT,Y,2024-11-22,44.55988632079923
SI Market + Oral,TRx (Adjusted),ILUMYA,PRODUCT,Y,2024-11-29,51.56955883399599
SI Market + Oral,TRx (Adjusted),ILUMYA,PRODUCT,Y,2024-12-06,45.620741229891685
SI Market + Oral,TRx (Adjusted),ILUMYA,PRODUCT,Y,2024-12-13,42.4471860876287
SI Market + Oral,TRx (Adjusted),ILUMYA,PRODUCT,Y,2024-12-20,52.838201595447245
SI Market + Oral,TRx (Adjusted),ILUMYA,PRODUCT,Y,2024-12-27,30.97447696705302
SI Market + Oral,TRx (Adjusted),ILUMYA,PRODUCT,Y,2025-01-03,30.47373881347134
SI Market + Oral,TRx (Adjusted),ILUMYA,PRODUCT,Y,2025-01-10,64.06598820828913
SI Market + Oral,TRx (Adjusted),ILUMYA,PRODUCT,Y,2025-01-17,48.254127752357725
SI Market + Oral,TRx (Adjusted),ILUMYA,PRODUCT,Y,2025-01-24,29.823708192871067
SI Market + Oral,TRx (Adjusted),ILUMYA,PRODUCT,Y,2025-01-31,45.05704586797594
SI Market + Oral,TRx (Adjusted),ILUMYA,PRODUCT,Y,2025-02-07,53.81744882020765
SI Market + Oral,TRx (Adjusted),ILUMYA,PRODUCT,Y,2025-02-14,41.30356102410111
SI Market + Oral,TRx (Adjusted),ILUMYA,PRODUCT,Y,2025-02-21,39.96250175055862
SI Market + Oral,TRx (Adjusted),ILUMYA,PRODUCT,Y,2025-02-28,46.142441203288136
SI Market + Oral,TRx (Adjusted),ILUMYA,PRODUCT,Y,2025-03-07,51.50599467415096
SI Market + Oral,TRx (Adjusted),ILUMYA,PRODUCT,Y,2025-03-14,51.94332724165404
SI Market + Oral,TRx (Adjusted),ILUMYA,PRODUCT,Y,2025-03-21,56.34580110909609
SI Market + Oral,TRx (Adjusted),ILUMYA,PRODUCT,Y,2025-03-28,46.65580564190767
SI Market + Oral,TRx (Adjusted),ILUMYA,PRODUCT,Y,2025-04-04,46.993758664001454
SI Market + Oral,TRx (Adjusted),ILUMYA,PRODUCT,Y,2025-04-11,52.348665528454944
SI Market + Oral,TRx (Adjusted),ILUMYA,PRODUCT,Y,2025-04-18,50.27391675860049
SI Market + Oral,TRx (Adjusted),ILUMYA,PRODUCT,Y,2025-04-25,40.89261762293284
SI Market + Oral,TRx (Adjusted),ILUMYA,PRODUCT,Y,2025-05-02,52.07715797779088
SI Market + Oral,TRx (Adjusted),ILUMYA,PRODUCT,Y,2025-05-09,45.510376987034185
SI Market + Oral,TRx (Adjusted),ILUMYA,PRODUCT,Y,2025-05-16,56.202667335805096
SI Market + Oral,TRx (Adjusted),ILUMYA,PRODUCT,Y,2025-05-23,39.26401808919644
SI Market + Oral,TRx (Adjusted),ILUMYA,PRODUCT,Y,2025-05-30,44.93669097177554
SI Market + Oral,TRx (Adjusted),ILUMYA,PRODUCT,Y,2025-06-06,53.6385774575186
SI Market + Oral,TRx (Adjusted),ILUMYA,PRODUCT,Y,2025-06-13,57.874625694631895
SI Market + Oral,TRx (Adjusted),ILUMYA,PRODUCT,Y,2025-06-20,43.992860073481104
SI Market + Oral,TRx (Adjusted),ILUMYA,PRODUCT,Y,2025-06-27,40.32542849843685
SI Market + Oral,TRx (Adjusted),ILUMYA,PRODUCT,Y,2025-07-04,45.72186036089142
SI Market + Oral,TRx (Adjusted),ILUMYA,PRODUCT,Y,2025-07-11,42.63204228662045
SI Market + Oral,TRx (Adjusted),ILUMYA,PRODUCT,Y,2025-07-18,43.11876382698416
SI Market + Oral,TRx (Adjusted),ILUMYA,PRODUCT,Y,2025-07-25,54.33504352503781
SI Market + Oral,TRx (Adjusted),ILUMYA,PRODUCT,Y,2025-08-01,44.37546196287954
SI Market + Oral,TRx (Adjusted),ILUMYA,PRODUCT,Y,2025-08-08,57.572682107231806
SI Market + Oral,TRx (Adjusted),ILUMYA,PRODUCT,Y,2025-08-15,38.46696530509871
SI Market + Oral,TRx (Adjusted),ILUMYA,PRODUCT,Y,2025-08-22,48.27277742624155
SI Market + Oral,TRx (Adjusted),ILUMYA,PRODUCT,Y,2025-08-29,64.36504434515044
SI Market + Oral,TRx (Adjusted),ILUMYA,PRODUCT,Y,2025-09-05,55.126842626789134
SI Market + Oral,TRx (Adjusted),ILUMYA,PRODUCT,Y,2025-09-12,65.01872565736514
SI Market + Oral,TRx (Adjusted),ILUMYA,PRODUCT,Y,2025-09-19,62.2932121870321
SI Market + Oral,TRx (Adjusted),ILUMYA,PRODUCT,Y,2025-09-26,40.133370399296766
SI Market + Oral,TRx (Adjusted),ILUMYA,PRODUCT,Y,2025-10-03,50.22318849019223
SI Market + Oral,TRx (Adjusted),ILUMYA,PRODUCT,Y,2025-10-10,41.1896793668184
SI Market + Oral,TRx (Adjusted),ILUMYA,PRODUCT,Y,2025-10-17,38.65774669620173
SI Market + Oral,TRx (Adjusted),ILUMYA,PRODUCT,Y,2025-10-24,41.3654816726679
SI Market + Oral,TRx (Adjusted),ILUMYA,PRODUCT,Y,2025-10-31,46.9259056412157
SI Market + Oral,TRx (Adjusted),ILUMYA,PRODUCT,Y,2025-11-07,71.31582939190402
SI Market + Oral,TRx (Adjusted),ILUMYA,PRODUCT,Y,2025-11-14,61.13625267561993
SI Market + Oral,TRx (Adjusted),ILUMYA,PRODUCT,Y,2025-11-21,60.28979570147643
SI Market + Oral,TRx (Adjusted),ILUMYA,PRODUCT,Y,2025-11-28,33.135751662059285
SI Market + Oral,TRx (Adjusted),ILUMYA,PRODUCT,Y,2025-12-05,50.47740595233348
SI Market + Oral,TRx (Adjusted),ILUMYA,PRODUCT,Y,2025-12-12,54.56462984248297
SI Market + Oral,TRx (Adjusted),ILUMYA,PRODUCT,Y,2025-12-19,42.549683030623214
SI Market + Oral,TRx (Adjusted),ILUMYA,PRODUCT,Y,2025-12-26,25.869542165096
SI Market + Oral,TRx (Adjusted),ILUMYA,PRODUCT,Y,2026-01-02,26.961312577007696
SI Market + Oral,TRx (Adjusted),ILUMYA,PRODUCT,Y,2026-01-09,50.61105327918589
SI Market + Oral,TRx (Adjusted),ILUMYA,PRODUCT,Y,2026-01-16,76.3447436710276
SI Market + Oral,TRx (Adjusted),ILUMYA,PRODUCT,Y,2026-01-23,54.2787435030146
SI Market + Oral,TRx (Adjusted),ILUMYA,PRODUCT,Y,2026-01-30,31.962145389704528
SI Market + Oral,TRx (Adjusted),ILUMYA,PRODUCT,Y,2026-02-06,54.26278855004404
SI Market + Oral,TRx (Adjusted),ILUMYA,PRODUCT,Y,2026-02-13,72.17305092684657
SI Market + Oral,TRx (Adjusted),ILUMYA,PRODUCT,Y,2026-02-20,48.68009624697861
SI Market + Oral,TRx (Adjusted),ILUMYA,PRODUCT,Y,2026-02-27,54.75332340797543
SI Market + Oral,TRx (Adjusted),ILUMYA,PRODUCT,Y,2026-03-06,40.94089140460993
SI Market + Oral,TRx (Adjusted),ILUMYA,PRODUCT,Y,2026-03-13,42.51074098971941
SI Market + Oral,TRx (Adjusted),ILUMYA,PRODUCT,Y,2026-03-20,36.733505700471326
SI Market + Oral,TRx (Adjusted),ILUMYA,PRODUCT,Y,2026-03-27,67.29829845650563
SI Market + Oral,TRx (Adjusted),ILUMYA,PRODUCT,Y,2026-04-03,39.93397832705612
SI Market + Oral,TRx (Adjusted),ILUMYA,PRODUCT,Y,2026-04-10,39.93630823898327
SI Market + Oral,TRx (Adjusted),ILUMYA,PRODUCT,Y,2026-04-17,45.21213494513815
SI Market + Oral,TRx (Adjusted),ILUMYA,PRODUCT,Y,2026-04-24,39.4652108155402
SI Market + Oral,TRx (Adjusted),ILUMYA,PRODUCT,Y,2026-05-01,41.65743669562985
SI Market + Oral,TRx (Adjusted),ILUMYA,PRODUCT,Y,2026-05-08,38.7229110815805
SI Market + Oral,TRx (Adjusted),KEVZARA,PRODUCT,Y,2024-05-03,0.0975013627977852
SI Market + Oral,TRx (Adjusted),KEVZARA,PRODUCT,Y,2024-05-10,0.1082332020051761
SI Market + Oral,TRx (Adjusted),KEVZARA,PRODUCT,Y,2024-05-17,0.083732187061334
SI Market + Oral,TRx (Adjusted),KEVZARA,PRODUCT,Y,2024-05-24,0.1360166996963541
SI Market + Oral,TRx (Adjusted),KEVZARA,PRODUCT,Y,2024-05-31,0.0934002687122022
SI Market + Oral,TRx (Adjusted),KEVZARA,PRODUCT,Y,2024-06-07,0.1365506523494434
SI Market + Oral,TRx (Adjusted),KEVZARA,PRODUCT,Y,2024-06-14,0.0945897525375505
SI Market + Oral,TRx (Adjusted),KEVZARA,PRODUCT,Y,2024-06-21,0.0939369388838977
SI Market + Oral,TRx (Adjusted),KEVZARA,PRODUCT,Y,2024-06-28,0.1009391922099857
SI Market + Oral,TRx (Adjusted),KEVZARA,PRODUCT,Y,2024-07-05,0.1380191285216417
SI Market + Oral,TRx (Adjusted),KEVZARA,PRODUCT,Y,2024-07-12,0.2050216321411158
SI Market + Oral,TRx (Adjusted),KEVZARA,PRODUCT,Y,2024-07-19,0.2012511147458688
SI Market + Oral,TRx (Adjusted),KEVZARA,PRODUCT,Y,2024-07-26,0.1901381886456841
SI Market + Oral,TRx (Adjusted),KEVZARA,PRODUCT,Y,2024-08-02,0.3450210931466322
SI Market + Oral,TRx (Adjusted),KEVZARA,PRODUCT,Y,2024-08-09,0.2902220537777107
SI Market + Oral,TRx (Adjusted),KEVZARA,PRODUCT,Y,2024-08-16,0.3399040196192691
SI Market + Oral,TRx (Adjusted),KEVZARA,PRODUCT,Y,2024-08-23,0.358917377730639
SI Market + Oral,TRx (Adjusted),KEVZARA,PRODUCT,Y,2024-08-30,0.2509738278978723
SI Market + Oral,TRx (Adjusted),KEVZARA,PRODUCT,Y,2024-09-06,0.1435255155895688
SI Market + Oral,TRx (Adjusted),KEVZARA,PRODUCT,Y,2024-09-13,0.2523898230014392
SI Market + Oral,TRx (Adjusted),KEVZARA,PRODUCT,Y,2024-09-20,0.1757772389184954
SI Market + Oral,TRx (Adjusted),KEVZARA,PRODUCT,Y,2024-09-27,0.2187020491674849
SI Market + Oral,TRx (Adjusted),KEVZARA,PRODUCT,Y,2024-10-04,0.1023865356421468
SI Market + Oral,TRx (Adjusted),KEVZARA,PRODUCT,Y,2024-10-11,0.0807698218550937
SI Market + Oral,TRx (Adjusted),KEVZARA,PRODUCT,Y,2024-10-18,0.0862428178612651
SI Market + Oral,TRx (Adjusted),KEVZARA,PRODUCT,Y,2024-10-25,0.1307343834332736
SI Market + Oral,TRx (Adjusted),KEVZARA,PRODUCT,Y,2024-11-01,0.0
SI Market + Oral,TRx (Adjusted),KEVZARA,PRODUCT,Y,2024-11-08,0.0
SI Market + Oral,TRx (Adjusted),KEVZARA,PRODUCT,Y,2024-11-15,0.0
SI Market + Oral,TRx (Adjusted),KEVZARA,PRODUCT,Y,2024-11-22,0.0
SI Market + Oral,TRx (Adjusted),KEVZARA,PRODUCT,Y,2024-11-29,0.0
SI Market + Oral,TRx (Adjusted),KEVZARA,PRODUCT,Y,2024-12-06,0.0
SI Market + Oral,TRx (Adjusted),KEVZARA,PRODUCT,Y,2024-12-13,0.0
SI Market + Oral,TRx (Adjusted),KEVZARA,PRODUCT,Y,2024-12-20,0.0
SI Market + Oral,TRx (Adjusted),KEVZARA,PRODUCT,Y,2024-12-27,0.0
SI Market + Oral,TRx (Adjusted),KEVZARA,PRODUCT,Y,2025-01-03,0.0
SI Market + Oral,TRx (Adjusted),KEVZARA,PRODUCT,Y,2025-01-10,0.0
SI Market + Oral,TRx (Adjusted),KEVZARA,PRODUCT,Y,2025-01-17,0.0
SI Market + Oral,TRx (Adjusted),KEVZARA,PRODUCT,Y,2025-01-24,0.0
SI Market + Oral,TRx (Adjusted),KEVZARA,PRODUCT,Y,2025-01-31,0.0
SI Market + Oral,TRx (Adjusted),KEVZARA,PRODUCT,Y,2025-02-07,0.0
SI Market + Oral,TRx (Adjusted),KEVZARA,PRODUCT,Y,2025-02-14,0.0
SI Market + Oral,TRx (Adjusted),KEVZARA,PRODUCT,Y,2025-02-21,0.0
SI Market + Oral,TRx (Adjusted),KEVZARA,PRODUCT,Y,2025-02-28,0.0
SI Market + Oral,TRx (Adjusted),KEVZARA,PRODUCT,Y,2025-03-07,0.0
SI Market + Oral,TRx (Adjusted),KEVZARA,PRODUCT,Y,2025-03-14,0.0
SI Market + Oral,TRx (Adjusted),KEVZARA,PRODUCT,Y,2025-03-21,0.0
SI Market + Oral,TRx (Adjusted),KEVZARA,PRODUCT,Y,2025-03-28,0.0
SI Market + Oral,TRx (Adjusted),KEVZARA,PRODUCT,Y,2025-04-04,0.0
SI Market + Oral,TRx (Adjusted),KEVZARA,PRODUCT,Y,2025-04-11,0.0
SI Market + Oral,TRx (Adjusted),KEVZARA,PRODUCT,Y,2025-04-18,0.0
SI Market + Oral,TRx (Adjusted),KEVZARA,PRODUCT,Y,2025-04-25,0.0
SI Market + Oral,TRx (Adjusted),KEVZARA,PRODUCT,Y,2025-05-02,0.0
SI Market + Oral,TRx (Adjusted),KEVZARA,PRODUCT,Y,2025-05-09,0.1579170198658701
SI Market + Oral,TRx (Adjusted),KEVZARA,PRODUCT,Y,2025-05-16,0.1116315162936954
SI Market + Oral,TRx (Adjusted),KEVZARA,PRODUCT,Y,2025-05-23,0.127243783316217
SI Market + Oral,TRx (Adjusted),KEVZARA,PRODUCT,Y,2025-05-30,0.1148047117278577
SI Market + Oral,TRx (Adjusted),KEVZARA,PRODUCT,Y,2025-06-06,0.2324346280227066
SI Market + Oral,TRx (Adjusted),KEVZARA,PRODUCT,Y,2025-06-13,0.2131802207352085
SI Market + Oral,TRx (Adjusted),KEVZARA,PRODUCT,Y,2025-06-20,0.2994729932173171
SI Market + Oral,TRx (Adjusted),KEVZARA,PRODUCT,Y,2025-06-27,0.3274515447299694
SI Market + Oral,TRx (Adjusted),KEVZARA,PRODUCT,Y,2025-07-04,0.2129023427604303
SI Market + Oral,TRx (Adjusted),KEVZARA,PRODUCT,Y,2025-07-11,0.600693888657474
SI Market + Oral,TRx (Adjusted),KEVZARA,PRODUCT,Y,2025-07-18,0.5009672483417709
SI Market + Oral,TRx (Adjusted),KEVZARA,PRODUCT,Y,2025-07-25,0.6299420738440238
SI Market + Oral,TRx (Adjusted),KEVZARA,PRODUCT,Y,2025-08-01,0.6012189909985904
SI Market + Oral,TRx (Adjusted),KEVZARA,PRODUCT,Y,2025-08-08,0.4304991808800198
SI Market + Oral,TRx (Adjusted),KEVZARA,PRODUCT,Y,2025-08-15,0.5792837381065606
SI Market + Oral,TRx (Adjusted),KEVZARA,PRODUCT,Y,2025-08-22,0.635180896086763
SI Market + Oral,TRx (Adjusted),KEVZARA,PRODUCT,Y,2025-08-29,0.5891575066447482
SI Market + Oral,TRx (Adjusted),KEVZARA,PRODUCT,Y,2025-09-05,0.6260441480347745
SI Market + Oral,TRx (Adjusted),KEVZARA,PRODUCT,Y,2025-09-12,0.7104477158201368
SI Market + Oral,TRx (Adjusted),KEVZARA,PRODUCT,Y,2025-09-19,0.7853654167536318
SI Market + Oral,TRx (Adjusted),KEVZARA,PRODUCT,Y,2025-09-26,0.7358035403820923
SI Market + Oral,TRx (Adjusted),KEVZARA,PRODUCT,Y,2025-10-03,0.7987405073516487
SI Market + Oral,TRx (Adjusted),KEVZARA,PRODUCT,Y,2025-10-10,0.7195957872039755
SI Market + Oral,TRx (Adjusted),KEVZARA,PRODUCT,Y,2025-10-17,0.5489367578337814
SI Market + Oral,TRx (Adjusted),KEVZARA,PRODUCT,Y,2025-10-24,0.5709903785911719
SI Market + Oral,TRx (Adjusted),KEVZARA,PRODUCT,Y,2025-10-31,0.478743248666938
SI Market + Oral,TRx (Adjusted),KEVZARA,PRODUCT,Y,2025-11-07,0.5357370478198871
SI Market + Oral,TRx (Adjusted),KEVZARA,PRODUCT,Y,2025-11-14,0.5709080711045087
SI Market + Oral,TRx (Adjusted),KEVZARA,PRODUCT,Y,2025-11-21,0.631470809896545
SI Market + Oral,TRx (Adjusted),KEVZARA,PRODUCT,Y,2025-11-28,0.4408053407384186
SI Market + Oral,TRx (Adjusted),KEVZARA,PRODUCT,Y,2025-12-05,1.414873602567561
SI Market + Oral,TRx (Adjusted),KEVZARA,PRODUCT,Y,2025-12-12,1.323321167639684
SI Market + Oral,TRx (Adjusted),KEVZARA,PRODUCT,Y,2025-12-19,0.8603727966531685
SI Market + Oral,TRx (Adjusted),KEVZARA,PRODUCT,Y,2025-12-26,0.8183136490082993
SI Market + Oral,TRx (Adjusted),KEVZARA,PRODUCT,Y,2026-01-02,0.8894826695780702
SI Market + Oral,TRx (Adjusted),KEVZARA,PRODUCT,Y,2026-01-09,1.1318532089037128
SI Market + Oral,TRx (Adjusted),KEVZARA,PRODUCT,Y,2026-01-16,0.8779310792895921
SI Market + Oral,TRx (Adjusted),KEVZARA,PRODUCT,Y,2026-01-23,0.7242395059519199
SI Market + Oral,TRx (Adjusted),KEVZARA,PRODUCT,Y,2026-01-30,0.6244276064397003
SI Market + Oral,TRx (Adjusted),KEVZARA,PRODUCT,Y,2026-02-06,1.2867561594429169
SI Market + Oral,TRx (Adjusted),KEVZARA,PRODUCT,Y,2026-02-13,1.204868897802534
SI Market + Oral,TRx (Adjusted),KEVZARA,PRODUCT,Y,2026-02-20,1.4780324973407089
SI Market + Oral,TRx (Adjusted),KEVZARA,PRODUCT,Y,2026-02-27,0.9826670329455612
SI Market + Oral,TRx (Adjusted),KEVZARA,PRODUCT,Y,2026-03-06,1.111454372674204
SI Market + Oral,TRx (Adjusted),KEVZARA,PRODUCT,Y,2026-03-13,0.8138953413127751
SI Market + Oral,TRx (Adjusted),KEVZARA,PRODUCT,Y,2026-03-20,0.9360451022003208
SI Market + Oral,TRx (Adjusted),KEVZARA,PRODUCT,Y,2026-03-27,0.9134221712001096
SI Market + Oral,TRx (Adjusted),KEVZARA,PRODUCT,Y,2026-04-03,0.9167940456601228
SI Market + Oral,TRx (Adjusted),KEVZARA,PRODUCT,Y,2026-04-10,1.1213170729288424
SI Market + Oral,TRx (Adjusted),KEVZARA,PRODUCT,Y,2026-04-17,0.8319401376060764
SI Market + Oral,TRx (Adjusted),KEVZARA,PRODUCT,Y,2026-04-24,1.1897916621157156
SI Market + Oral,TRx (Adjusted),KEVZARA,PRODUCT,Y,2026-05-01,0.7913495449160095
SI Market + Oral,TRx (Adjusted),KEVZARA,PRODUCT,Y,2026-05-08,0.8417355100596323
SI Market + Oral,TRx (Adjusted),KINERET,PRODUCT,Y,2024-05-03,0.9496995216352598
SI Market + Oral,TRx (Adjusted),KINERET,PRODUCT,Y,2024-05-10,1.1488191818553417
SI Market + Oral,TRx (Adjusted),KINERET,PRODUCT,Y,2024-05-17,1.229069840701571
SI Market + Oral,TRx (Adjusted),KINERET,PRODUCT,Y,2024-05-24,1.274072921261356
SI Market + Oral,TRx (Adjusted),KINERET,PRODUCT,Y,2024-05-31,1.2832285312501297
SI Market + Oral,TRx (Adjusted),KINERET,PRODUCT,Y,2024-06-07,1.056319157427773
SI Market + Oral,TRx (Adjusted),KINERET,PRODUCT,Y,2024-06-14,1.364504598317015
SI Market + Oral,TRx (Adjusted),KINERET,PRODUCT,Y,2024-06-21,1.3378687994721683
SI Market + Oral,TRx (Adjusted),KINERET,PRODUCT,Y,2024-06-28,1.2503234537914925
SI Market + Oral,TRx (Adjusted),KINERET,PRODUCT,Y,2024-07-05,1.5686244489534138
SI Market + Oral,TRx (Adjusted),KINERET,PRODUCT,Y,2024-07-12,1.7755436530858704
SI Market + Oral,TRx (Adjusted),KINERET,PRODUCT,Y,2024-07-19,1.6344137188336414
SI Market + Oral,TRx (Adjusted),KINERET,PRODUCT,Y,2024-07-26,1.4231131998499842
SI Market + Oral,TRx (Adjusted),KINERET,PRODUCT,Y,2024-08-02,1.488680459202666
SI Market + Oral,TRx (Adjusted),KINERET,PRODUCT,Y,2024-08-09,1.412160673490573
SI Market + Oral,TRx (Adjusted),KINERET,PRODUCT,Y,2024-08-16,1.802684866263948
SI Market + Oral,TRx (Adjusted),KINERET,PRODUCT,Y,2024-08-23,1.889730541170992
SI Market + Oral,TRx (Adjusted),KINERET,PRODUCT,Y,2024-08-30,2.0555599045276014
SI Market + Oral,TRx (Adjusted),KINERET,PRODUCT,Y,2024-09-06,1.5855458451759168
SI Market + Oral,TRx (Adjusted),KINERET,PRODUCT,Y,2024-09-13,1.7209329965017546
SI Market + Oral,TRx (Adjusted),KINERET,PRODUCT,Y,2024-09-20,2.356640545453039
SI Market + Oral,TRx (Adjusted),KINERET,PRODUCT,Y,2024-09-27,1.3232448645609738
SI Market + Oral,TRx (Adjusted),KINERET,PRODUCT,Y,2024-10-04,1.462947394874774
SI Market + Oral,TRx (Adjusted),KINERET,PRODUCT,Y,2024-10-11,1.809355341253724
SI Market + Oral,TRx (Adjusted),KINERET,PRODUCT,Y,2024-10-18,2.2031363371968613
SI Market + Oral,TRx (Adjusted),KINERET,PRODUCT,Y,2024-10-25,1.312036389447414
SI Market + Oral,TRx (Adjusted),KINERET,PRODUCT,Y,2024-11-01,1.2170696016179623
SI Market + Oral,TRx (Adjusted),KINERET,PRODUCT,Y,2024-11-08,1.675323954467007
SI Market + Oral,TRx (Adjusted),KINERET,PRODUCT,Y,2024-11-15,2.388808068189322
SI Market + Oral,TRx (Adjusted),KINERET,PRODUCT,Y,2024-11-22,1.6811756401076965
SI Market + Oral,TRx (Adjusted),KINERET,PRODUCT,Y,2024-11-29,1.3597742548038263
SI Market + Oral,TRx (Adjusted),KINERET,PRODUCT,Y,2024-12-06,2.279562973072473
SI Market + Oral,TRx (Adjusted),KINERET,PRODUCT,Y,2024-12-13,1.7177065370237603
SI Market + Oral,TRx (Adjusted),KINERET,PRODUCT,Y,2024-12-20,2.564468456976143
SI Market + Oral,TRx (Adjusted),KINERET,PRODUCT,Y,2024-12-27,1.8514951151068817
SI Market + Oral,TRx (Adjusted),KINERET,PRODUCT,Y,2025-01-03,1.5176301982533869
SI Market + Oral,TRx (Adjusted),KINERET,PRODUCT,Y,2025-01-10,1.988831417266678
SI Market + Oral,TRx (Adjusted),KINERET,PRODUCT,Y,2025-01-17,1.3641985908180017
SI Market + Oral,TRx (Adjusted),KINERET,PRODUCT,Y,2025-01-24,1.5975052927162037
SI Market + Oral,TRx (Adjusted),KINERET,PRODUCT,Y,2025-01-31,2.2834204053035365
SI Market + Oral,TRx (Adjusted),KINERET,PRODUCT,Y,2025-02-07,2.413690641810823
SI Market + Oral,TRx (Adjusted),KINERET,PRODUCT,Y,2025-02-14,2.7954002842478936
SI Market + Oral,TRx (Adjusted),KINERET,PRODUCT,Y,2025-02-21,1.7178638028615687
SI Market + Oral,TRx (Adjusted),KINERET,PRODUCT,Y,2025-02-28,2.091917543066036
SI Market + Oral,TRx (Adjusted),KINERET,PRODUCT,Y,2025-03-07,1.603799186025214
SI Market + Oral,TRx (Adjusted),KINERET,PRODUCT,Y,2025-03-14,1.447344039576571
SI Market + Oral,TRx (Adjusted),KINERET,PRODUCT,Y,2025-03-21,1.6204913511029715
SI Market + Oral,TRx (Adjusted),KINERET,PRODUCT,Y,2025-03-28,1.7682289423515332
SI Market + Oral,TRx (Adjusted),KINERET,PRODUCT,Y,2025-04-04,1.7890979965363734
SI Market + Oral,TRx (Adjusted),KINERET,PRODUCT,Y,2025-04-11,1.1305067575754002
SI Market + Oral,TRx (Adjusted),KINERET,PRODUCT,Y,2025-04-18,1.033242762097316
SI Market + Oral,TRx (Adjusted),KINERET,PRODUCT,Y,2025-04-25,1.2570193173391384
SI Market + Oral,TRx (Adjusted),KINERET,PRODUCT,Y,2025-05-02,0.974769008611874
SI Market + Oral,TRx (Adjusted),KINERET,PRODUCT,Y,2025-05-09,0.6488571485906578
SI Market + Oral,TRx (Adjusted),KINERET,PRODUCT,Y,2025-05-16,0.910582260206096
SI Market + Oral,TRx (Adjusted),KINERET,PRODUCT,Y,2025-05-23,0.8438127182530956
SI Market + Oral,TRx (Adjusted),KINERET,PRODUCT,Y,2025-05-30,0.6990258707143809
SI Market + Oral,TRx (Adjusted),KINERET,PRODUCT,Y,2025-06-06,0.8991502860250922
SI Market + Oral,TRx (Adjusted),KINERET,PRODUCT,Y,2025-06-13,0.9053198816431997
SI Market + Oral,TRx (Adjusted),KINERET,PRODUCT,Y,2025-06-20,0.7457712591483631
SI Market + Oral,TRx (Adjusted),KINERET,PRODUCT,Y,2025-06-27,1.0670958971287323
SI Market + Oral,TRx (Adjusted),KINERET,PRODUCT,Y,2025-07-04,0.7321223026235292
SI Market + Oral,TRx (Adjusted),KINERET,PRODUCT,Y,2025-07-11,0.7033023679148102
SI Market + Oral,TRx (Adjusted),KINERET,PRODUCT,Y,2025-07-18,0.85645072941743
SI Market + Oral,TRx (Adjusted),KINERET,PRODUCT,Y,2025-07-25,0.7198657127578103
SI Market + Oral,TRx (Adjusted),KINERET,PRODUCT,Y,2025-08-01,0.6827066395955339
SI Market + Oral,TRx (Adjusted),KINERET,PRODUCT,Y,2025-08-08,0.4691093452178996
SI Market + Oral,TRx (Adjusted),KINERET,PRODUCT,Y,2025-08-15,0.4318514543154849
SI Market + Oral,TRx (Adjusted),KINERET,PRODUCT,Y,2025-08-22,0.6374113309720099
SI Market + Oral,TRx (Adjusted),KINERET,PRODUCT,Y,2025-08-29,0.5403837589983219
SI Market + Oral,TRx (Adjusted),KINERET,PRODUCT,Y,2025-09-05,0.2038620753599092
SI Market + Oral,TRx (Adjusted),KINERET,PRODUCT,Y,2025-09-12,0.2660238023567839
SI Market + Oral,TRx (Adjusted),KINERET,PRODUCT,Y,2025-09-19,0.2379007272622244
SI Market + Oral,TRx (Adjusted),KINERET,PRODUCT,Y,2025-09-26,0.2828615624217995
SI Market + Oral,TRx (Adjusted),KINERET,PRODUCT,Y,2025-10-03,0.2860665382180787
SI Market + Oral,TRx (Adjusted),KINERET,PRODUCT,Y,2025-10-10,0.4238054717670231
SI Market + Oral,TRx (Adjusted),KINERET,PRODUCT,Y,2025-10-17,0.3529706599495242
SI Market + Oral,TRx (Adjusted),KINERET,PRODUCT,Y,2025-10-24,0.3715452354301103
SI Market + Oral,TRx (Adjusted),KINERET,PRODUCT,Y,2025-10-31,0.4221751017053597
SI Market + Oral,TRx (Adjusted),KINERET,PRODUCT,Y,2025-11-07,0.939690154873248
SI Market + Oral,TRx (Adjusted),KINERET,PRODUCT,Y,2025-11-14,0.7135821248691426
SI Market + Oral,TRx (Adjusted),KINERET,PRODUCT,Y,2025-11-21,0.6806606884766069
SI Market + Oral,TRx (Adjusted),KINERET,PRODUCT,Y,2025-11-28,0.7373114969631845
SI Market + Oral,TRx (Adjusted),KINERET,PRODUCT,Y,2025-12-05,1.3757736141608683
SI Market + Oral,TRx (Adjusted),KINERET,PRODUCT,Y,2025-12-12,1.7004276420554376
SI Market + Oral,TRx (Adjusted),KINERET,PRODUCT,Y,2025-12-19,1.3064929541178063
SI Market + Oral,TRx (Adjusted),KINERET,PRODUCT,Y,2025-12-26,1.0696592865963257
SI Market + Oral,TRx (Adjusted),KINERET,PRODUCT,Y,2026-01-02,1.601024539877766
SI Market + Oral,TRx (Adjusted),KINERET,PRODUCT,Y,2026-01-09,1.746465858965011
SI Market + Oral,TRx (Adjusted),KINERET,PRODUCT,Y,2026-01-16,0.8022399492888815
SI Market + Oral,TRx (Adjusted),KINERET,PRODUCT,Y,2026-01-23,1.2047300346432537
SI Market + Oral,TRx (Adjusted),KINERET,PRODUCT,Y,2026-01-30,1.0464613458638163
SI Market + Oral,TRx (Adjusted),KINERET,PRODUCT,Y,2026-02-06,1.900085396398552
SI Market + Oral,TRx (Adjusted),KINERET,PRODUCT,Y,2026-02-13,1.5041172175437665
SI Market + Oral,TRx (Adjusted),KINERET,PRODUCT,Y,2026-02-20,1.498666680717422
SI Market + Oral,TRx (Adjusted),KINERET,PRODUCT,Y,2026-02-27,1.0588088915188427
SI Market + Oral,TRx (Adjusted),KINERET,PRODUCT,Y,2026-03-06,0.6007980047909575
SI Market + Oral,TRx (Adjusted),KINERET,PRODUCT,Y,2026-03-13,0.5824185915020825
SI Market + Oral,TRx (Adjusted),KINERET,PRODUCT,Y,2026-03-20,0.6979823001122054
SI Market + Oral,TRx (Adjusted),KINERET,PRODUCT,Y,2026-03-27,0.8317551779991634
SI Market + Oral,TRx (Adjusted),KINERET,PRODUCT,Y,2026-04-03,0.793144965824925
SI Market + Oral,TRx (Adjusted),KINERET,PRODUCT,Y,2026-04-10,0.8590638836412853
SI Market + Oral,TRx (Adjusted),KINERET,PRODUCT,Y,2026-04-17,0.6087609413364224
SI Market + Oral,TRx (Adjusted),KINERET,PRODUCT,Y,2026-04-24,0.7761602216875234
SI Market + Oral,TRx (Adjusted),KINERET,PRODUCT,Y,2026-05-01,0.7289375065539991
SI Market + Oral,TRx (Adjusted),KINERET,PRODUCT,Y,2026-05-08,0.7949740188202601
SI Market + Oral,TRx (Adjusted),OLUMIANT,PRODUCT,Y,2024-05-03,1.834970904433881
SI Market + Oral,TRx (Adjusted),OLUMIANT,PRODUCT,Y,2024-05-10,2.422729921116544
SI Market + Oral,TRx (Adjusted),OLUMIANT,PRODUCT,Y,2024-05-17,2.5682486832335427
SI Market + Oral,TRx (Adjusted),OLUMIANT,PRODUCT,Y,2024-05-24,2.782811932504408
SI Market + Oral,TRx (Adjusted),OLUMIANT,PRODUCT,Y,2024-05-31,1.97655203326208
SI Market + Oral,TRx (Adjusted),OLUMIANT,PRODUCT,Y,2024-06-07,2.620493698987868
SI Market + Oral,TRx (Adjusted),OLUMIANT,PRODUCT,Y,2024-06-14,1.5227617829126243
SI Market + Oral,TRx (Adjusted),OLUMIANT,PRODUCT,Y,2024-06-21,2.416127084850906
SI Market + Oral,TRx (Adjusted),OLUMIANT,PRODUCT,Y,2024-06-28,1.9679951985668909
SI Market + Oral,TRx (Adjusted),OLUMIANT,PRODUCT,Y,2024-07-05,1.102756424998956
SI Market + Oral,TRx (Adjusted),OLUMIANT,PRODUCT,Y,2024-07-12,2.314068852391117
SI Market + Oral,TRx (Adjusted),OLUMIANT,PRODUCT,Y,2024-07-19,1.535354618707503
SI Market + Oral,TRx (Adjusted),OLUMIANT,PRODUCT,Y,2024-07-26,1.670097765819936
SI Market + Oral,TRx (Adjusted),OLUMIANT,PRODUCT,Y,2024-08-02,1.213735496325974
SI Market + Oral,TRx (Adjusted),OLUMIANT,PRODUCT,Y,2024-08-09,1.4845825185251422
SI Market + Oral,TRx (Adjusted),OLUMIANT,PRODUCT,Y,2024-08-16,1.1440739638281032
SI Market + Oral,TRx (Adjusted),OLUMIANT,PRODUCT,Y,2024-08-23,1.7962620165933456
SI Market + Oral,TRx (Adjusted),OLUMIANT,PRODUCT,Y,2024-08-30,1.7199843377241568
SI Market + Oral,TRx (Adjusted),OLUMIANT,PRODUCT,Y,2024-09-06,1.5230858561341545
SI Market + Oral,TRx (Adjusted),OLUMIANT,PRODUCT,Y,2024-09-13,1.5413325442109491
SI Market + Oral,TRx (Adjusted),OLUMIANT,PRODUCT,Y,2024-09-20,2.019927394690771
SI Market + Oral,TRx (Adjusted),OLUMIANT,PRODUCT,Y,2024-09-27,1.7833983882998394
SI Market + Oral,TRx (Adjusted),OLUMIANT,PRODUCT,Y,2024-10-04,1.6670395744848847
SI Market + Oral,TRx (Adjusted),OLUMIANT,PRODUCT,Y,2024-10-11,0.991982704355571
SI Market + Oral,TRx (Adjusted),OLUMIANT,PRODUCT,Y,2024-10-18,1.8882801632819184
SI Market + Oral,TRx (Adjusted),OLUMIANT,PRODUCT,Y,2024-10-25,1.3091216953583271
SI Market + Oral,TRx (Adjusted),OLUMIANT,PRODUCT,Y,2024-11-01,1.670796609075751
SI Market + Oral,TRx (Adjusted),OLUMIANT,PRODUCT,Y,2024-11-08,1.4945684563068689
SI Market + Oral,TRx (Adjusted),OLUMIANT,PRODUCT,Y,2024-11-15,1.7443416563047218
SI Market + Oral,TRx (Adjusted),OLUMIANT,PRODUCT,Y,2024-11-22,1.3329385637598397
SI Market + Oral,TRx (Adjusted),OLUMIANT,PRODUCT,Y,2024-11-29,0.9640593705564988
SI Market + Oral,TRx (Adjusted),OLUMIANT,PRODUCT,Y,2024-12-06,1.4400202630509706
SI Market + Oral,TRx (Adjusted),OLUMIANT,PRODUCT,Y,2024-12-13,1.4517595144969375
SI Market + Oral,TRx (Adjusted),OLUMIANT,PRODUCT,Y,2024-12-20,1.6181282542926347
SI Market + Oral,TRx (Adjusted),OLUMIANT,PRODUCT,Y,2024-12-27,1.243491186693184
SI Market + Oral,TRx (Adjusted),OLUMIANT,PRODUCT,Y,2025-01-03,1.4410472570247157
SI Market + Oral,TRx (Adjusted),OLUMIANT,PRODUCT,Y,2025-01-10,1.0812483195533966
SI Market + Oral,TRx (Adjusted),OLUMIANT,PRODUCT,Y,2025-01-17,0.8653202548680431
SI Market + Oral,TRx (Adjusted),OLUMIANT,PRODUCT,Y,2025-01-24,1.029856623877915
SI Market + Oral,TRx (Adjusted),OLUMIANT,PRODUCT,Y,2025-01-31,1.2668548630609695
SI Market + Oral,TRx (Adjusted),OLUMIANT,PRODUCT,Y,2025-02-07,0.7497079288956967
SI Market + Oral,TRx (Adjusted),OLUMIANT,PRODUCT,Y,2025-02-14,0.7355726025263093
SI Market + Oral,TRx (Adjusted),OLUMIANT,PRODUCT,Y,2025-02-21,0.7063448974215419
SI Market + Oral,TRx (Adjusted),OLUMIANT,PRODUCT,Y,2025-02-28,0.9676339582430936
SI Market + Oral,TRx (Adjusted),OLUMIANT,PRODUCT,Y,2025-03-07,0.5755427739320913
SI Market + Oral,TRx (Adjusted),OLUMIANT,PRODUCT,Y,2025-03-14,0.3898534194890314
SI Market + Oral,TRx (Adjusted),OLUMIANT,PRODUCT,Y,2025-03-21,0.4853761680254109
SI Market + Oral,TRx (Adjusted),OLUMIANT,PRODUCT,Y,2025-03-28,0.3986819408721357
SI Market + Oral,TRx (Adjusted),OLUMIANT,PRODUCT,Y,2025-04-04,0.5518641482128346
SI Market + Oral,TRx (Adjusted),OLUMIANT,PRODUCT,Y,2025-04-11,0.3761157157028433
SI Market + Oral,TRx (Adjusted),OLUMIANT,PRODUCT,Y,2025-04-18,0.3948477124906315
SI Market + Oral,TRx (Adjusted),OLUMIANT,PRODUCT,Y,2025-04-25,0.620560497043493
SI Market + Oral,TRx (Adjusted),OLUMIANT,PRODUCT,Y,2025-05-02,0.5003063751432464
SI Market + Oral,TRx (Adjusted),OLUMIANT,PRODUCT,Y,2025-05-09,0.5981175825445363
SI Market + Oral,TRx (Adjusted),OLUMIANT,PRODUCT,Y,2025-05-16,0.6084311918327919
SI Market + Oral,TRx (Adjusted),OLUMIANT,PRODUCT,Y,2025-05-23,0.5914571046539686
SI Market + Oral,TRx (Adjusted),OLUMIANT,PRODUCT,Y,2025-05-30,0.4487671967325894
SI Market + Oral,TRx (Adjusted),OLUMIANT,PRODUCT,Y,2025-06-06,0.7269884444507443
SI Market + Oral,TRx (Adjusted),OLUMIANT,PRODUCT,Y,2025-06-13,0.6159208158957451
SI Market + Oral,TRx (Adjusted),OLUMIANT,PRODUCT,Y,2025-06-20,0.5767887855977428
SI Market + Oral,TRx (Adjusted),OLUMIANT,PRODUCT,Y,2025-06-27,0.669437021912542
SI Market + Oral,TRx (Adjusted),OLUMIANT,PRODUCT,Y,2025-07-04,0.4966826030023908
SI Market + Oral,TRx (Adjusted),OLUMIANT,PRODUCT,Y,2025-07-11,0.5618857976770711
SI Market + Oral,TRx (Adjusted),OLUMIANT,PRODUCT,Y,2025-07-18,0.6545627202812822
SI Market + Oral,TRx (Adjusted),OLUMIANT,PRODUCT,Y,2025-07-25,0.4739083245956179
SI Market + Oral,TRx (Adjusted),OLUMIANT,PRODUCT,Y,2025-08-01,0.4382882545139095
SI Market + Oral,TRx (Adjusted),OLUMIANT,PRODUCT,Y,2025-08-08,0.6494072621206521
SI Market + Oral,TRx (Adjusted),OLUMIANT,PRODUCT,Y,2025-08-15,0.5668700809901409
SI Market + Oral,TRx (Adjusted),OLUMIANT,PRODUCT,Y,2025-08-22,0.5130658297051052
SI Market + Oral,TRx (Adjusted),OLUMIANT,PRODUCT,Y,2025-08-29,0.7282231294651683
SI Market + Oral,TRx (Adjusted),OLUMIANT,PRODUCT,Y,2025-09-05,0.4969630414071623
SI Market + Oral,TRx (Adjusted),OLUMIANT,PRODUCT,Y,2025-09-12,0.6612342609708101
SI Market + Oral,TRx (Adjusted),OLUMIANT,PRODUCT,Y,2025-09-19,0.4960662768654279
SI Market + Oral,TRx (Adjusted),OLUMIANT,PRODUCT,Y,2025-09-26,0.6193458822332808
SI Market + Oral,TRx (Adjusted),OLUMIANT,PRODUCT,Y,2025-10-03,0.5967528894938237
SI Market + Oral,TRx (Adjusted),OLUMIANT,PRODUCT,Y,2025-10-10,0.5575691567061699
SI Market + Oral,TRx (Adjusted),OLUMIANT,PRODUCT,Y,2025-10-17,0.5989215798654801
SI Market + Oral,TRx (Adjusted),OLUMIANT,PRODUCT,Y,2025-10-24,0.4416428421076775
SI Market + Oral,TRx (Adjusted),OLUMIANT,PRODUCT,Y,2025-10-31,0.4287470016653191
SI Market + Oral,TRx (Adjusted),OLUMIANT,PRODUCT,Y,2025-11-07,0.3230294409734436
SI Market + Oral,TRx (Adjusted),OLUMIANT,PRODUCT,Y,2025-11-14,0.3807784152063055
SI Market + Oral,TRx (Adjusted),OLUMIANT,PRODUCT,Y,2025-11-21,0.2996515435224168
SI Market + Oral,TRx (Adjusted),OLUMIANT,PRODUCT,Y,2025-11-28,0.3485865688037914
SI Market + Oral,TRx (Adjusted),OLUMIANT,PRODUCT,Y,2025-12-05,0.1530918847658238
SI Market + Oral,TRx (Adjusted),OLUMIANT,PRODUCT,Y,2025-12-12,0.2135552607074136
SI Market + Oral,TRx (Adjusted),OLUMIANT,PRODUCT,Y,2025-12-19,0.2349325026808925
SI Market + Oral,TRx (Adjusted),OLUMIANT,PRODUCT,Y,2025-12-26,0.1075826596617952
SI Market + Oral,TRx (Adjusted),OLUMIANT,PRODUCT,Y,2026-01-02,0.1346866623353378
SI Market + Oral,TRx (Adjusted),OLUMIANT,PRODUCT,Y,2026-01-09,0.0
SI Market + Oral,TRx (Adjusted),OLUMIANT,PRODUCT,Y,2026-01-16,0.0
SI Market + Oral,TRx (Adjusted),OLUMIANT,PRODUCT,Y,2026-01-23,0.0
SI Market + Oral,TRx (Adjusted),OLUMIANT,PRODUCT,Y,2026-01-30,0.0
SI Market + Oral,TRx (Adjusted),OLUMIANT,PRODUCT,Y,2026-02-06,0.0
SI Market + Oral,TRx (Adjusted),OLUMIANT,PRODUCT,Y,2026-02-13,0.0
SI Market + Oral,TRx (Adjusted),OLUMIANT,PRODUCT,Y,2026-02-20,0.0
SI Market + Oral,TRx (Adjusted),OLUMIANT,PRODUCT,Y,2026-02-27,0.0
SI Market + Oral,TRx (Adjusted),OLUMIANT,PRODUCT,Y,2026-03-06,0.0
SI Market + Oral,TRx (Adjusted),OLUMIANT,PRODUCT,Y,2026-03-13,0.0
SI Market + Oral,TRx (Adjusted),OLUMIANT,PRODUCT,Y,2026-03-20,0.0
SI Market + Oral,TRx (Adjusted),OLUMIANT,PRODUCT,Y,2026-03-27,0.0
SI Market + Oral,TRx (Adjusted),OLUMIANT,PRODUCT,Y,2026-04-03,0.0
SI Market + Oral,TRx (Adjusted),OLUMIANT,PRODUCT,Y,2026-04-10,0.0
SI Market + Oral,TRx (Adjusted),OLUMIANT,PRODUCT,Y,2026-04-17,0.0
SI Market + Oral,TRx (Adjusted),OLUMIANT,PRODUCT,Y,2026-04-24,0.0
SI Market + Oral,TRx (Adjusted),OLUMIANT,PRODUCT,Y,2026-05-01,0.0
SI Market + Oral,TRx (Adjusted),OLUMIANT,PRODUCT,Y,2026-05-08,0.0
SI Market + Oral,TRx (Adjusted),ORENCIA SQ,PRODUCT,Y,2024-05-03,0.9392832616319852
SI Market + Oral,TRx (Adjusted),ORENCIA SQ,PRODUCT,Y,2024-05-10,1.068231889477092
SI Market + Oral,TRx (Adjusted),ORENCIA SQ,PRODUCT,Y,2024-05-17,0.8187114970055
SI Market + Oral,TRx (Adjusted),ORENCIA SQ,PRODUCT,Y,2024-05-24,0.8380583692276067
SI Market + Oral,TRx (Adjusted),ORENCIA SQ,PRODUCT,Y,2024-05-31,0.8754930972881968
SI Market + Oral,TRx (Adjusted),ORENCIA SQ,PRODUCT,Y,2024-06-07,1.0523602414659443
SI Market + Oral,TRx (Adjusted),ORENCIA SQ,PRODUCT,Y,2024-06-14,1.017516469551384
SI Market + Oral,TRx (Adjusted),ORENCIA SQ,PRODUCT,Y,2024-06-21,1.053859602727959
SI Market + Oral,TRx (Adjusted),ORENCIA SQ,PRODUCT,Y,2024-06-28,1.1685071996291148
SI Market + Oral,TRx (Adjusted),ORENCIA SQ,PRODUCT,Y,2024-07-05,1.2195068842531591
SI Market + Oral,TRx (Adjusted),ORENCIA SQ,PRODUCT,Y,2024-07-12,1.5667114606241346
SI Market + Oral,TRx (Adjusted),ORENCIA SQ,PRODUCT,Y,2024-07-19,1.5495748878844504
SI Market + Oral,TRx (Adjusted),ORENCIA SQ,PRODUCT,Y,2024-07-26,1.2476673994533536
SI Market + Oral,TRx (Adjusted),ORENCIA SQ,PRODUCT,Y,2024-08-02,1.5175718797874835
SI Market + Oral,TRx (Adjusted),ORENCIA SQ,PRODUCT,Y,2024-08-09,1.857426779259016
SI Market + Oral,TRx (Adjusted),ORENCIA SQ,PRODUCT,Y,2024-08-16,1.6711990438920747
SI Market + Oral,TRx (Adjusted),ORENCIA SQ,PRODUCT,Y,2024-08-23,1.9526869141110024
SI Market + Oral,TRx (Adjusted),ORENCIA SQ,PRODUCT,Y,2024-08-30,2.282055536249328
SI Market + Oral,TRx (Adjusted),ORENCIA SQ,PRODUCT,Y,2024-09-06,2.3725586672509653
SI Market + Oral,TRx (Adjusted),ORENCIA SQ,PRODUCT,Y,2024-09-13,2.5705117580298253
SI Market + Oral,TRx (Adjusted),ORENCIA SQ,PRODUCT,Y,2024-09-20,2.4468328852953625
SI Market + Oral,TRx (Adjusted),ORENCIA SQ,PRODUCT,Y,2024-09-27,1.7711024065725032
SI Market + Oral,TRx (Adjusted),ORENCIA SQ,PRODUCT,Y,2024-10-04,2.9328572089037857
SI Market + Oral,TRx (Adjusted),ORENCIA SQ,PRODUCT,Y,2024-10-11,2.3599022389279103
SI Market + Oral,TRx (Adjusted),ORENCIA SQ,PRODUCT,Y,2024-10-18,2.867725494126443
SI Market + Oral,TRx (Adjusted),ORENCIA SQ,PRODUCT,Y,2024-10-25,3.048614086701002
SI Market + Oral,TRx (Adjusted),ORENCIA SQ,PRODUCT,Y,2024-11-01,3.325504638209288
SI Market + Oral,TRx (Adjusted),ORENCIA SQ,PRODUCT,Y,2024-11-08,2.27345966549582
SI Market + Oral,TRx (Adjusted),ORENCIA SQ,PRODUCT,Y,2024-11-15,2.23065499737752
SI Market + Oral,TRx (Adjusted),ORENCIA SQ,PRODUCT,Y,2024-11-22,3.663515445015881
SI Market + Oral,TRx (Adjusted),ORENCIA SQ,PRODUCT,Y,2024-11-29,2.210742533305693
SI Market + Oral,TRx (Adjusted),ORENCIA SQ,PRODUCT,Y,2024-12-06,3.4878373470866246
SI Market + Oral,TRx (Adjusted),ORENCIA SQ,PRODUCT,Y,2024-12-13,3.302439730296077
SI Market + Oral,TRx (Adjusted),ORENCIA SQ,PRODUCT,Y,2024-12-20,3.7834647673523087
SI Market + Oral,TRx (Adjusted),ORENCIA SQ,PRODUCT,Y,2024-12-27,1.6787006493749903
SI Market + Oral,TRx (Adjusted),ORENCIA SQ,PRODUCT,Y,2025-01-03,2.90371770587816
SI Market + Oral,TRx (Adjusted),ORENCIA SQ,PRODUCT,Y,2025-01-10,2.766341687023108
SI Market + Oral,TRx (Adjusted),ORENCIA SQ,PRODUCT,Y,2025-01-17,2.0686888108271018
SI Market + Oral,TRx (Adjusted),ORENCIA SQ,PRODUCT,Y,2025-01-24,2.0741352392515213
SI Market + Oral,TRx (Adjusted),ORENCIA SQ,PRODUCT,Y,2025-01-31,2.1910668689552213
SI Market + Oral,TRx (Adjusted),ORENCIA SQ,PRODUCT,Y,2025-02-07,2.334705468324942
SI Market + Oral,TRx (Adjusted),ORENCIA SQ,PRODUCT,Y,2025-02-14,2.578925371757734
SI Market + Oral,TRx (Adjusted),ORENCIA SQ,PRODUCT,Y,2025-02-21,2.207317828201464
SI Market + Oral,TRx (Adjusted),ORENCIA SQ,PRODUCT,Y,2025-02-28,2.102182569008636
SI Market + Oral,TRx (Adjusted),ORENCIA SQ,PRODUCT,Y,2025-03-07,1.7621965971539162
SI Market + Oral,TRx (Adjusted),ORENCIA SQ,PRODUCT,Y,2025-03-14,2.289071334869255
SI Market + Oral,TRx (Adjusted),ORENCIA SQ,PRODUCT,Y,2025-03-21,2.0381142175327454
SI Market + Oral,TRx (Adjusted),ORENCIA SQ,PRODUCT,Y,2025-03-28,2.085817944706187
SI Market + Oral,TRx (Adjusted),ORENCIA SQ,PRODUCT,Y,2025-04-04,2.4890567472076244
SI Market + Oral,TRx (Adjusted),ORENCIA SQ,PRODUCT,Y,2025-04-11,2.725254129596445
SI Market + Oral,TRx (Adjusted),ORENCIA SQ,PRODUCT,Y,2025-04-18,1.8242058914164616
SI Market + Oral,TRx (Adjusted),ORENCIA SQ,PRODUCT,Y,2025-04-25,2.045673533545954
SI Market + Oral,TRx (Adjusted),ORENCIA SQ,PRODUCT,Y,2025-05-02,2.065708972118565
SI Market + Oral,TRx (Adjusted),ORENCIA SQ,PRODUCT,Y,2025-05-09,2.364509129393085
SI Market + Oral,TRx (Adjusted),ORENCIA SQ,PRODUCT,Y,2025-05-16,1.756837062968609
SI Market + Oral,TRx (Adjusted),ORENCIA SQ,PRODUCT,Y,2025-05-23,2.3656303997541235
SI Market + Oral,TRx (Adjusted),ORENCIA SQ,PRODUCT,Y,2025-05-30,1.7081194303071958
SI Market + Oral,TRx (Adjusted),ORENCIA SQ,PRODUCT,Y,2025-06-06,2.125830149314821
SI Market + Oral,TRx (Adjusted),ORENCIA SQ,PRODUCT,Y,2025-06-13,1.571317965220647
SI Market + Oral,TRx (Adjusted),ORENCIA SQ,PRODUCT,Y,2025-06-20,2.3296048138051577
SI Market + Oral,TRx (Adjusted),ORENCIA SQ,PRODUCT,Y,2025-06-27,2.2371725156549647
SI Market + Oral,TRx (Adjusted),ORENCIA SQ,PRODUCT,Y,2025-07-04,1.889025460206202
SI Market + Oral,TRx (Adjusted),ORENCIA SQ,PRODUCT,Y,2025-07-11,1.9326743625530949
SI Market + Oral,TRx (Adjusted),ORENCIA SQ,PRODUCT,Y,2025-07-18,2.9400722398569186
SI Market + Oral,TRx (Adjusted),ORENCIA SQ,PRODUCT,Y,2025-07-25,2.479630123424545
SI Market + Oral,TRx (Adjusted),ORENCIA SQ,PRODUCT,Y,2025-08-01,2.872942698193043
SI Market + Oral,TRx (Adjusted),ORENCIA SQ,PRODUCT,Y,2025-08-08,2.2434245364091043
SI Market + Oral,TRx (Adjusted),ORENCIA SQ,PRODUCT,Y,2025-08-15,2.823776238363042
SI Market + Oral,TRx (Adjusted),ORENCIA SQ,PRODUCT,Y,2025-08-22,3.113816780904178
SI Market + Oral,TRx (Adjusted),ORENCIA SQ,PRODUCT,Y,2025-08-29,3.2838171055989984
SI Market + Oral,TRx (Adjusted),ORENCIA SQ,PRODUCT,Y,2025-09-05,2.5530604191767448
SI Market + Oral,TRx (Adjusted),ORENCIA SQ,PRODUCT,Y,2025-09-12,2.759797167797524
SI Market + Oral,TRx (Adjusted),ORENCIA SQ,PRODUCT,Y,2025-09-19,2.4211265805271776
SI Market + Oral,TRx (Adjusted),ORENCIA SQ,PRODUCT,Y,2025-09-26,2.509051496711021
SI Market + Oral,TRx (Adjusted),ORENCIA SQ,PRODUCT,Y,2025-10-03,2.6476579150570108
SI Market + Oral,TRx (Adjusted),ORENCIA SQ,PRODUCT,Y,2025-10-10,3.3867076281946504
SI Market + Oral,TRx (Adjusted),ORENCIA SQ,PRODUCT,Y,2025-10-17,3.266942488761396
SI Market + Oral,TRx (Adjusted),ORENCIA SQ,PRODUCT,Y,2025-10-24,2.3394108366399418
SI Market + Oral,TRx (Adjusted),ORENCIA SQ,PRODUCT,Y,2025-10-31,3.026244608904677
SI Market + Oral,TRx (Adjusted),ORENCIA SQ,PRODUCT,Y,2025-11-07,3.0744957476793697
SI Market + Oral,TRx (Adjusted),ORENCIA SQ,PRODUCT,Y,2025-11-14,2.509043693215621
SI Market + Oral,TRx (Adjusted),ORENCIA SQ,PRODUCT,Y,2025-11-21,2.718479813979878
SI Market + Oral,TRx (Adjusted),ORENCIA SQ,PRODUCT,Y,2025-11-28,1.4958746359824004
SI Market + Oral,TRx (Adjusted),ORENCIA SQ,PRODUCT,Y,2025-12-05,2.120410805433121
SI Market + Oral,TRx (Adjusted),ORENCIA SQ,PRODUCT,Y,2025-12-12,1.6059477432142946
SI Market + Oral,TRx (Adjusted),ORENCIA SQ,PRODUCT,Y,2025-12-19,2.2036279114168624
SI Market + Oral,TRx (Adjusted),ORENCIA SQ,PRODUCT,Y,2025-12-26,1.2524459528128506
SI Market + Oral,TRx (Adjusted),ORENCIA SQ,PRODUCT,Y,2026-01-02,2.137656636560526
SI Market + Oral,TRx (Adjusted),ORENCIA SQ,PRODUCT,Y,2026-01-09,3.0047012581211026
SI Market + Oral,TRx (Adjusted),ORENCIA SQ,PRODUCT,Y,2026-01-16,1.7271848806260237
SI Market + Oral,TRx (Adjusted),ORENCIA SQ,PRODUCT,Y,2026-01-23,2.0400058125283804
SI Market + Oral,TRx (Adjusted),ORENCIA SQ,PRODUCT,Y,2026-01-30,2.1410592331305893
SI Market + Oral,TRx (Adjusted),ORENCIA SQ,PRODUCT,Y,2026-02-06,2.0576303020201125
SI Market + Oral,TRx (Adjusted),ORENCIA SQ,PRODUCT,Y,2026-02-13,2.4796395722029647
SI Market + Oral,TRx (Adjusted),ORENCIA SQ,PRODUCT,Y,2026-02-20,2.1556442392298747
SI Market + Oral,TRx (Adjusted),ORENCIA SQ,PRODUCT,Y,2026-02-27,1.9459454116708927
SI Market + Oral,TRx (Adjusted),ORENCIA SQ,PRODUCT,Y,2026-03-06,2.5374758614859934
SI Market + Oral,TRx (Adjusted),ORENCIA SQ,PRODUCT,Y,2026-03-13,2.8056780588183377
SI Market + Oral,TRx (Adjusted),ORENCIA SQ,PRODUCT,Y,2026-03-20,2.220215440691741
SI Market + Oral,TRx (Adjusted),ORENCIA SQ,PRODUCT,Y,2026-03-27,1.7978642001455014
SI Market + Oral,TRx (Adjusted),ORENCIA SQ,PRODUCT,Y,2026-04-03,2.34242948950153
SI Market + Oral,TRx (Adjusted),ORENCIA SQ,PRODUCT,Y,2026-04-10,2.760755168883385
SI Market + Oral,TRx (Adjusted),ORENCIA SQ,PRODUCT,Y,2026-04-17,1.995226516704533
SI Market + Oral,TRx (Adjusted),ORENCIA SQ,PRODUCT,Y,2026-04-24,1.9596959060374872
SI Market + Oral,TRx (Adjusted),ORENCIA SQ,PRODUCT,Y,2026-05-01,2.0513428867577947
SI Market + Oral,TRx (Adjusted),ORENCIA SQ,PRODUCT,Y,2026-05-08,2.1363529925777955
SI Market + Oral,TRx (Adjusted),OTEZLA,PRODUCT,Y,2024-05-03,7.411034097278685
SI Market + Oral,TRx (Adjusted),OTEZLA,PRODUCT,Y,2024-05-10,7.988450638897565
SI Market + Oral,TRx (Adjusted),OTEZLA,PRODUCT,Y,2024-05-17,7.342045602922619
SI Market + Oral,TRx (Adjusted),OTEZLA,PRODUCT,Y,2024-05-24,7.378651175334407
SI Market + Oral,TRx (Adjusted),OTEZLA,PRODUCT,Y,2024-05-31,4.45410750311424
SI Market + Oral,TRx (Adjusted),OTEZLA,PRODUCT,Y,2024-06-07,4.95312502950032
SI Market + Oral,TRx (Adjusted),OTEZLA,PRODUCT,Y,2024-06-14,4.921983661258751
SI Market + Oral,TRx (Adjusted),OTEZLA,PRODUCT,Y,2024-06-21,5.895133319319427
SI Market + Oral,TRx (Adjusted),OTEZLA,PRODUCT,Y,2024-06-28,5.15414593324433
SI Market + Oral,TRx (Adjusted),OTEZLA,PRODUCT,Y,2024-07-05,3.2856690427246047
SI Market + Oral,TRx (Adjusted),OTEZLA,PRODUCT,Y,2024-07-12,3.0537957765039745
SI Market + Oral,TRx (Adjusted),OTEZLA,PRODUCT,Y,2024-07-19,4.316740038332493
SI Market + Oral,TRx (Adjusted),OTEZLA,PRODUCT,Y,2024-07-26,4.615061984104633
SI Market + Oral,TRx (Adjusted),OTEZLA,PRODUCT,Y,2024-08-02,3.5952996387538283
SI Market + Oral,TRx (Adjusted),OTEZLA,PRODUCT,Y,2024-08-09,3.7613950189215952
SI Market + Oral,TRx (Adjusted),OTEZLA,PRODUCT,Y,2024-08-16,2.910692697857191
SI Market + Oral,TRx (Adjusted),OTEZLA,PRODUCT,Y,2024-08-23,3.683294125360983
SI Market + Oral,TRx (Adjusted),OTEZLA,PRODUCT,Y,2024-08-30,3.3180143549699856
SI Market + Oral,TRx (Adjusted),OTEZLA,PRODUCT,Y,2024-09-06,2.9464271652525222
SI Market + Oral,TRx (Adjusted),OTEZLA,PRODUCT,Y,2024-09-13,3.414741738915709
SI Market + Oral,TRx (Adjusted),OTEZLA,PRODUCT,Y,2024-09-20,3.65206347587227
SI Market + Oral,TRx (Adjusted),OTEZLA,PRODUCT,Y,2024-09-27,3.1291989101846656
SI Market + Oral,TRx (Adjusted),OTEZLA,PRODUCT,Y,2024-10-04,2.827207498562067
SI Market + Oral,TRx (Adjusted),OTEZLA,PRODUCT,Y,2024-10-11,2.505111359044057
SI Market + Oral,TRx (Adjusted),OTEZLA,PRODUCT,Y,2024-10-18,2.6857681115383216
SI Market + Oral,TRx (Adjusted),OTEZLA,PRODUCT,Y,2024-10-25,2.5215822625160533
SI Market + Oral,TRx (Adjusted),OTEZLA,PRODUCT,Y,2024-11-01,3.483894729214964
SI Market + Oral,TRx (Adjusted),OTEZLA,PRODUCT,Y,2024-11-08,3.7471652370386384
SI Market + Oral,TRx (Adjusted),OTEZLA,PRODUCT,Y,2024-11-15,3.745246887913731
SI Market + Oral,TRx (Adjusted),OTEZLA,PRODUCT,Y,2024-11-22,3.939499666825218
SI Market + Oral,TRx (Adjusted),OTEZLA,PRODUCT,Y,2024-11-29,3.415524045807556
SI Market + Oral,TRx (Adjusted),OTEZLA,PRODUCT,Y,2024-12-06,3.821725003385249
SI Market + Oral,TRx (Adjusted),OTEZLA,PRODUCT,Y,2024-12-13,3.424933439827868
SI Market + Oral,TRx (Adjusted),OTEZLA,PRODUCT,Y,2024-12-20,3.4250793944118283
SI Market + Oral,TRx (Adjusted),OTEZLA,PRODUCT,Y,2024-12-27,3.1780940155307644
SI Market + Oral,TRx (Adjusted),OTEZLA,PRODUCT,Y,2025-01-03,2.098626947092657
SI Market + Oral,TRx (Adjusted),OTEZLA,PRODUCT,Y,2025-01-10,2.8720053260571707
SI Market + Oral,TRx (Adjusted),OTEZLA,PRODUCT,Y,2025-01-17,3.02207789521771
SI Market + Oral,TRx (Adjusted),OTEZLA,PRODUCT,Y,2025-01-24,2.98225465876646
SI Market + Oral,TRx (Adjusted),OTEZLA,PRODUCT,Y,2025-01-31,3.511174435127796
SI Market + Oral,TRx (Adjusted),OTEZLA,PRODUCT,Y,2025-02-07,3.6120905344681455
SI Market + Oral,TRx (Adjusted),OTEZLA,PRODUCT,Y,2025-02-14,3.017774613308137
SI Market + Oral,TRx (Adjusted),OTEZLA,PRODUCT,Y,2025-02-21,2.527700769168858
SI Market + Oral,TRx (Adjusted),OTEZLA,PRODUCT,Y,2025-02-28,3.8272871330174114
SI Market + Oral,TRx (Adjusted),OTEZLA,PRODUCT,Y,2025-03-07,4.038998294859712
SI Market + Oral,TRx (Adjusted),OTEZLA,PRODUCT,Y,2025-03-14,3.923857346595479
SI Market + Oral,TRx (Adjusted),OTEZLA,PRODUCT,Y,2025-03-21,4.75849971803975
SI Market + Oral,TRx (Adjusted),OTEZLA,PRODUCT,Y,2025-03-28,3.526908466067175
SI Market + Oral,TRx (Adjusted),OTEZLA,PRODUCT,Y,2025-04-04,3.1118550750366056
SI Market + Oral,TRx (Adjusted),OTEZLA,PRODUCT,Y,2025-04-11,4.232009606946218
SI Market + Oral,TRx (Adjusted),OTEZLA,PRODUCT,Y,2025-04-18,4.988686633612541
SI Market + Oral,TRx (Adjusted),OTEZLA,PRODUCT,Y,2025-04-25,4.262215836707914
SI Market + Oral,TRx (Adjusted),OTEZLA,PRODUCT,Y,2025-05-02,3.548581496559009
SI Market + Oral,TRx (Adjusted),OTEZLA,PRODUCT,Y,2025-05-09,4.550647341420945
SI Market + Oral,TRx (Adjusted),OTEZLA,PRODUCT,Y,2025-05-16,5.3045855842399
SI Market + Oral,TRx (Adjusted),OTEZLA,PRODUCT,Y,2025-05-23,5.319196767779899
SI Market + Oral,TRx (Adjusted),OTEZLA,PRODUCT,Y,2025-05-30,4.761026360826146
SI Market + Oral,TRx (Adjusted),OTEZLA,PRODUCT,Y,2025-06-06,4.721569978990143
SI Market + Oral,TRx (Adjusted),OTEZLA,PRODUCT,Y,2025-06-13,4.46306637769606
SI Market + Oral,TRx (Adjusted),OTEZLA,PRODUCT,Y,2025-06-20,2.8872085891347785
SI Market + Oral,TRx (Adjusted),OTEZLA,PRODUCT,Y,2025-06-27,3.56023814056046
SI Market + Oral,TRx (Adjusted),OTEZLA,PRODUCT,Y,2025-07-04,2.8147313857699032
SI Market + Oral,TRx (Adjusted),OTEZLA,PRODUCT,Y,2025-07-11,3.78652541903851
SI Market + Oral,TRx (Adjusted),OTEZLA,PRODUCT,Y,2025-07-18,4.08061201805014
SI Market + Oral,TRx (Adjusted),OTEZLA,PRODUCT,Y,2025-07-25,3.749352318776121
SI Market + Oral,TRx (Adjusted),OTEZLA,PRODUCT,Y,2025-08-01,2.927407992753047
SI Market + Oral,TRx (Adjusted),OTEZLA,PRODUCT,Y,2025-08-08,4.133219202758959
SI Market + Oral,TRx (Adjusted),OTEZLA,PRODUCT,Y,2025-08-15,3.33942805817032
SI Market + Oral,TRx (Adjusted),OTEZLA,PRODUCT,Y,2025-08-22,3.980304342478848
SI Market + Oral,TRx (Adjusted),OTEZLA,PRODUCT,Y,2025-08-29,2.93927266968946
SI Market + Oral,TRx (Adjusted),OTEZLA,PRODUCT,Y,2025-09-05,3.336892821256997
SI Market + Oral,TRx (Adjusted),OTEZLA,PRODUCT,Y,2025-09-12,3.761235865802061
SI Market + Oral,TRx (Adjusted),OTEZLA,PRODUCT,Y,2025-09-19,4.585557964031546
SI Market + Oral,TRx (Adjusted),OTEZLA,PRODUCT,Y,2025-09-26,4.459360972295123
SI Market + Oral,TRx (Adjusted),OTEZLA,PRODUCT,Y,2025-10-03,3.7465698396523432
SI Market + Oral,TRx (Adjusted),OTEZLA,PRODUCT,Y,2025-10-10,3.4831368796505924
SI Market + Oral,TRx (Adjusted),OTEZLA,PRODUCT,Y,2025-10-17,5.0912591561196185
SI Market + Oral,TRx (Adjusted),OTEZLA,PRODUCT,Y,2025-10-24,5.140350160256161
SI Market + Oral,TRx (Adjusted),OTEZLA,PRODUCT,Y,2025-10-31,5.135772270471513
SI Market + Oral,TRx (Adjusted),OTEZLA,PRODUCT,Y,2025-11-07,4.253209210277195
SI Market + Oral,TRx (Adjusted),OTEZLA,PRODUCT,Y,2025-11-14,4.471169660954792
SI Market + Oral,TRx (Adjusted),OTEZLA,PRODUCT,Y,2025-11-21,4.478011819470392
SI Market + Oral,TRx (Adjusted),OTEZLA,PRODUCT,Y,2025-11-28,4.815980413755268
SI Market + Oral,TRx (Adjusted),OTEZLA,PRODUCT,Y,2025-12-05,5.641420176029894
SI Market + Oral,TRx (Adjusted),OTEZLA,PRODUCT,Y,2025-12-12,5.8939439137167575
SI Market + Oral,TRx (Adjusted),OTEZLA,PRODUCT,Y,2025-12-19,6.900150387371113
SI Market + Oral,TRx (Adjusted),OTEZLA,PRODUCT,Y,2025-12-26,4.040438233353362
SI Market + Oral,TRx (Adjusted),OTEZLA,PRODUCT,Y,2026-01-02,4.957303326593078
SI Market + Oral,TRx (Adjusted),OTEZLA,PRODUCT,Y,2026-01-09,8.257839051763499
SI Market + Oral,TRx (Adjusted),OTEZLA,PRODUCT,Y,2026-01-16,7.929318629452458
SI Market + Oral,TRx (Adjusted),OTEZLA,PRODUCT,Y,2026-01-23,5.321768367455916
SI Market + Oral,TRx (Adjusted),OTEZLA,PRODUCT,Y,2026-01-30,6.737813701610926
SI Market + Oral,TRx (Adjusted),OTEZLA,PRODUCT,Y,2026-02-06,7.357944592483058
SI Market + Oral,TRx (Adjusted),OTEZLA,PRODUCT,Y,2026-02-13,7.10396809400328
SI Market + Oral,TRx (Adjusted),OTEZLA,PRODUCT,Y,2026-02-20,7.199175161147071
SI Market + Oral,TRx (Adjusted),OTEZLA,PRODUCT,Y,2026-02-27,7.018157805217961
SI Market + Oral,TRx (Adjusted),OTEZLA,PRODUCT,Y,2026-03-06,5.82714993818406
SI Market + Oral,TRx (Adjusted),OTEZLA,PRODUCT,Y,2026-03-13,5.376116709973046
SI Market + Oral,TRx (Adjusted),OTEZLA,PRODUCT,Y,2026-03-20,5.919533585042792
SI Market + Oral,TRx (Adjusted),OTEZLA,PRODUCT,Y,2026-03-27,5.265449622581647
SI Market + Oral,TRx (Adjusted),OTEZLA,PRODUCT,Y,2026-04-03,6.36302719607613
SI Market + Oral,TRx (Adjusted),OTEZLA,PRODUCT,Y,2026-04-10,6.223789424014644
SI Market + Oral,TRx (Adjusted),OTEZLA,PRODUCT,Y,2026-04-17,4.832328056998037
SI Market + Oral,TRx (Adjusted),OTEZLA,PRODUCT,Y,2026-04-24,5.054547562399849
SI Market + Oral,TRx (Adjusted),OTEZLA,PRODUCT,Y,2026-05-01,5.879132975167996
SI Market + Oral,TRx (Adjusted),OTEZLA,PRODUCT,Y,2026-05-08,7.966913739633463
SI Market + Oral,TRx (Adjusted),SILIQ,PRODUCT,Y,2024-05-03,0.3256377014336161
SI Market + Oral,TRx (Adjusted),SILIQ,PRODUCT,Y,2024-05-10,0.4258833673515429
SI Market + Oral,TRx (Adjusted),SILIQ,PRODUCT,Y,2024-05-17,0.271096965922472
SI Market + Oral,TRx (Adjusted),SILIQ,PRODUCT,Y,2024-05-24,0.297305157842797
SI Market + Oral,TRx (Adjusted),SILIQ,PRODUCT,Y,2024-05-31,0.2159423362398943
SI Market + Oral,TRx (Adjusted),SILIQ,PRODUCT,Y,2024-06-07,0.346671596443041
SI Market + Oral,TRx (Adjusted),SILIQ,PRODUCT,Y,2024-06-14,0.3029763857750848
SI Market + Oral,TRx (Adjusted),SILIQ,PRODUCT,Y,2024-06-21,0.3181070071227213
SI Market + Oral,TRx (Adjusted),SILIQ,PRODUCT,Y,2024-06-28,0.2487922478701026
SI Market + Oral,TRx (Adjusted),SILIQ,PRODUCT,Y,2024-07-05,0.3467624295785677
SI Market + Oral,TRx (Adjusted),SILIQ,PRODUCT,Y,2024-07-12,0.5816686119196285
SI Market + Oral,TRx (Adjusted),SILIQ,PRODUCT,Y,2024-07-19,0.4858354668734571
SI Market + Oral,TRx (Adjusted),SILIQ,PRODUCT,Y,2024-07-26,0.4616477294031158
SI Market + Oral,TRx (Adjusted),SILIQ,PRODUCT,Y,2024-08-02,0.4162509794868516
SI Market + Oral,TRx (Adjusted),SILIQ,PRODUCT,Y,2024-08-09,0.3948081118669905
SI Market + Oral,TRx (Adjusted),SILIQ,PRODUCT,Y,2024-08-16,0.3841172870493586
SI Market + Oral,TRx (Adjusted),SILIQ,PRODUCT,Y,2024-08-23,0.6091252347589825
SI Market + Oral,TRx (Adjusted),SILIQ,PRODUCT,Y,2024-08-30,0.3870869812643001
SI Market + Oral,TRx (Adjusted),SILIQ,PRODUCT,Y,2024-09-06,0.3597977700888219
SI Market + Oral,TRx (Adjusted),SILIQ,PRODUCT,Y,2024-09-13,0.4615667257989735
SI Market + Oral,TRx (Adjusted),SILIQ,PRODUCT,Y,2024-09-20,0.4267316287898036
SI Market + Oral,TRx (Adjusted),SILIQ,PRODUCT,Y,2024-09-27,0.4398384216784265
SI Market + Oral,TRx (Adjusted),SILIQ,PRODUCT,Y,2024-10-04,0.4520248071248939
SI Market + Oral,TRx (Adjusted),SILIQ,PRODUCT,Y,2024-10-11,0.3308465047589843
SI Market + Oral,TRx (Adjusted),SILIQ,PRODUCT,Y,2024-10-18,0.4343940049725525
SI Market + Oral,TRx (Adjusted),SILIQ,PRODUCT,Y,2024-10-25,0.3367340887074351
SI Market + Oral,TRx (Adjusted),SILIQ,PRODUCT,Y,2024-11-01,0.4643264465545508
SI Market + Oral,TRx (Adjusted),SILIQ,PRODUCT,Y,2024-11-08,0.2906395297097515
SI Market + Oral,TRx (Adjusted),SILIQ,PRODUCT,Y,2024-11-15,0.4848054753326122
SI Market + Oral,TRx (Adjusted),SILIQ,PRODUCT,Y,2024-11-22,0.4057557341046638
SI Market + Oral,TRx (Adjusted),SILIQ,PRODUCT,Y,2024-11-29,0.3113633837030499
SI Market + Oral,TRx (Adjusted),SILIQ,PRODUCT,Y,2024-12-06,0.5378365495422468
SI Market + Oral,TRx (Adjusted),SILIQ,PRODUCT,Y,2024-12-13,0.5233142859648129
SI Market + Oral,TRx (Adjusted),SILIQ,PRODUCT,Y,2024-12-20,0.4432224104756775
SI Market + Oral,TRx (Adjusted),SILIQ,PRODUCT,Y,2024-12-27,0.2613773821148928
SI Market + Oral,TRx (Adjusted),SILIQ,PRODUCT,Y,2025-01-03,0.2481620803482941
SI Market + Oral,TRx (Adjusted),SILIQ,PRODUCT,Y,2025-01-10,0.1606425791477489
SI Market + Oral,TRx (Adjusted),SILIQ,PRODUCT,Y,2025-01-17,0.1379177443177575
SI Market + Oral,TRx (Adjusted),SILIQ,PRODUCT,Y,2025-01-24,0.069559762759192
SI Market + Oral,TRx (Adjusted),SILIQ,PRODUCT,Y,2025-01-31,0.0995129496971276
SI Market + Oral,TRx (Adjusted),SILIQ,PRODUCT,Y,2025-02-07,0.0813649902232275
SI Market + Oral,TRx (Adjusted),SILIQ,PRODUCT,Y,2025-02-14,0.0407258888149524
SI Market + Oral,TRx (Adjusted),SILIQ,PRODUCT,Y,2025-02-21,0.0474630858496244
SI Market + Oral,TRx (Adjusted),SILIQ,PRODUCT,Y,2025-02-28,0.0809175853629852
SI Market + Oral,TRx (Adjusted),SILIQ,PRODUCT,Y,2025-03-07,0.0555325414554562
SI Market + Oral,TRx (Adjusted),SILIQ,PRODUCT,Y,2025-03-14,0.0715565579027958
SI Market + Oral,TRx (Adjusted),SILIQ,PRODUCT,Y,2025-03-21,0.0489467246392381
SI Market + Oral,TRx (Adjusted),SILIQ,PRODUCT,Y,2025-03-28,0.0946891723812823
SI Market + Oral,TRx (Adjusted),SILIQ,PRODUCT,Y,2025-04-04,0.0611670417822927
SI Market + Oral,TRx (Adjusted),SILIQ,PRODUCT,Y,2025-04-11,0.1663150000640198
SI Market + Oral,TRx (Adjusted),SILIQ,PRODUCT,Y,2025-04-18,0.1292551694244909
SI Market + Oral,TRx (Adjusted),SILIQ,PRODUCT,Y,2025-04-25,0.0858111954009137
SI Market + Oral,TRx (Adjusted),SILIQ,PRODUCT,Y,2025-05-02,0.1719148367042682
SI Market + Oral,TRx (Adjusted),SILIQ,PRODUCT,Y,2025-05-09,0.2910160367596507
SI Market + Oral,TRx (Adjusted),SILIQ,PRODUCT,Y,2025-05-16,0.1878671063808417
SI Market + Oral,TRx (Adjusted),SILIQ,PRODUCT,Y,2025-05-23,0.3302300454012847
SI Market + Oral,TRx (Adjusted),SILIQ,PRODUCT,Y,2025-05-30,0.3428669046677858
SI Market + Oral,TRx (Adjusted),SILIQ,PRODUCT,Y,2025-06-06,0.2982926694652542
SI Market + Oral,TRx (Adjusted),SILIQ,PRODUCT,Y,2025-06-13,0.178521564059298
SI Market + Oral,TRx (Adjusted),SILIQ,PRODUCT,Y,2025-06-20,0.4860890664206405
SI Market + Oral,TRx (Adjusted),SILIQ,PRODUCT,Y,2025-06-27,0.4132511876298541
SI Market + Oral,TRx (Adjusted),SILIQ,PRODUCT,Y,2025-07-04,0.2274824319872216
SI Market + Oral,TRx (Adjusted),SILIQ,PRODUCT,Y,2025-07-11,0.2937485475849768
SI Market + Oral,TRx (Adjusted),SILIQ,PRODUCT,Y,2025-07-18,0.2670575939521818
SI Market + Oral,TRx (Adjusted),SILIQ,PRODUCT,Y,2025-07-25,0.3399319198088989
SI Market + Oral,TRx (Adjusted),SILIQ,PRODUCT,Y,2025-08-01,0.26907731811226
SI Market + Oral,TRx (Adjusted),SILIQ,PRODUCT,Y,2025-08-08,0.1023305873604581
SI Market + Oral,TRx (Adjusted),SILIQ,PRODUCT,Y,2025-08-15,0.1131976350617712
SI Market + Oral,TRx (Adjusted),SILIQ,PRODUCT,Y,2025-08-22,0.1281342932793603
SI Market + Oral,TRx (Adjusted),SILIQ,PRODUCT,Y,2025-08-29,0.1367210518900175
SI Market + Oral,TRx (Adjusted),SILIQ,PRODUCT,Y,2025-09-05,0.0
SI Market + Oral,TRx (Adjusted),SILIQ,PRODUCT,Y,2025-09-12,0.0
SI Market + Oral,TRx (Adjusted),SILIQ,PRODUCT,Y,2025-09-19,0.0
SI Market + Oral,TRx (Adjusted),SILIQ,PRODUCT,Y,2025-09-26,0.0
SI Market + Oral,TRx (Adjusted),SILIQ,PRODUCT,Y,2025-10-03,0.0
SI Market + Oral,TRx (Adjusted),SILIQ,PRODUCT,Y,2025-10-10,0.0
SI Market + Oral,TRx (Adjusted),SILIQ,PRODUCT,Y,2025-10-17,0.0
SI Market + Oral,TRx (Adjusted),SILIQ,PRODUCT,Y,2025-10-24,0.0
SI Market + Oral,TRx (Adjusted),SILIQ,PRODUCT,Y,2025-10-31,0.0
SI Market + Oral,TRx (Adjusted),SILIQ,PRODUCT,Y,2025-11-07,0.0
SI Market + Oral,TRx (Adjusted),SILIQ,PRODUCT,Y,2025-11-14,0.0
SI Market + Oral,TRx (Adjusted),SILIQ,PRODUCT,Y,2025-11-21,0.0
SI Market + Oral,TRx (Adjusted),SILIQ,PRODUCT,Y,2025-11-28,0.0
SI Market + Oral,TRx (Adjusted),SILIQ,PRODUCT,Y,2025-12-05,0.0
SI Market + Oral,TRx (Adjusted),SILIQ,PRODUCT,Y,2025-12-12,0.0
SI Market + Oral,TRx (Adjusted),SILIQ,PRODUCT,Y,2025-12-19,0.0
SI Market + Oral,TRx (Adjusted),SILIQ,PRODUCT,Y,2025-12-26,0.0
SI Market + Oral,TRx (Adjusted),SILIQ,PRODUCT,Y,2026-01-02,0.0
SI Market + Oral,TRx (Adjusted),SILIQ,PRODUCT,Y,2026-01-09,0.0
SI Market + Oral,TRx (Adjusted),SILIQ,PRODUCT,Y,2026-01-16,0.0
SI Market + Oral,TRx (Adjusted),SILIQ,PRODUCT,Y,2026-01-23,0.0
SI Market + Oral,TRx (Adjusted),SILIQ,PRODUCT,Y,2026-01-30,0.0
SI Market + Oral,TRx (Adjusted),SILIQ,PRODUCT,Y,2026-02-06,0.0
SI Market + Oral,TRx (Adjusted),SILIQ,PRODUCT,Y,2026-02-13,0.0
SI Market + Oral,TRx (Adjusted),SILIQ,PRODUCT,Y,2026-02-20,0.0
SI Market + Oral,TRx (Adjusted),SILIQ,PRODUCT,Y,2026-02-27,0.0
SI Market + Oral,TRx (Adjusted),SILIQ,PRODUCT,Y,2026-03-06,0.0
SI Market + Oral,TRx (Adjusted),SILIQ,PRODUCT,Y,2026-03-13,0.0
SI Market + Oral,TRx (Adjusted),SILIQ,PRODUCT,Y,2026-03-20,0.0
SI Market + Oral,TRx (Adjusted),SILIQ,PRODUCT,Y,2026-03-27,0.0
SI Market + Oral,TRx (Adjusted),SILIQ,PRODUCT,Y,2026-04-03,0.0
SI Market + Oral,TRx (Adjusted),SILIQ,PRODUCT,Y,2026-04-10,0.0
SI Market + Oral,TRx (Adjusted),SILIQ,PRODUCT,Y,2026-04-17,0.0
SI Market + Oral,TRx (Adjusted),SILIQ,PRODUCT,Y,2026-04-24,0.0
SI Market + Oral,TRx (Adjusted),SILIQ,PRODUCT,Y,2026-05-01,0.0
SI Market + Oral,TRx (Adjusted),SILIQ,PRODUCT,Y,2026-05-08,0.0
SI Market + Oral,TRx (Adjusted),SKYRIZI,PRODUCT,Y,2024-05-03,9.350816018410482
SI Market + Oral,TRx (Adjusted),SKYRIZI,PRODUCT,Y,2024-05-10,10.557476468595484
SI Market + Oral,TRx (Adjusted),SKYRIZI,PRODUCT,Y,2024-05-17,11.12830092897609
SI Market + Oral,TRx (Adjusted),SKYRIZI,PRODUCT,Y,2024-05-24,10.9019757366644
SI Market + Oral,TRx (Adjusted),SKYRIZI,PRODUCT,Y,2024-05-31,9.259774637024938
SI Market + Oral,TRx (Adjusted),SKYRIZI,PRODUCT,Y,2024-06-07,12.725817848802064
SI Market + Oral,TRx (Adjusted),SKYRIZI,PRODUCT,Y,2024-06-14,13.886400051715691
SI Market + Oral,TRx (Adjusted),SKYRIZI,PRODUCT,Y,2024-06-21,13.958419539808892
SI Market + Oral,TRx (Adjusted),SKYRIZI,PRODUCT,Y,2024-06-28,10.531293052220184
SI Market + Oral,TRx (Adjusted),SKYRIZI,PRODUCT,Y,2024-07-05,13.34571483435492
SI Market + Oral,TRx (Adjusted),SKYRIZI,PRODUCT,Y,2024-07-12,19.12994932382645
SI Market + Oral,TRx (Adjusted),SKYRIZI,PRODUCT,Y,2024-07-19,18.011257224211743
SI Market + Oral,TRx (Adjusted),SKYRIZI,PRODUCT,Y,2024-07-26,13.991494685306536
SI Market + Oral,TRx (Adjusted),SKYRIZI,PRODUCT,Y,2024-08-02,10.277972486456786
SI Market + Oral,TRx (Adjusted),SKYRIZI,PRODUCT,Y,2024-08-09,11.97246341123074
SI Market + Oral,TRx (Adjusted),SKYRIZI,PRODUCT,Y,2024-08-16,8.337529245529716
SI Market + Oral,TRx (Adjusted),SKYRIZI,PRODUCT,Y,2024-08-23,12.763934281990124
SI Market + Oral,TRx (Adjusted),SKYRIZI,PRODUCT,Y,2024-08-30,15.669486953763885
SI Market + Oral,TRx (Adjusted),SKYRIZI,PRODUCT,Y,2024-09-06,13.492982379901644
SI Market + Oral,TRx (Adjusted),SKYRIZI,PRODUCT,Y,2024-09-13,13.745962508708704
SI Market + Oral,TRx (Adjusted),SKYRIZI,PRODUCT,Y,2024-09-20,15.41238054763887
SI Market + Oral,TRx (Adjusted),SKYRIZI,PRODUCT,Y,2024-09-27,11.315883340640225
SI Market + Oral,TRx (Adjusted),SKYRIZI,PRODUCT,Y,2024-10-04,17.851592359109468
SI Market + Oral,TRx (Adjusted),SKYRIZI,PRODUCT,Y,2024-10-11,12.978933458419093
SI Market + Oral,TRx (Adjusted),SKYRIZI,PRODUCT,Y,2024-10-18,17.530207862534567
SI Market + Oral,TRx (Adjusted),SKYRIZI,PRODUCT,Y,2024-10-25,17.029638371974855
SI Market + Oral,TRx (Adjusted),SKYRIZI,PRODUCT,Y,2024-11-01,5.40575904516523
SI Market + Oral,TRx (Adjusted),SKYRIZI,PRODUCT,Y,2024-11-08,6.892481072315021
SI Market + Oral,TRx (Adjusted),SKYRIZI,PRODUCT,Y,2024-11-15,4.692566309172094
SI Market + Oral,TRx (Adjusted),SKYRIZI,PRODUCT,Y,2024-11-22,5.297119459505491
SI Market + Oral,TRx (Adjusted),SKYRIZI,PRODUCT,Y,2024-11-29,4.409794907356766
SI Market + Oral,TRx (Adjusted),SKYRIZI,PRODUCT,Y,2024-12-06,20.3274737965126
SI Market + Oral,TRx (Adjusted),SKYRIZI,PRODUCT,Y,2024-12-13,15.333902138264012
SI Market + Oral,TRx (Adjusted),SKYRIZI,PRODUCT,Y,2024-12-20,19.48579745493112
SI Market + Oral,TRx (Adjusted),SKYRIZI,PRODUCT,Y,2024-12-27,12.995216021037113
SI Market + Oral,TRx (Adjusted),SKYRIZI,PRODUCT,Y,2025-01-03,10.362395127031492
SI Market + Oral,TRx (Adjusted),SKYRIZI,PRODUCT,Y,2025-01-10,11.710778720419142
SI Market + Oral,TRx (Adjusted),SKYRIZI,PRODUCT,Y,2025-01-17,18.697426567048787
SI Market + Oral,TRx (Adjusted),SKYRIZI,PRODUCT,Y,2025-01-24,10.800367031724596
SI Market + Oral,TRx (Adjusted),SKYRIZI,PRODUCT,Y,2025-01-31,13.121273462278587
SI Market + Oral,TRx (Adjusted),SKYRIZI,PRODUCT,Y,2025-02-07,9.983104362971876
SI Market + Oral,TRx (Adjusted),SKYRIZI,PRODUCT,Y,2025-02-14,10.161605220417607
SI Market + Oral,TRx (Adjusted),SKYRIZI,PRODUCT,Y,2025-02-21,11.85370581355483
SI Market + Oral,TRx (Adjusted),SKYRIZI,PRODUCT,Y,2025-02-28,9.88132005816916
SI Market + Oral,TRx (Adjusted),SKYRIZI,PRODUCT,Y,2025-03-07,20.903767935389027
SI Market + Oral,TRx (Adjusted),SKYRIZI,PRODUCT,Y,2025-03-14,23.051638831585272
SI Market + Oral,TRx (Adjusted),SKYRIZI,PRODUCT,Y,2025-03-21,16.27858025350369
SI Market + Oral,TRx (Adjusted),SKYRIZI,PRODUCT,Y,2025-03-28,22.59645802395116
SI Market + Oral,TRx (Adjusted),SKYRIZI,PRODUCT,Y,2025-04-04,14.80693080307084
SI Market + Oral,TRx (Adjusted),SKYRIZI,PRODUCT,Y,2025-04-11,15.526951857419764
SI Market + Oral,TRx (Adjusted),SKYRIZI,PRODUCT,Y,2025-04-18,19.978734605982016
SI Market + Oral,TRx (Adjusted),SKYRIZI,PRODUCT,Y,2025-04-25,16.94916882960998
SI Market + Oral,TRx (Adjusted),SKYRIZI,PRODUCT,Y,2025-05-02,14.362367520616395
SI Market + Oral,TRx (Adjusted),SKYRIZI,PRODUCT,Y,2025-05-09,11.006504886873133
SI Market + Oral,TRx (Adjusted),SKYRIZI,PRODUCT,Y,2025-05-16,12.736613137397534
SI Market + Oral,TRx (Adjusted),SKYRIZI,PRODUCT,Y,2025-05-23,11.984718773427868
SI Market + Oral,TRx (Adjusted),SKYRIZI,PRODUCT,Y,2025-05-30,9.9998750924514
SI Market + Oral,TRx (Adjusted),SKYRIZI,PRODUCT,Y,2025-06-06,18.976813214606143
SI Market + Oral,TRx (Adjusted),SKYRIZI,PRODUCT,Y,2025-06-13,14.33586851183276
SI Market + Oral,TRx (Adjusted),SKYRIZI,PRODUCT,Y,2025-06-20,16.360954017565902
SI Market + Oral,TRx (Adjusted),SKYRIZI,PRODUCT,Y,2025-06-27,12.765302451922276
SI Market + Oral,TRx (Adjusted),SKYRIZI,PRODUCT,Y,2025-07-04,12.747976604998868
SI Market + Oral,TRx (Adjusted),SKYRIZI,PRODUCT,Y,2025-07-11,14.410757367224564
SI Market + Oral,TRx (Adjusted),SKYRIZI,PRODUCT,Y,2025-07-18,16.12045968235272
SI Market + Oral,TRx (Adjusted),SKYRIZI,PRODUCT,Y,2025-07-25,19.94849506112763
SI Market + Oral,TRx (Adjusted),SKYRIZI,PRODUCT,Y,2025-08-01,18.15313005660387
SI Market + Oral,TRx (Adjusted),SKYRIZI,PRODUCT,Y,2025-08-08,11.062813805924224
SI Market + Oral,TRx (Adjusted),SKYRIZI,PRODUCT,Y,2025-08-15,13.386003857368385
SI Market + Oral,TRx (Adjusted),SKYRIZI,PRODUCT,Y,2025-08-22,11.640769775327678
SI Market + Oral,TRx (Adjusted),SKYRIZI,PRODUCT,Y,2025-08-29,13.673244112648238
SI Market + Oral,TRx (Adjusted),SKYRIZI,PRODUCT,Y,2025-09-05,13.702424438176964
SI Market + Oral,TRx (Adjusted),SKYRIZI,PRODUCT,Y,2025-09-12,23.45801478742158
SI Market + Oral,TRx (Adjusted),SKYRIZI,PRODUCT,Y,2025-09-19,17.465216726801597
SI Market + Oral,TRx (Adjusted),SKYRIZI,PRODUCT,Y,2025-09-26,20.62407007947381
SI Market + Oral,TRx (Adjusted),SKYRIZI,PRODUCT,Y,2025-10-03,21.246769834569925
SI Market + Oral,TRx (Adjusted),SKYRIZI,PRODUCT,Y,2025-10-10,14.070385338845444
SI Market + Oral,TRx (Adjusted),SKYRIZI,PRODUCT,Y,2025-10-17,18.27564767286744
SI Market + Oral,TRx (Adjusted),SKYRIZI,PRODUCT,Y,2025-10-24,20.024768180787778
SI Market + Oral,TRx (Adjusted),SKYRIZI,PRODUCT,Y,2025-10-31,17.59119827013794
SI Market + Oral,TRx (Adjusted),SKYRIZI,PRODUCT,Y,2025-11-07,23.10237534972278
SI Market + Oral,TRx (Adjusted),SKYRIZI,PRODUCT,Y,2025-11-14,19.50489542573253
SI Market + Oral,TRx (Adjusted),SKYRIZI,PRODUCT,Y,2025-11-21,23.718662394966795
SI Market + Oral,TRx (Adjusted),SKYRIZI,PRODUCT,Y,2025-11-28,17.416901755247817
SI Market + Oral,TRx (Adjusted),SKYRIZI,PRODUCT,Y,2025-12-05,18.3605054579032
SI Market + Oral,TRx (Adjusted),SKYRIZI,PRODUCT,Y,2025-12-12,12.92918155933603
SI Market + Oral,TRx (Adjusted),SKYRIZI,PRODUCT,Y,2025-12-19,17.965156251457774
SI Market + Oral,TRx (Adjusted),SKYRIZI,PRODUCT,Y,2025-12-26,13.230748534248786
SI Market + Oral,TRx (Adjusted),SKYRIZI,PRODUCT,Y,2026-01-02,10.13056743884432
SI Market + Oral,TRx (Adjusted),SKYRIZI,PRODUCT,Y,2026-01-09,20.409262073988177
SI Market + Oral,TRx (Adjusted),SKYRIZI,PRODUCT,Y,2026-01-16,20.486723675497046
SI Market + Oral,TRx (Adjusted),SKYRIZI,PRODUCT,Y,2026-01-23,20.6833034571169
SI Market + Oral,TRx (Adjusted),SKYRIZI,PRODUCT,Y,2026-01-30,14.76470092421629
SI Market + Oral,TRx (Adjusted),SKYRIZI,PRODUCT,Y,2026-02-06,19.68080323196753
SI Market + Oral,TRx (Adjusted),SKYRIZI,PRODUCT,Y,2026-02-13,21.951697452827023
SI Market + Oral,TRx (Adjusted),SKYRIZI,PRODUCT,Y,2026-02-20,17.350620491508707
SI Market + Oral,TRx (Adjusted),SKYRIZI,PRODUCT,Y,2026-02-27,24.936765557386448
SI Market + Oral,TRx (Adjusted),SKYRIZI,PRODUCT,Y,2026-03-06,7.9824491378514
SI Market + Oral,TRx (Adjusted),SKYRIZI,PRODUCT,Y,2026-03-13,9.194239631860643
SI Market + Oral,TRx (Adjusted),SKYRIZI,PRODUCT,Y,2026-03-20,11.680995076602732
SI Market + Oral,TRx (Adjusted),SKYRIZI,PRODUCT,Y,2026-03-27,10.820955847616792
SI Market + Oral,TRx (Adjusted),SKYRIZI,PRODUCT,Y,2026-04-03,10.94362257706414
SI Market + Oral,TRx (Adjusted),SKYRIZI,PRODUCT,Y,2026-04-10,11.476208834600994
SI Market + Oral,TRx (Adjusted),SKYRIZI,PRODUCT,Y,2026-04-17,10.909342588977646
SI Market + Oral,TRx (Adjusted),SKYRIZI,PRODUCT,Y,2026-04-24,10.49160600809043
SI Market + Oral,TRx (Adjusted),SKYRIZI,PRODUCT,Y,2026-05-01,11.121133062020016
SI Market + Oral,TRx (Adjusted),SKYRIZI,PRODUCT,Y,2026-05-08,13.427300396589184
SI Market + Oral,TRx (Adjusted),SOTYKTU,PRODUCT,Y,2024-05-03,0.099241833373525
SI Market + Oral,TRx (Adjusted),SOTYKTU,PRODUCT,Y,2024-05-10,0.1463720022984849
SI Market + Oral,TRx (Adjusted),SOTYKTU,PRODUCT,Y,2024-05-17,0.1458150563830131
SI Market + Oral,TRx (Adjusted),SOTYKTU,PRODUCT,Y,2024-05-24,0.1181332124085089
SI Market + Oral,TRx (Adjusted),SOTYKTU,PRODUCT,Y,2024-05-31,0.2239176365594563
SI Market + Oral,TRx (Adjusted),SOTYKTU,PRODUCT,Y,2024-06-07,0.3225879675239744
SI Market + Oral,TRx (Adjusted),SOTYKTU,PRODUCT,Y,2024-06-14,0.2318633720125397
SI Market + Oral,TRx (Adjusted),SOTYKTU,PRODUCT,Y,2024-06-21,0.2186059096978234
SI Market + Oral,TRx (Adjusted),SOTYKTU,PRODUCT,Y,2024-06-28,0.2810585998618133
SI Market + Oral,TRx (Adjusted),SOTYKTU,PRODUCT,Y,2024-07-05,0.4190588395813809
SI Market + Oral,TRx (Adjusted),SOTYKTU,PRODUCT,Y,2024-07-12,0.4932409785320625
SI Market + Oral,TRx (Adjusted),SOTYKTU,PRODUCT,Y,2024-07-19,0.5295146477700317
SI Market + Oral,TRx (Adjusted),SOTYKTU,PRODUCT,Y,2024-07-26,0.624545059688692
SI Market + Oral,TRx (Adjusted),SOTYKTU,PRODUCT,Y,2024-08-02,0.6680055058149051
SI Market + Oral,TRx (Adjusted),SOTYKTU,PRODUCT,Y,2024-08-09,0.7416101139082418
SI Market + Oral,TRx (Adjusted),SOTYKTU,PRODUCT,Y,2024-08-16,0.6961041534527334
SI Market + Oral,TRx (Adjusted),SOTYKTU,PRODUCT,Y,2024-08-23,0.780504178580686
SI Market + Oral,TRx (Adjusted),SOTYKTU,PRODUCT,Y,2024-08-30,0.8659100935889588
SI Market + Oral,TRx (Adjusted),SOTYKTU,PRODUCT,Y,2024-09-06,0.6171929533939043
SI Market + Oral,TRx (Adjusted),SOTYKTU,PRODUCT,Y,2024-09-13,0.9185963709917048
SI Market + Oral,TRx (Adjusted),SOTYKTU,PRODUCT,Y,2024-09-20,0.9918575208052968
SI Market + Oral,TRx (Adjusted),SOTYKTU,PRODUCT,Y,2024-09-27,0.823291804068109
SI Market + Oral,TRx (Adjusted),SOTYKTU,PRODUCT,Y,2024-10-04,1.1305871340335445
SI Market + Oral,TRx (Adjusted),SOTYKTU,PRODUCT,Y,2024-10-11,1.088139137910545
SI Market + Oral,TRx (Adjusted),SOTYKTU,PRODUCT,Y,2024-10-18,1.0013060792445043
SI Market + Oral,TRx (Adjusted),SOTYKTU,PRODUCT,Y,2024-10-25,0.842176949628261
SI Market + Oral,TRx (Adjusted),SOTYKTU,PRODUCT,Y,2024-11-01,1.1144381286941245
SI Market + Oral,TRx (Adjusted),SOTYKTU,PRODUCT,Y,2024-11-08,1.1573543843433785
SI Market + Oral,TRx (Adjusted),SOTYKTU,PRODUCT,Y,2024-11-15,1.0681965050864686
SI Market + Oral,TRx (Adjusted),SOTYKTU,PRODUCT,Y,2024-11-22,1.0315301057356117
SI Market + Oral,TRx (Adjusted),SOTYKTU,PRODUCT,Y,2024-11-29,1.1574255970711866
SI Market + Oral,TRx (Adjusted),SOTYKTU,PRODUCT,Y,2024-12-06,1.5102607151799097
SI Market + Oral,TRx (Adjusted),SOTYKTU,PRODUCT,Y,2024-12-13,1.1802265905395173
SI Market + Oral,TRx (Adjusted),SOTYKTU,PRODUCT,Y,2024-12-20,1.483238983303251
SI Market + Oral,TRx (Adjusted),SOTYKTU,PRODUCT,Y,2024-12-27,1.0638972637473372
SI Market + Oral,TRx (Adjusted),SOTYKTU,PRODUCT,Y,2025-01-03,0.8852218146971875
SI Market + Oral,TRx (Adjusted),SOTYKTU,PRODUCT,Y,2025-01-10,1.4112156006310863
SI Market + Oral,TRx (Adjusted),SOTYKTU,PRODUCT,Y,2025-01-17,1.3806519798552783
SI Market + Oral,TRx (Adjusted),SOTYKTU,PRODUCT,Y,2025-01-24,1.049850101849142
SI Market + Oral,TRx (Adjusted),SOTYKTU,PRODUCT,Y,2025-01-31,1.212638506308798
SI Market + Oral,TRx (Adjusted),SOTYKTU,PRODUCT,Y,2025-02-07,1.0197096908118093
SI Market + Oral,TRx (Adjusted),SOTYKTU,PRODUCT,Y,2025-02-14,1.0702912069898876
SI Market + Oral,TRx (Adjusted),SOTYKTU,PRODUCT,Y,2025-02-21,1.4455429265483453
SI Market + Oral,TRx (Adjusted),SOTYKTU,PRODUCT,Y,2025-02-28,1.4455789215401575
SI Market + Oral,TRx (Adjusted),SOTYKTU,PRODUCT,Y,2025-03-07,1.2197168596351566
SI Market + Oral,TRx (Adjusted),SOTYKTU,PRODUCT,Y,2025-03-14,1.720662074358947
SI Market + Oral,TRx (Adjusted),SOTYKTU,PRODUCT,Y,2025-03-21,1.1463541672628146
SI Market + Oral,TRx (Adjusted),SOTYKTU,PRODUCT,Y,2025-03-28,1.6358258716048122
SI Market + Oral,TRx (Adjusted),SOTYKTU,PRODUCT,Y,2025-04-04,1.4138252343294222
SI Market + Oral,TRx (Adjusted),SOTYKTU,PRODUCT,Y,2025-04-11,1.1481740651381438
SI Market + Oral,TRx (Adjusted),SOTYKTU,PRODUCT,Y,2025-04-18,1.5637956754423843
SI Market + Oral,TRx (Adjusted),SOTYKTU,PRODUCT,Y,2025-04-25,1.835236454213325
SI Market + Oral,TRx (Adjusted),SOTYKTU,PRODUCT,Y,2025-05-02,1.2309430314281062
SI Market + Oral,TRx (Adjusted),SOTYKTU,PRODUCT,Y,2025-05-09,1.1452853803006495
SI Market + Oral,TRx (Adjusted),SOTYKTU,PRODUCT,Y,2025-05-16,1.6361696019044945
SI Market + Oral,TRx (Adjusted),SOTYKTU,PRODUCT,Y,2025-05-23,1.7057813282440588
SI Market + Oral,TRx (Adjusted),SOTYKTU,PRODUCT,Y,2025-05-30,1.2792851955045752
SI Market + Oral,TRx (Adjusted),SOTYKTU,PRODUCT,Y,2025-06-06,0.8125463204675675
SI Market + Oral,TRx (Adjusted),SOTYKTU,PRODUCT,Y,2025-06-13,1.0713096051218651
SI Market + Oral,TRx (Adjusted),SOTYKTU,PRODUCT,Y,2025-06-20,0.9538561756310866
SI Market + Oral,TRx (Adjusted),SOTYKTU,PRODUCT,Y,2025-06-27,1.197664122972489
SI Market + Oral,TRx (Adjusted),SOTYKTU,PRODUCT,Y,2025-07-04,0.890094244204656
SI Market + Oral,TRx (Adjusted),SOTYKTU,PRODUCT,Y,2025-07-11,0.4728473539327565
SI Market + Oral,TRx (Adjusted),SOTYKTU,PRODUCT,Y,2025-07-18,0.4153368711620668
SI Market + Oral,TRx (Adjusted),SOTYKTU,PRODUCT,Y,2025-07-25,0.4697614446370504
SI Market + Oral,TRx (Adjusted),SOTYKTU,PRODUCT,Y,2025-08-01,0.3776971226381764
SI Market + Oral,TRx (Adjusted),SOTYKTU,PRODUCT,Y,2025-08-08,0.1174661017067607
SI Market + Oral,TRx (Adjusted),SOTYKTU,PRODUCT,Y,2025-08-15,0.1375284467725172
SI Market + Oral,TRx (Adjusted),SOTYKTU,PRODUCT,Y,2025-08-22,0.1811477606250565
SI Market + Oral,TRx (Adjusted),SOTYKTU,PRODUCT,Y,2025-08-29,0.106211480929279
SI Market + Oral,TRx (Adjusted),SOTYKTU,PRODUCT,Y,2025-09-05,0.0
SI Market + Oral,TRx (Adjusted),SOTYKTU,PRODUCT,Y,2025-09-12,0.0
SI Market + Oral,TRx (Adjusted),SOTYKTU,PRODUCT,Y,2025-09-19,0.0
SI Market + Oral,TRx (Adjusted),SOTYKTU,PRODUCT,Y,2025-09-26,0.0
SI Market + Oral,TRx (Adjusted),SOTYKTU,PRODUCT,Y,2025-10-03,0.0
SI Market + Oral,TRx (Adjusted),SOTYKTU,PRODUCT,Y,2025-10-10,0.0
SI Market + Oral,TRx (Adjusted),SOTYKTU,PRODUCT,Y,2025-10-17,0.0
SI Market + Oral,TRx (Adjusted),SOTYKTU,PRODUCT,Y,2025-10-24,0.0
SI Market + Oral,TRx (Adjusted),SOTYKTU,PRODUCT,Y,2025-10-31,0.0
SI Market + Oral,TRx (Adjusted),SOTYKTU,PRODUCT,Y,2025-11-07,0.0
SI Market + Oral,TRx (Adjusted),SOTYKTU,PRODUCT,Y,2025-11-14,0.0
SI Market + Oral,TRx (Adjusted),SOTYKTU,PRODUCT,Y,2025-11-21,0.0
SI Market + Oral,TRx (Adjusted),SOTYKTU,PRODUCT,Y,2025-11-28,0.0
SI Market + Oral,TRx (Adjusted),SOTYKTU,PRODUCT,Y,2025-12-05,0.0
SI Market + Oral,TRx (Adjusted),SOTYKTU,PRODUCT,Y,2025-12-12,0.0
SI Market + Oral,TRx (Adjusted),SOTYKTU,PRODUCT,Y,2025-12-19,0.0
SI Market + Oral,TRx (Adjusted),SOTYKTU,PRODUCT,Y,2025-12-26,0.0
SI Market + Oral,TRx (Adjusted),SOTYKTU,PRODUCT,Y,2026-01-02,0.0
SI Market + Oral,TRx (Adjusted),SOTYKTU,PRODUCT,Y,2026-01-09,0.0
SI Market + Oral,TRx (Adjusted),SOTYKTU,PRODUCT,Y,2026-01-16,0.0
SI Market + Oral,TRx (Adjusted),SOTYKTU,PRODUCT,Y,2026-01-23,0.0
SI Market + Oral,TRx (Adjusted),SOTYKTU,PRODUCT,Y,2026-01-30,0.0
SI Market + Oral,TRx (Adjusted),SOTYKTU,PRODUCT,Y,2026-02-06,0.0
SI Market + Oral,TRx (Adjusted),SOTYKTU,PRODUCT,Y,2026-02-13,0.0
SI Market + Oral,TRx (Adjusted),SOTYKTU,PRODUCT,Y,2026-02-20,0.0
SI Market + Oral,TRx (Adjusted),SOTYKTU,PRODUCT,Y,2026-02-27,0.0
SI Market + Oral,TRx (Adjusted),SOTYKTU,PRODUCT,Y,2026-03-06,0.0
SI Market + Oral,TRx (Adjusted),SOTYKTU,PRODUCT,Y,2026-03-13,0.0
SI Market + Oral,TRx (Adjusted),SOTYKTU,PRODUCT,Y,2026-03-20,0.0
SI Market + Oral,TRx (Adjusted),SOTYKTU,PRODUCT,Y,2026-03-27,0.0
SI Market + Oral,TRx (Adjusted),SOTYKTU,PRODUCT,Y,2026-04-03,0.0
SI Market + Oral,TRx (Adjusted),SOTYKTU,PRODUCT,Y,2026-04-10,0.0
SI Market + Oral,TRx (Adjusted),SOTYKTU,PRODUCT,Y,2026-04-17,0.0
SI Market + Oral,TRx (Adjusted),SOTYKTU,PRODUCT,Y,2026-04-24,0.0
SI Market + Oral,TRx (Adjusted),SOTYKTU,PRODUCT,Y,2026-05-01,0.0
SI Market + Oral,TRx (Adjusted),SOTYKTU,PRODUCT,Y,2026-05-08,0.0
SI Market + Oral,TRx (Adjusted),TALTZ,PRODUCT,Y,2024-05-03,4.700052338419307
SI Market + Oral,TRx (Adjusted),TALTZ,PRODUCT,Y,2024-05-10,4.632238981503745
SI Market + Oral,TRx (Adjusted),TALTZ,PRODUCT,Y,2024-05-17,4.732031350994152
SI Market + Oral,TRx (Adjusted),TALTZ,PRODUCT,Y,2024-05-24,5.287659315334523
SI Market + Oral,TRx (Adjusted),TALTZ,PRODUCT,Y,2024-05-31,3.5675806141997217
SI Market + Oral,TRx (Adjusted),TALTZ,PRODUCT,Y,2024-06-07,5.188845099219225
SI Market + Oral,TRx (Adjusted),TALTZ,PRODUCT,Y,2024-06-14,5.53973191089289
SI Market + Oral,TRx (Adjusted),TALTZ,PRODUCT,Y,2024-06-21,3.980091297568901
SI Market + Oral,TRx (Adjusted),TALTZ,PRODUCT,Y,2024-06-28,4.683708876078512
SI Market + Oral,TRx (Adjusted),TALTZ,PRODUCT,Y,2024-07-05,3.090642706207664
SI Market + Oral,TRx (Adjusted),TALTZ,PRODUCT,Y,2024-07-12,4.119150826555623
SI Market + Oral,TRx (Adjusted),TALTZ,PRODUCT,Y,2024-07-19,4.562984687055715
SI Market + Oral,TRx (Adjusted),TALTZ,PRODUCT,Y,2024-07-26,4.8220951098673694
SI Market + Oral,TRx (Adjusted),TALTZ,PRODUCT,Y,2024-08-02,4.03146658286512
SI Market + Oral,TRx (Adjusted),TALTZ,PRODUCT,Y,2024-08-09,5.2869240493198
SI Market + Oral,TRx (Adjusted),TALTZ,PRODUCT,Y,2024-08-16,3.6542195202525214
SI Market + Oral,TRx (Adjusted),TALTZ,PRODUCT,Y,2024-08-23,5.28046737002315
SI Market + Oral,TRx (Adjusted),TALTZ,PRODUCT,Y,2024-08-30,5.046173764687043
SI Market + Oral,TRx (Adjusted),TALTZ,PRODUCT,Y,2024-09-06,3.5805484621024752
SI Market + Oral,TRx (Adjusted),TALTZ,PRODUCT,Y,2024-09-13,3.4808585478087792
SI Market + Oral,TRx (Adjusted),TALTZ,PRODUCT,Y,2024-09-20,5.141766764710054
SI Market + Oral,TRx (Adjusted),TALTZ,PRODUCT,Y,2024-09-27,3.2078453758194883
SI Market + Oral,TRx (Adjusted),TALTZ,PRODUCT,Y,2024-10-04,3.8996166578651583
SI Market + Oral,TRx (Adjusted),TALTZ,PRODUCT,Y,2024-10-11,2.9419591600540373
SI Market + Oral,TRx (Adjusted),TALTZ,PRODUCT,Y,2024-10-18,3.251961987839065
SI Market + Oral,TRx (Adjusted),TALTZ,PRODUCT,Y,2024-10-25,4.160346352885691
SI Market + Oral,TRx (Adjusted),TALTZ,PRODUCT,Y,2024-11-01,2.7258226971423363
SI Market + Oral,TRx (Adjusted),TALTZ,PRODUCT,Y,2024-11-08,3.5248213636617782
SI Market + Oral,TRx (Adjusted),TALTZ,PRODUCT,Y,2024-11-15,2.99719316325256
SI Market + Oral,TRx (Adjusted),TALTZ,PRODUCT,Y,2024-11-22,3.433899932492021
SI Market + Oral,TRx (Adjusted),TALTZ,PRODUCT,Y,2024-11-29,2.3212807737873065
SI Market + Oral,TRx (Adjusted),TALTZ,PRODUCT,Y,2024-12-06,4.403219546992038
SI Market + Oral,TRx (Adjusted),TALTZ,PRODUCT,Y,2024-12-13,3.7437853194900006
SI Market + Oral,TRx (Adjusted),TALTZ,PRODUCT,Y,2024-12-20,2.8891544642585174
SI Market + Oral,TRx (Adjusted),TALTZ,PRODUCT,Y,2024-12-27,1.7612212964854688
SI Market + Oral,TRx (Adjusted),TALTZ,PRODUCT,Y,2025-01-03,2.890921918406017
SI Market + Oral,TRx (Adjusted),TALTZ,PRODUCT,Y,2025-01-10,1.816089196951136
SI Market + Oral,TRx (Adjusted),TALTZ,PRODUCT,Y,2025-01-17,2.206483943657804
SI Market + Oral,TRx (Adjusted),TALTZ,PRODUCT,Y,2025-01-24,1.659714667574128
SI Market + Oral,TRx (Adjusted),TALTZ,PRODUCT,Y,2025-01-31,2.9710829590637835
SI Market + Oral,TRx (Adjusted),TALTZ,PRODUCT,Y,2025-02-07,1.8185360367816288
SI Market + Oral,TRx (Adjusted),TALTZ,PRODUCT,Y,2025-02-14,2.3781066407740408
SI Market + Oral,TRx (Adjusted),TALTZ,PRODUCT,Y,2025-02-21,1.4396477349762693
SI Market + Oral,TRx (Adjusted),TALTZ,PRODUCT,Y,2025-02-28,2.271135350519902
SI Market + Oral,TRx (Adjusted),TALTZ,PRODUCT,Y,2025-03-07,1.2971640111403622
SI Market + Oral,TRx (Adjusted),TALTZ,PRODUCT,Y,2025-03-14,1.906036757217512
SI Market + Oral,TRx (Adjusted),TALTZ,PRODUCT,Y,2025-03-21,1.5793928913961357
SI Market + Oral,TRx (Adjusted),TALTZ,PRODUCT,Y,2025-03-28,1.3852576204613611
SI Market + Oral,TRx (Adjusted),TALTZ,PRODUCT,Y,2025-04-04,1.3328586421039137
SI Market + Oral,TRx (Adjusted),TALTZ,PRODUCT,Y,2025-04-11,1.5457733636366051
SI Market + Oral,TRx (Adjusted),TALTZ,PRODUCT,Y,2025-04-18,1.512054224869943
SI Market + Oral,TRx (Adjusted),TALTZ,PRODUCT,Y,2025-04-25,1.6970212706054706
SI Market + Oral,TRx (Adjusted),TALTZ,PRODUCT,Y,2025-05-02,1.1787353019311468
SI Market + Oral,TRx (Adjusted),TALTZ,PRODUCT,Y,2025-05-09,2.219421909698612
SI Market + Oral,TRx (Adjusted),TALTZ,PRODUCT,Y,2025-05-16,1.7019784041209811
SI Market + Oral,TRx (Adjusted),TALTZ,PRODUCT,Y,2025-05-23,2.2631387082318515
SI Market + Oral,TRx (Adjusted),TALTZ,PRODUCT,Y,2025-05-30,1.380206774593728
SI Market + Oral,TRx (Adjusted),TALTZ,PRODUCT,Y,2025-06-06,2.677023467918392
SI Market + Oral,TRx (Adjusted),TALTZ,PRODUCT,Y,2025-06-13,2.562283324766656
SI Market + Oral,TRx (Adjusted),TALTZ,PRODUCT,Y,2025-06-20,2.9081671033155545
SI Market + Oral,TRx (Adjusted),TALTZ,PRODUCT,Y,2025-06-27,2.4309113464186987
SI Market + Oral,TRx (Adjusted),TALTZ,PRODUCT,Y,2025-07-04,1.659016645870396
SI Market + Oral,TRx (Adjusted),TALTZ,PRODUCT,Y,2025-07-11,3.290109299784403
SI Market + Oral,TRx (Adjusted),TALTZ,PRODUCT,Y,2025-07-18,4.385739959743737
SI Market + Oral,TRx (Adjusted),TALTZ,PRODUCT,Y,2025-07-25,4.230777479406054
SI Market + Oral,TRx (Adjusted),TALTZ,PRODUCT,Y,2025-08-01,3.0024802457557094
SI Market + Oral,TRx (Adjusted),TALTZ,PRODUCT,Y,2025-08-08,3.1171510377076967
SI Market + Oral,TRx (Adjusted),TALTZ,PRODUCT,Y,2025-08-15,4.5553273582119065
SI Market + Oral,TRx (Adjusted),TALTZ,PRODUCT,Y,2025-08-22,4.701478114141569
SI Market + Oral,TRx (Adjusted),TALTZ,PRODUCT,Y,2025-08-29,3.369420890692274
SI Market + Oral,TRx (Adjusted),TALTZ,PRODUCT,Y,2025-09-05,4.15751220482985
SI Market + Oral,TRx (Adjusted),TALTZ,PRODUCT,Y,2025-09-12,4.110267774871847
SI Market + Oral,TRx (Adjusted),TALTZ,PRODUCT,Y,2025-09-19,4.164764785791867
SI Market + Oral,TRx (Adjusted),TALTZ,PRODUCT,Y,2025-09-26,3.236327977623452
SI Market + Oral,TRx (Adjusted),TALTZ,PRODUCT,Y,2025-10-03,4.176294318377969
SI Market + Oral,TRx (Adjusted),TALTZ,PRODUCT,Y,2025-10-10,2.6738919402175303
SI Market + Oral,TRx (Adjusted),TALTZ,PRODUCT,Y,2025-10-17,2.9923410367670407
SI Market + Oral,TRx (Adjusted),TALTZ,PRODUCT,Y,2025-10-24,2.610316841459519
SI Market + Oral,TRx (Adjusted),TALTZ,PRODUCT,Y,2025-10-31,4.107992969792398
SI Market + Oral,TRx (Adjusted),TALTZ,PRODUCT,Y,2025-11-07,2.335222026923138
SI Market + Oral,TRx (Adjusted),TALTZ,PRODUCT,Y,2025-11-14,2.979278885135324
SI Market + Oral,TRx (Adjusted),TALTZ,PRODUCT,Y,2025-11-21,2.056709989098256
SI Market + Oral,TRx (Adjusted),TALTZ,PRODUCT,Y,2025-11-28,2.0439243716657054
SI Market + Oral,TRx (Adjusted),TALTZ,PRODUCT,Y,2025-12-05,1.9816374603446705
SI Market + Oral,TRx (Adjusted),TALTZ,PRODUCT,Y,2025-12-12,2.5207783006936406
SI Market + Oral,TRx (Adjusted),TALTZ,PRODUCT,Y,2025-12-19,1.928129701783083
SI Market + Oral,TRx (Adjusted),TALTZ,PRODUCT,Y,2025-12-26,1.069250717341909
SI Market + Oral,TRx (Adjusted),TALTZ,PRODUCT,Y,2026-01-02,1.4173000202295098
SI Market + Oral,TRx (Adjusted),TALTZ,PRODUCT,Y,2026-01-09,2.498273080236118
SI Market + Oral,TRx (Adjusted),TALTZ,PRODUCT,Y,2026-01-16,2.264696342312882
SI Market + Oral,TRx (Adjusted),TALTZ,PRODUCT,Y,2026-01-23,1.9773083911014888
SI Market + Oral,TRx (Adjusted),TALTZ,PRODUCT,Y,2026-01-30,1.790345536489034
SI Market + Oral,TRx (Adjusted),TALTZ,PRODUCT,Y,2026-02-06,2.981902542490225
SI Market + Oral,TRx (Adjusted),TALTZ,PRODUCT,Y,2026-02-13,3.457490092423943
SI Market + Oral,TRx (Adjusted),TALTZ,PRODUCT,Y,2026-02-20,2.6556068480436363
SI Market + Oral,TRx (Adjusted),TALTZ,PRODUCT,Y,2026-02-27,2.6012657618765243
SI Market + Oral,TRx (Adjusted),TALTZ,PRODUCT,Y,2026-03-06,3.736019818418185
SI Market + Oral,TRx (Adjusted),TALTZ,PRODUCT,Y,2026-03-13,3.468919842242021
SI Market + Oral,TRx (Adjusted),TALTZ,PRODUCT,Y,2026-03-20,2.969679249338664
SI Market + Oral,TRx (Adjusted),TALTZ,PRODUCT,Y,2026-03-27,4.054252841671151
SI Market + Oral,TRx (Adjusted),TALTZ,PRODUCT,Y,2026-04-03,3.12378996805456
SI Market + Oral,TRx (Adjusted),TALTZ,PRODUCT,Y,2026-04-10,3.909493236202997
SI Market + Oral,TRx (Adjusted),TALTZ,PRODUCT,Y,2026-04-17,4.156103268691428
SI Market + Oral,TRx (Adjusted),TALTZ,PRODUCT,Y,2026-04-24,2.893983124248676
SI Market + Oral,TRx (Adjusted),TALTZ,PRODUCT,Y,2026-05-01,3.121576294551005
SI Market + Oral,TRx (Adjusted),TALTZ,PRODUCT,Y,2026-05-08,4.097529514324327
SI Market + Oral,TRx (Adjusted),SI Market + Oral,MARKET_TOTAL,N,2026-05-15,76880.9266160829
SI Market + Oral,TRx (Adjusted),HUMIRA (Including Citrate Free),PRODUCT,N,2026-05-15,7541.442008596965
SI Market + Oral,TRx (Adjusted),ADALIMUMAB,PRODUCT,N,2026-05-15,13527.410193813104
SI Market + Oral,TRx (Adjusted),CIMZIA,PRODUCT,N,2026-05-15,576.7091068061407
SI Market + Oral,TRx (Adjusted),ENTYVIO SQ,PRODUCT,N,2026-05-15,3935.373046500651
SI Market + Oral,TRx (Adjusted),OMVOH SQ,PRODUCT,N,2026-05-15,443.9090546035615
SI Market + Oral,TRx (Adjusted),RINVOQ,PRODUCT,N,2026-05-15,8680.771529258429
SI Market + Oral,TRx (Adjusted),SIMPONI SC,PRODUCT,N,2026-05-15,227.5074637687104
SI Market + Oral,TRx (Adjusted),SKYRIZI OBI,PRODUCT,N,2026-05-15,17251.01837611553
SI Market + Oral,TRx (Adjusted),STELARA BIOSIMILARS TOTAL SQ,PRODUCT,N,2026-05-15,7894.043175134472
SI Market + Oral,TRx (Adjusted),STELARA SQ,PRODUCT,N,2026-05-15,6218.492834677903
SI Market + Oral,TRx (Adjusted),TREMFYA,PRODUCT,N,2026-05-15,7926.177078867578
SI Market + Oral,TRx (Adjusted),VELSIPITY,PRODUCT,N,2026-05-15,350.3974458878812
SI Market + Oral,TRx (Adjusted),XELJANZ,PRODUCT,N,2026-05-15,1254.3377449490097
SI Market + Oral,TRx (Adjusted),ZEPOSIA,PRODUCT,N,2026-05-15,319.86229112681985
SI Market + Oral,TRx (Adjusted),ZYMFENTRA,PRODUCT,N,2026-05-15,618.7201805479449
SI Market + Oral,TRx (Adjusted),Total Non-Approved Volume,PRODUCT,N,2026-05-15,114.75508542819892
SI Market + Oral,TRx (Adjusted),ACTEMRA BIOSIMILARS SQ TOTAL,PRODUCT,Y,2026-05-15,0.8960465670242798
SI Market + Oral,TRx (Adjusted),ACTEMRA SQ,PRODUCT,Y,2026-05-15,0.957576886780798
SI Market + Oral,TRx (Adjusted),BIMZELX,PRODUCT,Y,2026-05-15,5.658218276551255
SI Market + Oral,TRx (Adjusted),COSENTYX SQ,PRODUCT,Y,2026-05-15,0.8660476922134723
SI Market + Oral,TRx (Adjusted),ENBREL,PRODUCT,Y,2026-05-15,31.70606336324974
SI Market + Oral,TRx (Adjusted),ILUMYA,PRODUCT,Y,2026-05-15,51.981846525968
SI Market + Oral,TRx (Adjusted),KEVZARA,PRODUCT,Y,2026-05-15,0.8939433509418809
SI Market + Oral,TRx (Adjusted),KINERET,PRODUCT,Y,2026-05-15,0.9297751019445742
SI Market + Oral,TRx (Adjusted),OLUMIANT,PRODUCT,Y,2026-05-15,0.0
SI Market + Oral,TRx (Adjusted),ORENCIA SQ,PRODUCT,Y,2026-05-15,2.026394239879008
SI Market + Oral,TRx (Adjusted),OTEZLA,PRODUCT,Y,2026-05-15,5.989542163766568
SI Market + Oral,TRx (Adjusted),SILIQ,PRODUCT,Y,2026-05-15,0.0
SI Market + Oral,TRx (Adjusted),SKYRIZI,PRODUCT,Y,2026-05-15,8.95948950334186
SI Market + Oral,TRx (Adjusted),SOTYKTU,PRODUCT,Y,2026-05-15,0.0
SI Market + Oral,TRx (Adjusted),TALTZ,PRODUCT,Y,2026-05-15,3.890141756537493
SI Market + Oral,TRx (Adjusted),SI Market + Oral,MARKET_TOTAL,N,2026-05-22,89872.87598621259
SI Market + Oral,TRx (Adjusted),HUMIRA (Including Citrate Free),PRODUCT,N,2026-05-22,10123.395776101846
SI Market + Oral,TRx (Adjusted),ADALIMUMAB,PRODUCT,N,2026-05-22,21088.10384239088
SI Market + Oral,TRx (Adjusted),CIMZIA,PRODUCT,N,2026-05-22,706.2203539939976
SI Market + Oral,TRx (Adjusted),ENTYVIO SQ,PRODUCT,N,2026-05-22,2698.713883990797
SI Market + Oral,TRx (Adjusted),OMVOH SQ,PRODUCT,N,2026-05-22,374.1127196180856
SI Market + Oral,TRx (Adjusted),RINVOQ,PRODUCT,N,2026-05-22,11887.727381573312
SI Market + Oral,TRx (Adjusted),SIMPONI SC,PRODUCT,N,2026-05-22,298.3801277923565
SI Market + Oral,TRx (Adjusted),SKYRIZI OBI,PRODUCT,N,2026-05-22,18628.771291538327
SI Market + Oral,TRx (Adjusted),STELARA BIOSIMILARS TOTAL SQ,PRODUCT,N,2026-05-22,5935.211327952663
SI Market + Oral,TRx (Adjusted),STELARA SQ,PRODUCT,N,2026-05-22,6615.169716921881
SI Market + Oral,TRx (Adjusted),TREMFYA,PRODUCT,N,2026-05-22,8622.943241071052
SI Market + Oral,TRx (Adjusted),VELSIPITY,PRODUCT,N,2026-05-22,247.7749598286659
SI Market + Oral,TRx (Adjusted),XELJANZ,PRODUCT,N,2026-05-22,1445.8433370865102
SI Market + Oral,TRx (Adjusted),ZEPOSIA,PRODUCT,N,2026-05-22,293.4738226987312
SI Market + Oral,TRx (Adjusted),ZYMFENTRA,PRODUCT,N,2026-05-22,791.2007410479615
SI Market + Oral,TRx (Adjusted),Total Non-Approved Volume,PRODUCT,N,2026-05-22,115.8334626055204
SI Market + Oral,TRx (Adjusted),ACTEMRA BIOSIMILARS SQ TOTAL,PRODUCT,Y,2026-05-22,0.8883459820311739
SI Market + Oral,TRx (Adjusted),ACTEMRA SQ,PRODUCT,Y,2026-05-22,1.3693155006042772
SI Market + Oral,TRx (Adjusted),BIMZELX,PRODUCT,Y,2026-05-22,5.580021774171232
SI Market + Oral,TRx (Adjusted),COSENTYX SQ,PRODUCT,Y,2026-05-22,0.6892277834378796
SI Market + Oral,TRx (Adjusted),ENBREL,PRODUCT,Y,2026-05-22,34.699429921465665
SI Market + Oral,TRx (Adjusted),ILUMYA,PRODUCT,Y,2026-05-22,44.31419854272655
SI Market + Oral,TRx (Adjusted),KEVZARA,PRODUCT,Y,2026-05-22,1.0980778077669755
SI Market + Oral,TRx (Adjusted),KINERET,PRODUCT,Y,2026-05-22,0.653430460443494
SI Market + Oral,TRx (Adjusted),OLUMIANT,PRODUCT,Y,2026-05-22,0.0
SI Market + Oral,TRx (Adjusted),ORENCIA SQ,PRODUCT,Y,2026-05-22,2.27522506116484
SI Market + Oral,TRx (Adjusted),OTEZLA,PRODUCT,Y,2026-05-22,6.210573498280126
SI Market + Oral,TRx (Adjusted),SILIQ,PRODUCT,Y,2026-05-22,0.0
SI Market + Oral,TRx (Adjusted),SKYRIZI,PRODUCT,Y,2026-05-22,13.818718753954892
SI Market + Oral,TRx (Adjusted),SOTYKTU,PRODUCT,Y,2026-05-22,0.0
SI Market + Oral,TRx (Adjusted),TALTZ,PRODUCT,Y,2026-05-22,4.236897519473294
SI Market + Oral,TRx (Adjusted),SI Market + Oral,MARKET_TOTAL,N,2026-05-29,81098.36033289539
SI Market + Oral,TRx (Adjusted),HUMIRA (Including Citrate Free),PRODUCT,N,2026-05-29,10078.380670941158
SI Market + Oral,TRx (Adjusted),ADALIMUMAB,PRODUCT,N,2026-05-29,20363.1268234646
SI Market + Oral,TRx (Adjusted),CIMZIA,PRODUCT,N,2026-05-29,506.4615124828493
SI Market + Oral,TRx (Adjusted),ENTYVIO SQ,PRODUCT,N,2026-05-29,2719.1078872693
SI Market + Oral,TRx (Adjusted),OMVOH SQ,PRODUCT,N,2026-05-29,335.25114530174005
SI Market + Oral,TRx (Adjusted),RINVOQ,PRODUCT,N,2026-05-29,10320.62644177001
SI Market + Oral,TRx (Adjusted),SIMPONI SC,PRODUCT,N,2026-05-29,335.1149614930784
SI Market + Oral,TRx (Adjusted),SKYRIZI OBI,PRODUCT,N,2026-05-29,14588.81578598328
SI Market + Oral,TRx (Adjusted),STELARA BIOSIMILARS TOTAL SQ,PRODUCT,N,2026-05-29,7524.583493082959
SI Market + Oral,TRx (Adjusted),STELARA SQ,PRODUCT,N,2026-05-29,6169.91572470111
SI Market + Oral,TRx (Adjusted),TREMFYA,PRODUCT,N,2026-05-29,5672.685765969287
SI Market + Oral,TRx (Adjusted),VELSIPITY,PRODUCT,N,2026-05-29,408.6673975098477
SI Market + Oral,TRx (Adjusted),XELJANZ,PRODUCT,N,2026-05-29,950.8806736038396
SI Market + Oral,TRx (Adjusted),ZEPOSIA,PRODUCT,N,2026-05-29,308.6793652636651
SI Market + Oral,TRx (Adjusted),ZYMFENTRA,PRODUCT,N,2026-05-29,675.3093306149535
SI Market + Oral,TRx (Adjusted),Total Non-Approved Volume,PRODUCT,N,2026-05-29,140.7533534437181
SI Market + Oral,TRx (Adjusted),ACTEMRA BIOSIMILARS SQ TOTAL,PRODUCT,Y,2026-05-29,0.8110848823965136
SI Market + Oral,TRx (Adjusted),ACTEMRA SQ,PRODUCT,Y,2026-05-29,1.1976131942298025
SI Market + Oral,TRx (Adjusted),BIMZELX,PRODUCT,Y,2026-05-29,5.695514690709396
SI Market + Oral,TRx (Adjusted),COSENTYX SQ,PRODUCT,Y,2026-05-29,0.7835393874685964
SI Market + Oral,TRx (Adjusted),ENBREL,PRODUCT,Y,2026-05-29,42.03559221173611
SI Market + Oral,TRx (Adjusted),ILUMYA,PRODUCT,Y,2026-05-29,61.086496161630464
SI Market + Oral,TRx (Adjusted),KEVZARA,PRODUCT,Y,2026-05-29,1.0110781155013844
SI Market + Oral,TRx (Adjusted),KINERET,PRODUCT,Y,2026-05-29,0.908189288992271
SI Market + Oral,TRx (Adjusted),OLUMIANT,PRODUCT,Y,2026-05-29,0.0
SI Market + Oral,TRx (Adjusted),ORENCIA SQ,PRODUCT,Y,2026-05-29,2.535937530325965
SI Market + Oral,TRx (Adjusted),OTEZLA,PRODUCT,Y,2026-05-29,6.610179433573925
SI Market + Oral,TRx (Adjusted),SILIQ,PRODUCT,Y,2026-05-29,0.0
SI Market + Oral,TRx (Adjusted),SKYRIZI,PRODUCT,Y,2026-05-29,14.099097571210976
SI Market + Oral,TRx (Adjusted),SOTYKTU,PRODUCT,Y,2026-05-29,0.0
SI Market + Oral,TRx (Adjusted),TALTZ,PRODUCT,Y,2026-05-29,3.979030975942718
SI Market + Oral,TRx (Adjusted),SI Market + Oral,MARKET_TOTAL,N,2026-06-05,87344.44030370045
SI Market + Oral,TRx (Adjusted),HUMIRA (Including Citrate Free),PRODUCT,N,2026-06-05,9199.807930171157
SI Market + Oral,TRx (Adjusted),ADALIMUMAB,PRODUCT,N,2026-06-05,14803.436643878937
SI Market + Oral,TRx (Adjusted),CIMZIA,PRODUCT,N,2026-06-05,645.1616127202823
SI Market + Oral,TRx (Adjusted),ENTYVIO SQ,PRODUCT,N,2026-06-05,3266.438958248192
SI Market + Oral,TRx (Adjusted),OMVOH SQ,PRODUCT,N,2026-06-05,448.0881590500888
SI Market + Oral,TRx (Adjusted),RINVOQ,PRODUCT,N,2026-06-05,13659.239178919892
SI Market + Oral,TRx (Adjusted),SIMPONI SC,PRODUCT,N,2026-06-05,380.12513774866574
SI Market + Oral,TRx (Adjusted),SKYRIZI OBI,PRODUCT,N,2026-06-05,18683.136633508137
SI Market + Oral,TRx (Adjusted),STELARA BIOSIMILARS TOTAL SQ,PRODUCT,N,2026-06-05,6450.948256609849
SI Market + Oral,TRx (Adjusted),STELARA SQ,PRODUCT,N,2026-06-05,7747.834165856795
SI Market + Oral,TRx (Adjusted),TREMFYA,PRODUCT,N,2026-06-05,9121.665127648055
SI Market + Oral,TRx (Adjusted),VELSIPITY,PRODUCT,N,2026-06-05,331.12652307934707
SI Market + Oral,TRx (Adjusted),XELJANZ,PRODUCT,N,2026-06-05,1292.282806074924
SI Market + Oral,TRx (Adjusted),ZEPOSIA,PRODUCT,N,2026-06-05,339.885519470263
SI Market + Oral,TRx (Adjusted),ZYMFENTRA,PRODUCT,N,2026-06-05,862.9554912404226
SI Market + Oral,TRx (Adjusted),Total Non-Approved Volume,PRODUCT,N,2026-06-05,112.30815947543684
SI Market + Oral,TRx (Adjusted),ACTEMRA BIOSIMILARS SQ TOTAL,PRODUCT,Y,2026-06-05,0.7458636583651059
SI Market + Oral,TRx (Adjusted),ACTEMRA SQ,PRODUCT,Y,2026-06-05,1.0004463487989217
SI Market + Oral,TRx (Adjusted),BIMZELX,PRODUCT,Y,2026-06-05,4.13210247304843
SI Market + Oral,TRx (Adjusted),COSENTYX SQ,PRODUCT,Y,2026-06-05,0.7154503721169825
SI Market + Oral,TRx (Adjusted),ENBREL,PRODUCT,Y,2026-06-05,30.766485991437367
SI Market + Oral,TRx (Adjusted),ILUMYA,PRODUCT,Y,2026-06-05,45.109605478169016
SI Market + Oral,TRx (Adjusted),KEVZARA,PRODUCT,Y,2026-06-05,1.1054399446944716
SI Market + Oral,TRx (Adjusted),KINERET,PRODUCT,Y,2026-06-05,0.9612232910962109
SI Market + Oral,TRx (Adjusted),OLUMIANT,PRODUCT,Y,2026-06-05,0.0
SI Market + Oral,TRx (Adjusted),ORENCIA SQ,PRODUCT,Y,2026-06-05,2.605987549363927
SI Market + Oral,TRx (Adjusted),OTEZLA,PRODUCT,Y,2026-06-05,5.954937078387154
SI Market + Oral,TRx (Adjusted),SILIQ,PRODUCT,Y,2026-06-05,0.0
SI Market + Oral,TRx (Adjusted),SKYRIZI,PRODUCT,Y,2026-06-05,14.399489784938156
SI Market + Oral,TRx (Adjusted),SOTYKTU,PRODUCT,Y,2026-06-05,0.0
SI Market + Oral,TRx (Adjusted),TALTZ,PRODUCT,Y,2026-06-05,4.811127505021121
SI Market + Oral,TRx (Adjusted),SI Market + Oral,MARKET_TOTAL,N,2026-06-12,88527.76668823505
SI Market + Oral,TRx (Adjusted),HUMIRA (Including Citrate Free),PRODUCT,N,2026-06-12,10203.94979224484
SI Market + Oral,TRx (Adjusted),ADALIMUMAB,PRODUCT,N,2026-06-12,14032.75710591967
SI Market + Oral,TRx (Adjusted),CIMZIA,PRODUCT,N,2026-06-12,568.8562129168253
SI Market + Oral,TRx (Adjusted),ENTYVIO SQ,PRODUCT,N,2026-06-12,3333.219869563064
SI Market + Oral,TRx (Adjusted),OMVOH SQ,PRODUCT,N,2026-06-12,493.65301803570105
SI Market + Oral,TRx (Adjusted),RINVOQ,PRODUCT,N,2026-06-12,14829.461726842666
SI Market + Oral,TRx (Adjusted),SIMPONI SC,PRODUCT,N,2026-06-12,335.9005335954725
SI Market + Oral,TRx (Adjusted),SKYRIZI OBI,PRODUCT,N,2026-06-12,17989.48364694131
SI Market + Oral,TRx (Adjusted),STELARA BIOSIMILARS TOTAL SQ,PRODUCT,N,2026-06-12,7826.06709028994
SI Market + Oral,TRx (Adjusted),STELARA SQ,PRODUCT,N,2026-06-12,7102.310466274023
SI Market + Oral,TRx (Adjusted),TREMFYA,PRODUCT,N,2026-06-12,9309.38378953986
SI Market + Oral,TRx (Adjusted),VELSIPITY,PRODUCT,N,2026-06-12,427.8209679704039
SI Market + Oral,TRx (Adjusted),XELJANZ,PRODUCT,N,2026-06-12,1064.6836520808354
SI Market + Oral,TRx (Adjusted),ZEPOSIA,PRODUCT,N,2026-06-12,316.4137252679548
SI Market + Oral,TRx (Adjusted),ZYMFENTRA,PRODUCT,N,2026-06-12,569.9183593157879
SI Market + Oral,TRx (Adjusted),Total Non-Approved Volume,PRODUCT,N,2026-06-12,123.88673143669362
SI Market + Oral,TRx (Adjusted),ACTEMRA BIOSIMILARS SQ TOTAL,PRODUCT,Y,2026-06-12,0.8943591529334897
SI Market + Oral,TRx (Adjusted),ACTEMRA SQ,PRODUCT,Y,2026-06-12,1.1808613169441209
SI Market + Oral,TRx (Adjusted),BIMZELX,PRODUCT,Y,2026-06-12,4.161228758954301
SI Market + Oral,TRx (Adjusted),COSENTYX SQ,PRODUCT,Y,2026-06-12,0.8352550688253083
SI Market + Oral,TRx (Adjusted),ENBREL,PRODUCT,Y,2026-06-12,42.52346928764778
SI Market + Oral,TRx (Adjusted),ILUMYA,PRODUCT,Y,2026-06-12,46.06263565543751
SI Market + Oral,TRx (Adjusted),KEVZARA,PRODUCT,Y,2026-06-12,1.0298939538623229
SI Market + Oral,TRx (Adjusted),KINERET,PRODUCT,Y,2026-06-12,1.0786139028782558
SI Market + Oral,TRx (Adjusted),OLUMIANT,PRODUCT,Y,2026-06-12,0.0
SI Market + Oral,TRx (Adjusted),ORENCIA SQ,PRODUCT,Y,2026-06-12,3.423217902876768
SI Market + Oral,TRx (Adjusted),OTEZLA,PRODUCT,Y,2026-06-12,7.381381074573596
SI Market + Oral,TRx (Adjusted),SILIQ,PRODUCT,Y,2026-06-12,0.0
SI Market + Oral,TRx (Adjusted),SKYRIZI,PRODUCT,Y,2026-06-12,11.20824524413618
SI Market + Oral,TRx (Adjusted),SOTYKTU,PRODUCT,Y,2026-06-12,0.0
SI Market + Oral,TRx (Adjusted),TALTZ,PRODUCT,Y,2026-06-12,4.107570117624
SI Market + Oral,TRx (Adjusted),SI Market + Oral,MARKET_TOTAL,N,2026-06-19,87406.03018974047
SI Market + Oral,TRx (Adjusted),HUMIRA (Including Citrate Free),PRODUCT,N,2026-06-19,7166.193907133761
SI Market + Oral,TRx (Adjusted),ADALIMUMAB,PRODUCT,N,2026-06-19,19412.70096189027
SI Market + Oral,TRx (Adjusted),CIMZIA,PRODUCT,N,2026-06-19,692.0447379316744
SI Market + Oral,TRx (Adjusted),ENTYVIO SQ,PRODUCT,N,2026-06-19,4025.936856716601
SI Market + Oral,TRx (Adjusted),OMVOH SQ,PRODUCT,N,2026-06-19,520.1938125545171
SI Market + Oral,TRx (Adjusted),RINVOQ,PRODUCT,N,2026-06-19,13669.864668183833
SI Market + Oral,TRx (Adjusted),SIMPONI SC,PRODUCT,N,2026-06-19,291.7497183855531
SI Market + Oral,TRx (Adjusted),SKYRIZI OBI,PRODUCT,N,2026-06-19,15002.351182161769
SI Market + Oral,TRx (Adjusted),STELARA BIOSIMILARS TOTAL SQ,PRODUCT,N,2026-06-19,6004.609290349546
SI Market + Oral,TRx (Adjusted),STELARA SQ,PRODUCT,N,2026-06-19,8559.059178332804
SI Market + Oral,TRx (Adjusted),TREMFYA,PRODUCT,N,2026-06-19,9298.04951587936
SI Market + Oral,TRx (Adjusted),VELSIPITY,PRODUCT,N,2026-06-19,391.9168270501144
SI Market + Oral,TRx (Adjusted),XELJANZ,PRODUCT,N,2026-06-19,1109.7239702540312
SI Market + Oral,TRx (Adjusted),ZEPOSIA,PRODUCT,N,2026-06-19,422.4522515251028
SI Market + Oral,TRx (Adjusted),ZYMFENTRA,PRODUCT,N,2026-06-19,700.9770472147451
SI Market + Oral,TRx (Adjusted),Total Non-Approved Volume,PRODUCT,N,2026-06-19,138.20626417680046
SI Market + Oral,TRx (Adjusted),ACTEMRA BIOSIMILARS SQ TOTAL,PRODUCT,Y,2026-06-19,0.9793732832856532
SI Market + Oral,TRx (Adjusted),ACTEMRA SQ,PRODUCT,Y,2026-06-19,1.0638392945201842
SI Market + Oral,TRx (Adjusted),BIMZELX,PRODUCT,Y,2026-06-19,4.427021734717601
SI Market + Oral,TRx (Adjusted),COSENTYX SQ,PRODUCT,Y,2026-06-19,0.8730521656776816
SI Market + Oral,TRx (Adjusted),ENBREL,PRODUCT,Y,2026-06-19,47.24931659047452
SI Market + Oral,TRx (Adjusted),ILUMYA,PRODUCT,Y,2026-06-19,54.12722570785737
SI Market + Oral,TRx (Adjusted),KEVZARA,PRODUCT,Y,2026-06-19,1.0415510394501573
SI Market + Oral,TRx (Adjusted),KINERET,PRODUCT,Y,2026-06-19,1.097636115192503
SI Market + Oral,TRx (Adjusted),OLUMIANT,PRODUCT,Y,2026-06-19,0.0
SI Market + Oral,TRx (Adjusted),ORENCIA SQ,PRODUCT,Y,2026-06-19,2.463728898839469
SI Market + Oral,TRx (Adjusted),OTEZLA,PRODUCT,Y,2026-06-19,6.4626506329675415
SI Market + Oral,TRx (Adjusted),SILIQ,PRODUCT,Y,2026-06-19,0.0
SI Market + Oral,TRx (Adjusted),SKYRIZI,PRODUCT,Y,2026-06-19,13.776183168436432
SI Market + Oral,TRx (Adjusted),SOTYKTU,PRODUCT,Y,2026-06-19,0.0
SI Market + Oral,TRx (Adjusted),TALTZ,PRODUCT,Y,2026-06-19,4.644685545381385
SI Market + Oral,TRx (Adjusted),SI Market + Oral,MARKET_TOTAL,N,2026-06-26,95315.12940252028
SI Market + Oral,TRx (Adjusted),HUMIRA (Including Citrate Free),PRODUCT,N,2026-06-26,10476.034410697685
SI Market + Oral,TRx (Adjusted),ADALIMUMAB,PRODUCT,N,2026-06-26,19867.188046780248
SI Market + Oral,TRx (Adjusted),CIMZIA,PRODUCT,N,2026-06-26,860.8000700944356
SI Market + Oral,TRx (Adjusted),ENTYVIO SQ,PRODUCT,N,2026-06-26,3476.708315820559
SI Market + Oral,TRx (Adjusted),OMVOH SQ,PRODUCT,N,2026-06-26,521.4733147772816
SI Market + Oral,TRx (Adjusted),RINVOQ,PRODUCT,N,2026-06-26,14794.729775222491
SI Market + Oral,TRx (Adjusted),SIMPONI SC,PRODUCT,N,2026-06-26,395.2615919944296
SI Market + Oral,TRx (Adjusted),SKYRIZI OBI,PRODUCT,N,2026-06-26,18544.32828839665
SI Market + Oral,TRx (Adjusted),STELARA BIOSIMILARS TOTAL SQ,PRODUCT,N,2026-06-26,8476.787469906296
SI Market + Oral,TRx (Adjusted),STELARA SQ,PRODUCT,N,2026-06-26,6809.769698226572
SI Market + Oral,TRx (Adjusted),TREMFYA,PRODUCT,N,2026-06-26,8232.97513652303
SI Market + Oral,TRx (Adjusted),VELSIPITY,PRODUCT,N,2026-06-26,286.4922783677116
SI Market + Oral,TRx (Adjusted),XELJANZ,PRODUCT,N,2026-06-26,1392.4151554665036
SI Market + Oral,TRx (Adjusted),ZEPOSIA,PRODUCT,N,2026-06-26,409.8797092623662
SI Market + Oral,TRx (Adjusted),ZYMFENTRA,PRODUCT,N,2026-06-26,622.9048478349415
SI Market + Oral,TRx (Adjusted),Total Non-Approved Volume,PRODUCT,N,2026-06-26,147.38129314907275
SI Market + Oral,TRx (Adjusted),ACTEMRA BIOSIMILARS SQ TOTAL,PRODUCT,Y,2026-06-26,0.7407241950988117
SI Market + Oral,TRx (Adjusted),ACTEMRA SQ,PRODUCT,Y,2026-06-26,1.3679576372575706
SI Market + Oral,TRx (Adjusted),BIMZELX,PRODUCT,Y,2026-06-26,6.1316149502519375
SI Market + Oral,TRx (Adjusted),COSENTYX SQ,PRODUCT,Y,2026-06-26,0.7366816272061
SI Market + Oral,TRx (Adjusted),ENBREL,PRODUCT,Y,2026-06-26,41.985735224458736
SI Market + Oral,TRx (Adjusted),ILUMYA,PRODUCT,Y,2026-06-26,68.24750178100525
SI Market + Oral,TRx (Adjusted),KEVZARA,PRODUCT,Y,2026-06-26,1.1219389934310005
SI Market + Oral,TRx (Adjusted),KINERET,PRODUCT,Y,2026-06-26,0.8982606353550845
SI Market + Oral,TRx (Adjusted),OLUMIANT,PRODUCT,Y,2026-06-26,0.0
SI Market + Oral,TRx (Adjusted),ORENCIA SQ,PRODUCT,Y,2026-06-26,3.5997812057707
SI Market + Oral,TRx (Adjusted),OTEZLA,PRODUCT,Y,2026-06-26,9.48631453477765
SI Market + Oral,TRx (Adjusted),SILIQ,PRODUCT,Y,2026-06-26,0.0
SI Market + Oral,TRx (Adjusted),SKYRIZI,PRODUCT,Y,2026-06-26,9.610658038893508
SI Market + Oral,TRx (Adjusted),SOTYKTU,PRODUCT,Y,2026-06-26,0.0
SI Market + Oral,TRx (Adjusted),TALTZ,PRODUCT,Y,2026-06-26,3.454124325566388
SI Market + Oral,TRx (Adjusted),SI Market + Oral,MARKET_TOTAL,N,2026-07-03,90305.32925939788
SI Market + Oral,TRx (Adjusted),HUMIRA (Including Citrate Free),PRODUCT,N,2026-07-03,8887.457508880774
SI Market + Oral,TRx (Adjusted),ADALIMUMAB,PRODUCT,N,2026-07-03,20970.195654198724
SI Market + Oral,TRx (Adjusted),CIMZIA,PRODUCT,N,2026-07-03,873.4149086108547
SI Market + Oral,TRx (Adjusted),ENTYVIO SQ,PRODUCT,N,2026-07-03,4397.797112165279
SI Market + Oral,TRx (Adjusted),OMVOH SQ,PRODUCT,N,2026-07-03,472.89696211824855
SI Market + Oral,TRx (Adjusted),RINVOQ,PRODUCT,N,2026-07-03,9632.470585157189
SI Market + Oral,TRx (Adjusted),SIMPONI SC,PRODUCT,N,2026-07-03,262.7585836882
SI Market + Oral,TRx (Adjusted),SKYRIZI OBI,PRODUCT,N,2026-07-03,15697.55044686733
SI Market + Oral,TRx (Adjusted),STELARA BIOSIMILARS TOTAL SQ,PRODUCT,N,2026-07-03,6297.024056948576
SI Market + Oral,TRx (Adjusted),STELARA SQ,PRODUCT,N,2026-07-03,10919.03973265074
SI Market + Oral,TRx (Adjusted),TREMFYA,PRODUCT,N,2026-07-03,8480.766908149799
SI Market + Oral,TRx (Adjusted),VELSIPITY,PRODUCT,N,2026-07-03,424.3973328825194
SI Market + Oral,TRx (Adjusted),XELJANZ,PRODUCT,N,2026-07-03,1471.628159380071
SI Market + Oral,TRx (Adjusted),ZEPOSIA,PRODUCT,N,2026-07-03,455.65012661690525
SI Market + Oral,TRx (Adjusted),ZYMFENTRA,PRODUCT,N,2026-07-03,904.0396124250524
SI Market + Oral,TRx (Adjusted),Total Non-Approved Volume,PRODUCT,N,2026-07-03,158.24156865761927
SI Market + Oral,TRx (Adjusted),ACTEMRA BIOSIMILARS SQ TOTAL,PRODUCT,Y,2026-07-03,1.0638053640170226
SI Market + Oral,TRx (Adjusted),ACTEMRA SQ,PRODUCT,Y,2026-07-03,1.4873567272184878
SI Market + Oral,TRx (Adjusted),BIMZELX,PRODUCT,Y,2026-07-03,6.857199038785343
SI Market + Oral,TRx (Adjusted),COSENTYX SQ,PRODUCT,Y,2026-07-03,1.1415773911414455
SI Market + Oral,TRx (Adjusted),ENBREL,PRODUCT,Y,2026-07-03,45.958322688500616
SI Market + Oral,TRx (Adjusted),ILUMYA,PRODUCT,Y,2026-07-03,67.90060933987573
SI Market + Oral,TRx (Adjusted),KEVZARA,PRODUCT,Y,2026-07-03,1.082423894810348
SI Market + Oral,TRx (Adjusted),KINERET,PRODUCT,Y,2026-07-03,1.1580437441344786
SI Market + Oral,TRx (Adjusted),OLUMIANT,PRODUCT,Y,2026-07-03,0.0
SI Market + Oral,TRx (Adjusted),ORENCIA SQ,PRODUCT,Y,2026-07-03,2.584480434327895
SI Market + Oral,TRx (Adjusted),OTEZLA,PRODUCT,Y,2026-07-03,9.856085623280022
SI Market + Oral,TRx (Adjusted),SILIQ,PRODUCT,Y,2026-07-03,0.0
SI Market + Oral,TRx (Adjusted),SKYRIZI,PRODUCT,Y,2026-07-03,14.39791890157205
SI Market + Oral,TRx (Adjusted),SOTYKTU,PRODUCT,Y,2026-07-03,0.0
SI Market + Oral,TRx (Adjusted),TALTZ,PRODUCT,Y,2026-07-03,4.7537455099558406
SI Market + Oral,TRx (Adjusted),SI Market + Oral,MARKET_TOTAL,N,2026-07-10,92111.435845
SI Market + Oral,TRx (Adjusted),HUMIRA (Including Citrate Free),PRODUCT,N,2026-07-10,9065.206659
SI Market + Oral,TRx (Adjusted),ADALIMUMAB,PRODUCT,N,2026-07-10,21389.599567
SI Market + Oral,TRx (Adjusted),CIMZIA,PRODUCT,N,2026-07-10,890.883207
SI Market + Oral,TRx (Adjusted),ENTYVIO SQ,PRODUCT,N,2026-07-10,4485.753054
SI Market + Oral,TRx (Adjusted),OMVOH SQ,PRODUCT,N,2026-07-10,482.354901
SI Market + Oral,TRx (Adjusted),RINVOQ,PRODUCT,N,2026-07-10,9825.119997
SI Market + Oral,TRx (Adjusted),SIMPONI SC,PRODUCT,N,2026-07-10,268.013755
SI Market + Oral,TRx (Adjusted),SKYRIZI OBI,PRODUCT,N,2026-07-10,16011.501456
SI Market + Oral,TRx (Adjusted),STELARA BIOSIMILARS TOTAL SQ,PRODUCT,N,2026-07-10,6422.964538
SI Market + Oral,TRx (Adjusted),STELARA SQ,PRODUCT,N,2026-07-10,11137.420527
SI Market + Oral,TRx (Adjusted),TREMFYA,PRODUCT,N,2026-07-10,8650.382246
SI Market + Oral,TRx (Adjusted),VELSIPITY,PRODUCT,N,2026-07-10,432.88528
SI Market + Oral,TRx (Adjusted),XELJANZ,PRODUCT,N,2026-07-10,1501.060723
SI Market + Oral,TRx (Adjusted),ZEPOSIA,PRODUCT,N,2026-07-10,464.763129
SI Market + Oral,TRx (Adjusted),ZYMFENTRA,PRODUCT,N,2026-07-10,922.120405
SI Market + Oral,TRx (Adjusted),Total Non-Approved Volume,PRODUCT,N,2026-07-10,161.4064
SI Market + Oral,TRx (Adjusted),ACTEMRA BIOSIMILARS SQ TOTAL,PRODUCT,Y,2026-07-10,1.085081
SI Market + Oral,TRx (Adjusted),ACTEMRA SQ,PRODUCT,Y,2026-07-10,1.517104
SI Market + Oral,TRx (Adjusted),BIMZELX,PRODUCT,Y,2026-07-10,6.994343
SI Market + Oral,TRx (Adjusted),COSENTYX SQ,PRODUCT,Y,2026-07-10,1.164409
SI Market + Oral,TRx (Adjusted),ENBREL,PRODUCT,Y,2026-07-10,46.877489
SI Market + Oral,TRx (Adjusted),ILUMYA,PRODUCT,Y,2026-07-10,69.258622
SI Market + Oral,TRx (Adjusted),KEVZARA,PRODUCT,Y,2026-07-10,1.104072
SI Market + Oral,TRx (Adjusted),KINERET,PRODUCT,Y,2026-07-10,1.181205
SI Market + Oral,TRx (Adjusted),OLUMIANT,PRODUCT,Y,2026-07-10,0.0
SI Market + Oral,TRx (Adjusted),ORENCIA SQ,PRODUCT,Y,2026-07-10,2.63617
SI Market + Oral,TRx (Adjusted),OTEZLA,PRODUCT,Y,2026-07-10,10.053207
SI Market + Oral,TRx (Adjusted),SILIQ,PRODUCT,Y,2026-07-10,0.0
SI Market + Oral,TRx (Adjusted),SKYRIZI,PRODUCT,Y,2026-07-10,14.685877
SI Market + Oral,TRx (Adjusted),SOTYKTU,PRODUCT,Y,2026-07-10,0.0
SI Market + Oral,TRx (Adjusted),TALTZ,PRODUCT,Y,2026-07-10,4.84882
SI Market + Oral,TRx (Adjusted),SI Market + Oral,MARKET_TOTAL,N,2026-07-17,93953.664561
SI Market + Oral,TRx (Adjusted),HUMIRA (Including Citrate Free),PRODUCT,N,2026-07-17,9246.510792
SI Market + Oral,TRx (Adjusted),ADALIMUMAB,PRODUCT,N,2026-07-17,21817.391559
SI Market + Oral,TRx (Adjusted),CIMZIA,PRODUCT,N,2026-07-17,908.700871
SI Market + Oral,TRx (Adjusted),ENTYVIO SQ,PRODUCT,N,2026-07-17,4575.468115
SI Market + Oral,TRx (Adjusted),OMVOH SQ,PRODUCT,N,2026-07-17,492.001999
SI Market + Oral,TRx (Adjusted),RINVOQ,PRODUCT,N,2026-07-17,10021.622397
SI Market + Oral,TRx (Adjusted),SIMPONI SC,PRODUCT,N,2026-07-17,273.37403
SI Market + Oral,TRx (Adjusted),SKYRIZI OBI,PRODUCT,N,2026-07-17,16331.731485
SI Market + Oral,TRx (Adjusted),STELARA BIOSIMILARS TOTAL SQ,PRODUCT,N,2026-07-17,6551.423829
SI Market + Oral,TRx (Adjusted),STELARA SQ,PRODUCT,N,2026-07-17,11360.168938
SI Market + Oral,TRx (Adjusted),TREMFYA,PRODUCT,N,2026-07-17,8823.389891
SI Market + Oral,TRx (Adjusted),VELSIPITY,PRODUCT,N,2026-07-17,441.542985
SI Market + Oral,TRx (Adjusted),XELJANZ,PRODUCT,N,2026-07-17,1531.081937
SI Market + Oral,TRx (Adjusted),ZEPOSIA,PRODUCT,N,2026-07-17,474.058392
SI Market + Oral,TRx (Adjusted),ZYMFENTRA,PRODUCT,N,2026-07-17,940.562813
SI Market + Oral,TRx (Adjusted),Total Non-Approved Volume,PRODUCT,N,2026-07-17,164.634528
SI Market + Oral,TRx (Adjusted),ACTEMRA BIOSIMILARS SQ TOTAL,PRODUCT,Y,2026-07-17,1.106783
SI Market + Oral,TRx (Adjusted),ACTEMRA SQ,PRODUCT,Y,2026-07-17,1.547446
SI Market + Oral,TRx (Adjusted),BIMZELX,PRODUCT,Y,2026-07-17,7.13423
SI Market + Oral,TRx (Adjusted),COSENTYX SQ,PRODUCT,Y,2026-07-17,1.187697
SI Market + Oral,TRx (Adjusted),ENBREL,PRODUCT,Y,2026-07-17,47.815039
SI Market + Oral,TRx (Adjusted),ILUMYA,PRODUCT,Y,2026-07-17,70.643794
SI Market + Oral,TRx (Adjusted),KEVZARA,PRODUCT,Y,2026-07-17,1.126154
SI Market + Oral,TRx (Adjusted),KINERET,PRODUCT,Y,2026-07-17,1.204829
SI Market + Oral,TRx (Adjusted),OLUMIANT,PRODUCT,Y,2026-07-17,0.0
SI Market + Oral,TRx (Adjusted),ORENCIA SQ,PRODUCT,Y,2026-07-17,2.688893
SI Market + Oral,TRx (Adjusted),OTEZLA,PRODUCT,Y,2026-07-17,10.254271
SI Market + Oral,TRx (Adjusted),SILIQ,PRODUCT,Y,2026-07-17,0.0
SI Market + Oral,TRx (Adjusted),SKYRIZI,PRODUCT,Y,2026-07-17,14.979595
SI Market + Oral,TRx (Adjusted),SOTYKTU,PRODUCT,Y,2026-07-17,0.0
SI Market + Oral,TRx (Adjusted),TALTZ,PRODUCT,Y,2026-07-17,4.945797
SI Market + Oral,TRx (Adjusted),SI Market + Oral,MARKET_TOTAL,N,2026-07-24,95832.737853
SI Market + Oral,TRx (Adjusted),HUMIRA (Including Citrate Free),PRODUCT,N,2026-07-24,9431.441008
SI Market + Oral,TRx (Adjusted),ADALIMUMAB,PRODUCT,N,2026-07-24,22253.73939
SI Market + Oral,TRx (Adjusted),CIMZIA,PRODUCT,N,2026-07-24,926.874888
SI Market + Oral,TRx (Adjusted),ENTYVIO SQ,PRODUCT,N,2026-07-24,4666.977478
SI Market + Oral,TRx (Adjusted),OMVOH SQ,PRODUCT,N,2026-07-24,501.842039
SI Market + Oral,TRx (Adjusted),RINVOQ,PRODUCT,N,2026-07-24,10222.054845
SI Market + Oral,TRx (Adjusted),SIMPONI SC,PRODUCT,N,2026-07-24,278.841511
SI Market + Oral,TRx (Adjusted),SKYRIZI OBI,PRODUCT,N,2026-07-24,16658.366115
SI Market + Oral,TRx (Adjusted),STELARA BIOSIMILARS TOTAL SQ,PRODUCT,N,2026-07-24,6682.452305
SI Market + Oral,TRx (Adjusted),STELARA SQ,PRODUCT,N,2026-07-24,11587.372317
SI Market + Oral,TRx (Adjusted),TREMFYA,PRODUCT,N,2026-07-24,8999.857689
SI Market + Oral,TRx (Adjusted),VELSIPITY,PRODUCT,N,2026-07-24,450.373845
SI Market + Oral,TRx (Adjusted),XELJANZ,PRODUCT,N,2026-07-24,1561.703576
SI Market + Oral,TRx (Adjusted),ZEPOSIA,PRODUCT,N,2026-07-24,483.53956
SI Market + Oral,TRx (Adjusted),ZYMFENTRA,PRODUCT,N,2026-07-24,959.374069
SI Market + Oral,TRx (Adjusted),Total Non-Approved Volume,PRODUCT,N,2026-07-24,167.927219
SI Market + Oral,TRx (Adjusted),ACTEMRA BIOSIMILARS SQ TOTAL,PRODUCT,Y,2026-07-24,1.128919
SI Market + Oral,TRx (Adjusted),ACTEMRA SQ,PRODUCT,Y,2026-07-24,1.578395
SI Market + Oral,TRx (Adjusted),BIMZELX,PRODUCT,Y,2026-07-24,7.276914
SI Market + Oral,TRx (Adjusted),COSENTYX SQ,PRODUCT,Y,2026-07-24,1.211451
SI Market + Oral,TRx (Adjusted),ENBREL,PRODUCT,Y,2026-07-24,48.77134
SI Market + Oral,TRx (Adjusted),ILUMYA,PRODUCT,Y,2026-07-24,72.05667
SI Market + Oral,TRx (Adjusted),KEVZARA,PRODUCT,Y,2026-07-24,1.148677
SI Market + Oral,TRx (Adjusted),KINERET,PRODUCT,Y,2026-07-24,1.228925
SI Market + Oral,TRx (Adjusted),OLUMIANT,PRODUCT,Y,2026-07-24,0.0
SI Market + Oral,TRx (Adjusted),ORENCIA SQ,PRODUCT,Y,2026-07-24,2.742671
SI Market + Oral,TRx (Adjusted),OTEZLA,PRODUCT,Y,2026-07-24,10.459357
SI Market + Oral,TRx (Adjusted),SILIQ,PRODUCT,Y,2026-07-24,0.0
SI Market + Oral,TRx (Adjusted),SKYRIZI,PRODUCT,Y,2026-07-24,15.279187
SI Market + Oral,TRx (Adjusted),SOTYKTU,PRODUCT,Y,2026-07-24,0.0
SI Market + Oral,TRx (Adjusted),TALTZ,PRODUCT,Y,2026-07-24,5.044713
SI Market + Oral,TRx (Adjusted),SI Market + Oral,MARKET_TOTAL,N,2026-07-31,97749.39261
SI Market + Oral,TRx (Adjusted),HUMIRA (Including Citrate Free),PRODUCT,N,2026-07-31,9620.069828
SI Market + Oral,TRx (Adjusted),ADALIMUMAB,PRODUCT,N,2026-07-31,22698.814178
SI Market + Oral,TRx (Adjusted),CIMZIA,PRODUCT,N,2026-07-31,945.412386
SI Market + Oral,TRx (Adjusted),ENTYVIO SQ,PRODUCT,N,2026-07-31,4760.317027
SI Market + Oral,TRx (Adjusted),OMVOH SQ,PRODUCT,N,2026-07-31,511.87888
SI Market + Oral,TRx (Adjusted),RINVOQ,PRODUCT,N,2026-07-31,10426.495942
SI Market + Oral,TRx (Adjusted),SIMPONI SC,PRODUCT,N,2026-07-31,284.418341
SI Market + Oral,TRx (Adjusted),SKYRIZI OBI,PRODUCT,N,2026-07-31,16991.533437
SI Market + Oral,TRx (Adjusted),STELARA BIOSIMILARS TOTAL SQ,PRODUCT,N,2026-07-31,6816.101352
SI Market + Oral,TRx (Adjusted),STELARA SQ,PRODUCT,N,2026-07-31,11819.119763
SI Market + Oral,TRx (Adjusted),TREMFYA,PRODUCT,N,2026-07-31,9179.854843
SI Market + Oral,TRx (Adjusted),VELSIPITY,PRODUCT,N,2026-07-31,459.381322
SI Market + Oral,TRx (Adjusted),XELJANZ,PRODUCT,N,2026-07-31,1592.937647
SI Market + Oral,TRx (Adjusted),ZEPOSIA,PRODUCT,N,2026-07-31,493.210351
SI Market + Oral,TRx (Adjusted),ZYMFENTRA,PRODUCT,N,2026-07-31,978.56155
SI Market + Oral,TRx (Adjusted),Total Non-Approved Volume,PRODUCT,N,2026-07-31,171.285763
SI Market + Oral,TRx (Adjusted),ACTEMRA BIOSIMILARS SQ TOTAL,PRODUCT,Y,2026-07-31,1.151497
SI Market + Oral,TRx (Adjusted),ACTEMRA SQ,PRODUCT,Y,2026-07-31,1.609963
SI Market + Oral,TRx (Adjusted),BIMZELX,PRODUCT,Y,2026-07-31,7.422453
SI Market + Oral,TRx (Adjusted),COSENTYX SQ,PRODUCT,Y,2026-07-31,1.23568
SI Market + Oral,TRx (Adjusted),ENBREL,PRODUCT,Y,2026-07-31,49.746766
SI Market + Oral,TRx (Adjusted),ILUMYA,PRODUCT,Y,2026-07-31,73.497803
SI Market + Oral,TRx (Adjusted),KEVZARA,PRODUCT,Y,2026-07-31,1.17165
SI Market + Oral,TRx (Adjusted),KINERET,PRODUCT,Y,2026-07-31,1.253504
SI Market + Oral,TRx (Adjusted),OLUMIANT,PRODUCT,Y,2026-07-31,0.0
SI Market + Oral,TRx (Adjusted),ORENCIA SQ,PRODUCT,Y,2026-07-31,2.797525
SI Market + Oral,TRx (Adjusted),OTEZLA,PRODUCT,Y,2026-07-31,10.668544
SI Market + Oral,TRx (Adjusted),SILIQ,PRODUCT,Y,2026-07-31,0.0
SI Market + Oral,TRx (Adjusted),SKYRIZI,PRODUCT,Y,2026-07-31,15.58477
SI Market + Oral,TRx (Adjusted),SOTYKTU,PRODUCT,Y,2026-07-31,0.0
SI Market + Oral,TRx (Adjusted),TALTZ,PRODUCT,Y,2026-07-31,5.145607
SI Market + Oral,TRx (Adjusted),SI Market + Oral,MARKET_TOTAL,N,2026-08-07,99704.380462
SI Market + Oral,TRx (Adjusted),HUMIRA (Including Citrate Free),PRODUCT,N,2026-08-07,9812.471225
SI Market + Oral,TRx (Adjusted),ADALIMUMAB,PRODUCT,N,2026-08-07,23152.790462
SI Market + Oral,TRx (Adjusted),CIMZIA,PRODUCT,N,2026-08-07,964.320634
SI Market + Oral,TRx (Adjusted),ENTYVIO SQ,PRODUCT,N,2026-08-07,4855.523368
SI Market + Oral,TRx (Adjusted),OMVOH SQ,PRODUCT,N,2026-08-07,522.116458
SI Market + Oral,TRx (Adjusted),RINVOQ,PRODUCT,N,2026-08-07,10635.025861
SI Market + Oral,TRx (Adjusted),SIMPONI SC,PRODUCT,N,2026-08-07,290.106708
SI Market + Oral,TRx (Adjusted),SKYRIZI OBI,PRODUCT,N,2026-08-07,17331.364106
SI Market + Oral,TRx (Adjusted),STELARA BIOSIMILARS TOTAL SQ,PRODUCT,N,2026-08-07,6952.423379
SI Market + Oral,TRx (Adjusted),STELARA SQ,PRODUCT,N,2026-08-07,12055.502158
SI Market + Oral,TRx (Adjusted),TREMFYA,PRODUCT,N,2026-08-07,9363.45194
SI Market + Oral,TRx (Adjusted),VELSIPITY,PRODUCT,N,2026-08-07,468.568948
SI Market + Oral,TRx (Adjusted),XELJANZ,PRODUCT,N,2026-08-07,1624.7964
SI Market + Oral,TRx (Adjusted),ZEPOSIA,PRODUCT,N,2026-08-07,503.074558
SI Market + Oral,TRx (Adjusted),ZYMFENTRA,PRODUCT,N,2026-08-07,998.132781
SI Market + Oral,TRx (Adjusted),Total Non-Approved Volume,PRODUCT,N,2026-08-07,174.711478
SI Market + Oral,TRx (Adjusted),ACTEMRA BIOSIMILARS SQ TOTAL,PRODUCT,Y,2026-08-07,1.174527
SI Market + Oral,TRx (Adjusted),ACTEMRA SQ,PRODUCT,Y,2026-08-07,1.642162
SI Market + Oral,TRx (Adjusted),BIMZELX,PRODUCT,Y,2026-08-07,7.570902
SI Market + Oral,TRx (Adjusted),COSENTYX SQ,PRODUCT,Y,2026-08-07,1.260394
SI Market + Oral,TRx (Adjusted),ENBREL,PRODUCT,Y,2026-08-07,50.741701
SI Market + Oral,TRx (Adjusted),ILUMYA,PRODUCT,Y,2026-08-07,74.967759
SI Market + Oral,TRx (Adjusted),KEVZARA,PRODUCT,Y,2026-08-07,1.195083
SI Market + Oral,TRx (Adjusted),KINERET,PRODUCT,Y,2026-08-07,1.278574
SI Market + Oral,TRx (Adjusted),OLUMIANT,PRODUCT,Y,2026-08-07,0.0
SI Market + Oral,TRx (Adjusted),ORENCIA SQ,PRODUCT,Y,2026-08-07,2.853476
SI Market + Oral,TRx (Adjusted),OTEZLA,PRODUCT,Y,2026-08-07,10.881915
SI Market + Oral,TRx (Adjusted),SILIQ,PRODUCT,Y,2026-08-07,0.0
SI Market + Oral,TRx (Adjusted),SKYRIZI,PRODUCT,Y,2026-08-07,15.896465
SI Market + Oral,TRx (Adjusted),SOTYKTU,PRODUCT,Y,2026-08-07,0.0
SI Market + Oral,TRx (Adjusted),TALTZ,PRODUCT,Y,2026-08-07,5.248519
SI Market + Oral,TRx (Adjusted),SI Market + Oral,MARKET_TOTAL,N,2026-08-14,101698.468071
SI Market + Oral,TRx (Adjusted),HUMIRA (Including Citrate Free),PRODUCT,N,2026-08-14,10008.720649
SI Market + Oral,TRx (Adjusted),ADALIMUMAB,PRODUCT,N,2026-08-14,23615.846271
SI Market + Oral,TRx (Adjusted),CIMZIA,PRODUCT,N,2026-08-14,983.607046
SI Market + Oral,TRx (Adjusted),ENTYVIO SQ,PRODUCT,N,2026-08-14,4952.633835
SI Market + Oral,TRx (Adjusted),OMVOH SQ,PRODUCT,N,2026-08-14,532.558787
SI Market + Oral,TRx (Adjusted),RINVOQ,PRODUCT,N,2026-08-14,10847.726378
SI Market + Oral,TRx (Adjusted),SIMPONI SC,PRODUCT,N,2026-08-14,295.908842
SI Market + Oral,TRx (Adjusted),SKYRIZI OBI,PRODUCT,N,2026-08-14,17677.991388
SI Market + Oral,TRx (Adjusted),STELARA BIOSIMILARS TOTAL SQ,PRODUCT,N,2026-08-14,7091.471847
SI Market + Oral,TRx (Adjusted),STELARA SQ,PRODUCT,N,2026-08-14,12296.612201
SI Market + Oral,TRx (Adjusted),TREMFYA,PRODUCT,N,2026-08-14,9550.720979
SI Market + Oral,TRx (Adjusted),VELSIPITY,PRODUCT,N,2026-08-14,477.940327
SI Market + Oral,TRx (Adjusted),XELJANZ,PRODUCT,N,2026-08-14,1657.292328
SI Market + Oral,TRx (Adjusted),ZEPOSIA,PRODUCT,N,2026-08-14,513.136049
SI Market + Oral,TRx (Adjusted),ZYMFENTRA,PRODUCT,N,2026-08-14,1018.095437
SI Market + Oral,TRx (Adjusted),Total Non-Approved Volume,PRODUCT,N,2026-08-14,178.205708
SI Market + Oral,TRx (Adjusted),ACTEMRA BIOSIMILARS SQ TOTAL,PRODUCT,Y,2026-08-14,1.198017
SI Market + Oral,TRx (Adjusted),ACTEMRA SQ,PRODUCT,Y,2026-08-14,1.675006
SI Market + Oral,TRx (Adjusted),BIMZELX,PRODUCT,Y,2026-08-14,7.72232
SI Market + Oral,TRx (Adjusted),COSENTYX SQ,PRODUCT,Y,2026-08-14,1.285601
SI Market + Oral,TRx (Adjusted),ENBREL,PRODUCT,Y,2026-08-14,51.756535
SI Market + Oral,TRx (Adjusted),ILUMYA,PRODUCT,Y,2026-08-14,76.467114
SI Market + Oral,TRx (Adjusted),KEVZARA,PRODUCT,Y,2026-08-14,1.218985
SI Market + Oral,TRx (Adjusted),KINERET,PRODUCT,Y,2026-08-14,1.304146
SI Market + Oral,TRx (Adjusted),OLUMIANT,PRODUCT,Y,2026-08-14,0.0
SI Market + Oral,TRx (Adjusted),ORENCIA SQ,PRODUCT,Y,2026-08-14,2.910545
SI Market + Oral,TRx (Adjusted),OTEZLA,PRODUCT,Y,2026-08-14,11.099553
SI Market + Oral,TRx (Adjusted),SILIQ,PRODUCT,Y,2026-08-14,0.0
SI Market + Oral,TRx (Adjusted),SKYRIZI,PRODUCT,Y,2026-08-14,16.214395
SI Market + Oral,TRx (Adjusted),SOTYKTU,PRODUCT,Y,2026-08-14,0.0
SI Market + Oral,TRx (Adjusted),TALTZ,PRODUCT,Y,2026-08-14,5.35349
SI Market + Oral,TRx (Adjusted),SI Market + Oral,MARKET_TOTAL,N,2026-08-21,103732.437433
SI Market + Oral,TRx (Adjusted),HUMIRA (Including Citrate Free),PRODUCT,N,2026-08-21,10208.895062
SI Market + Oral,TRx (Adjusted),ADALIMUMAB,PRODUCT,N,2026-08-21,24088.163196
SI Market + Oral,TRx (Adjusted),CIMZIA,PRODUCT,N,2026-08-21,1003.279187
SI Market + Oral,TRx (Adjusted),ENTYVIO SQ,PRODUCT,N,2026-08-21,5051.686512
SI Market + Oral,TRx (Adjusted),OMVOH SQ,PRODUCT,N,2026-08-21,543.209962
SI Market + Oral,TRx (Adjusted),RINVOQ,PRODUCT,N,2026-08-21,11064.680906
SI Market + Oral,TRx (Adjusted),SIMPONI SC,PRODUCT,N,2026-08-21,301.827019
SI Market + Oral,TRx (Adjusted),SKYRIZI OBI,PRODUCT,N,2026-08-21,18031.551216
SI Market + Oral,TRx (Adjusted),STELARA BIOSIMILARS TOTAL SQ,PRODUCT,N,2026-08-21,7233.301284
SI Market + Oral,TRx (Adjusted),STELARA SQ,PRODUCT,N,2026-08-21,12542.544445
SI Market + Oral,TRx (Adjusted),TREMFYA,PRODUCT,N,2026-08-21,9741.735398
SI Market + Oral,TRx (Adjusted),VELSIPITY,PRODUCT,N,2026-08-21,487.499134
SI Market + Oral,TRx (Adjusted),XELJANZ,PRODUCT,N,2026-08-21,1690.438174
SI Market + Oral,TRx (Adjusted),ZEPOSIA,PRODUCT,N,2026-08-21,523.39877
SI Market + Oral,TRx (Adjusted),ZYMFENTRA,PRODUCT,N,2026-08-21,1038.457345
SI Market + Oral,TRx (Adjusted),Total Non-Approved Volume,PRODUCT,N,2026-08-21,181.769822
SI Market + Oral,TRx (Adjusted),ACTEMRA BIOSIMILARS SQ TOTAL,PRODUCT,Y,2026-08-21,1.221978
SI Market + Oral,TRx (Adjusted),ACTEMRA SQ,PRODUCT,Y,2026-08-21,1.708506
SI Market + Oral,TRx (Adjusted),BIMZELX,PRODUCT,Y,2026-08-21,7.876767
SI Market + Oral,TRx (Adjusted),COSENTYX SQ,PRODUCT,Y,2026-08-21,1.311314
SI Market + Oral,TRx (Adjusted),ENBREL,PRODUCT,Y,2026-08-21,52.791666
SI Market + Oral,TRx (Adjusted),ILUMYA,PRODUCT,Y,2026-08-21,77.996457
SI Market + Oral,TRx (Adjusted),KEVZARA,PRODUCT,Y,2026-08-21,1.243364
SI Market + Oral,TRx (Adjusted),KINERET,PRODUCT,Y,2026-08-21,1.330228
SI Market + Oral,TRx (Adjusted),OLUMIANT,PRODUCT,Y,2026-08-21,0.0
SI Market + Oral,TRx (Adjusted),ORENCIA SQ,PRODUCT,Y,2026-08-21,2.968756
SI Market + Oral,TRx (Adjusted),OTEZLA,PRODUCT,Y,2026-08-21,11.321544
SI Market + Oral,TRx (Adjusted),SILIQ,PRODUCT,Y,2026-08-21,0.0
SI Market + Oral,TRx (Adjusted),SKYRIZI,PRODUCT,Y,2026-08-21,16.538683
SI Market + Oral,TRx (Adjusted),SOTYKTU,PRODUCT,Y,2026-08-21,0.0
SI Market + Oral,TRx (Adjusted),TALTZ,PRODUCT,Y,2026-08-21,5.460559
SI Market + Oral,TRx (Adjusted),SI Market + Oral,MARKET_TOTAL,N,2026-08-28,105807.086182
SI Market + Oral,TRx (Adjusted),HUMIRA (Including Citrate Free),PRODUCT,N,2026-08-28,10413.072963
SI Market + Oral,TRx (Adjusted),ADALIMUMAB,PRODUCT,N,2026-08-28,24569.92646
SI Market + Oral,TRx (Adjusted),CIMZIA,PRODUCT,N,2026-08-28,1023.344771
SI Market + Oral,TRx (Adjusted),ENTYVIO SQ,PRODUCT,N,2026-08-28,5152.720242
SI Market + Oral,TRx (Adjusted),OMVOH SQ,PRODUCT,N,2026-08-28,554.074162
SI Market + Oral,TRx (Adjusted),RINVOQ,PRODUCT,N,2026-08-28,11285.974524
SI Market + Oral,TRx (Adjusted),SIMPONI SC,PRODUCT,N,2026-08-28,307.863559
SI Market + Oral,TRx (Adjusted),SKYRIZI OBI,PRODUCT,N,2026-08-28,18392.18224
SI Market + Oral,TRx (Adjusted),STELARA BIOSIMILARS TOTAL SQ,PRODUCT,N,2026-08-28,7377.967309
SI Market + Oral,TRx (Adjusted),STELARA SQ,PRODUCT,N,2026-08-28,12793.395334
SI Market + Oral,TRx (Adjusted),TREMFYA,PRODUCT,N,2026-08-28,9936.570106
SI Market + Oral,TRx (Adjusted),VELSIPITY,PRODUCT,N,2026-08-28,497.249117
SI Market + Oral,TRx (Adjusted),XELJANZ,PRODUCT,N,2026-08-28,1724.246938
SI Market + Oral,TRx (Adjusted),ZEPOSIA,PRODUCT,N,2026-08-28,533.866746
SI Market + Oral,TRx (Adjusted),ZYMFENTRA,PRODUCT,N,2026-08-28,1059.226492
SI Market + Oral,TRx (Adjusted),Total Non-Approved Volume,PRODUCT,N,2026-08-28,185.405218
SI Market + Oral,TRx (Adjusted),ACTEMRA BIOSIMILARS SQ TOTAL,PRODUCT,Y,2026-08-28,1.246417
SI Market + Oral,TRx (Adjusted),ACTEMRA SQ,PRODUCT,Y,2026-08-28,1.742676
SI Market + Oral,TRx (Adjusted),BIMZELX,PRODUCT,Y,2026-08-28,8.034302
SI Market + Oral,TRx (Adjusted),COSENTYX SQ,PRODUCT,Y,2026-08-28,1.33754
SI Market + Oral,TRx (Adjusted),ENBREL,PRODUCT,Y,2026-08-28,53.847499
SI Market + Oral,TRx (Adjusted),ILUMYA,PRODUCT,Y,2026-08-28,79.556386
SI Market + Oral,TRx (Adjusted),KEVZARA,PRODUCT,Y,2026-08-28,1.268232
SI Market + Oral,TRx (Adjusted),KINERET,PRODUCT,Y,2026-08-28,1.356833
SI Market + Oral,TRx (Adjusted),OLUMIANT,PRODUCT,Y,2026-08-28,0.0
SI Market + Oral,TRx (Adjusted),ORENCIA SQ,PRODUCT,Y,2026-08-28,3.028131
SI Market + Oral,TRx (Adjusted),OTEZLA,PRODUCT,Y,2026-08-28,11.547975
SI Market + Oral,TRx (Adjusted),SILIQ,PRODUCT,Y,2026-08-28,0.0
SI Market + Oral,TRx (Adjusted),SKYRIZI,PRODUCT,Y,2026-08-28,16.869456
SI Market + Oral,TRx (Adjusted),SOTYKTU,PRODUCT,Y,2026-08-28,0.0
SI Market + Oral,TRx (Adjusted),TALTZ,PRODUCT,Y,2026-08-28,5.56977
