MARKET,METRIC,PRODUCT,ROW_TYPE,NON_APPROVED_FLAG,WEEK_ENDING,TRX_ADJUSTED
SI Market + Oral,TRx (Adjusted),SI Market + Oral,MARKET_TOTAL,N,2024-05-03,56017.753435
SI Market + Oral,TRx (Adjusted),SI Market + Oral,MARKET_TOTAL,N,2024-05-10,56407.378733
SI Market + Oral,TRx (Adjusted),SI Market + Oral,MARKET_TOTAL,N,2024-05-17,56677.260783
SI Market + Oral,TRx (Adjusted),SI Market + Oral,MARKET_TOTAL,N,2024-05-24,58010.333171
SI Market + Oral,TRx (Adjusted),SI Market + Oral,MARKET_TOTAL,N,2024-05-31,50526.379437
SI Market + Oral,TRx (Adjusted),SI Market + Oral,MARKET_TOTAL,N,2024-06-07,60849.219938
SI Market + Oral,TRx (Adjusted),SI Market + Oral,MARKET_TOTAL,N,2024-06-14,57991.994623
SI Market + Oral,TRx (Adjusted),SI Market + Oral,MARKET_TOTAL,N,2024-06-21,57448.546358
SI Market + Oral,TRx (Adjusted),SI Market + Oral,MARKET_TOTAL,N,2024-06-28,59107.154888
SI Market + Oral,TRx (Adjusted),SI Market + Oral,MARKET_TOTAL,N,2024-07-05,43349.643613
SI Market + Oral,TRx (Adjusted),SI Market + Oral,MARKET_TOTAL,N,2024-07-12,62367.885042
SI Market + Oral,TRx (Adjusted),SI Market + Oral,MARKET_TOTAL,N,2024-07-19,56640.646513
SI Market + Oral,TRx (Adjusted),SI Market + Oral,MARKET_TOTAL,N,2024-07-26,56911.888863
SI Market + Oral,TRx (Adjusted),SI Market + Oral,MARKET_TOTAL,N,2024-08-02,55474.564931
SI Market + Oral,TRx (Adjusted),SI Market + Oral,MARKET_TOTAL,N,2024-08-09,56293.119859
SI Market + Oral,TRx (Adjusted),SI Market + Oral,MARKET_TOTAL,N,2024-08-16,57016.608027
SI Market + Oral,TRx (Adjusted),SI Market + Oral,MARKET_TOTAL,N,2024-08-23,57553.150972
SI Market + Oral,TRx (Adjusted),SI Market + Oral,MARKET_TOTAL,N,2024-08-30,59187.932228
SI Market + Oral,TRx (Adjusted),SI Market + Oral,MARKET_TOTAL,N,2024-09-06,51312.566655
SI Market + Oral,TRx (Adjusted),SI Market + Oral,MARKET_TOTAL,N,2024-09-13,59165.044225
SI Market + Oral,TRx (Adjusted),SI Market + Oral,MARKET_TOTAL,N,2024-09-20,59412.71822
SI Market + Oral,TRx (Adjusted),SI Market + Oral,MARKET_TOTAL,N,2024-09-27,57506.629812
SI Market + Oral,TRx (Adjusted),SI Market + Oral,MARKET_TOTAL,N,2024-10-04,59309.87572
SI Market + Oral,TRx (Adjusted),SI Market + Oral,MARKET_TOTAL,N,2024-10-11,56557.050769
SI Market + Oral,TRx (Adjusted),SI Market + Oral,MARKET_TOTAL,N,2024-10-18,59941.946282
SI Market + Oral,TRx (Adjusted),SI Market + Oral,MARKET_TOTAL,N,2024-10-25,58416.411178
SI Market + Oral,TRx (Adjusted),SI Market + Oral,MARKET_TOTAL,N,2024-11-01,62135.942034
SI Market + Oral,TRx (Adjusted),SI Market + Oral,MARKET_TOTAL,N,2024-11-08,62188.773359
SI Market + Oral,TRx (Adjusted),SI Market + Oral,MARKET_TOTAL,N,2024-11-15,61960.581242
SI Market + Oral,TRx (Adjusted),SI Market + Oral,MARKET_TOTAL,N,2024-11-22,63435.798324
SI Market + Oral,TRx (Adjusted),SI Market + Oral,MARKET_TOTAL,N,2024-11-29,46937.790443
SI Market + Oral,TRx (Adjusted),SI Market + Oral,MARKET_TOTAL,N,2024-12-06,68093.453873
SI Market + Oral,TRx (Adjusted),SI Market + Oral,MARKET_TOTAL,N,2024-12-13,64516.046014
SI Market + Oral,TRx (Adjusted),SI Market + Oral,MARKET_TOTAL,N,2024-12-20,64726.239188
SI Market + Oral,TRx (Adjusted),SI Market + Oral,MARKET_TOTAL,N,2024-12-27,48690.353458
SI Market + Oral,TRx (Adjusted),SI Market + Oral,MARKET_TOTAL,N,2025-01-03,53324.581581
SI Market + Oral,TRx (Adjusted),SI Market + Oral,MARKET_TOTAL,N,2025-01-10,59623.472852
SI Market + Oral,TRx (Adjusted),SI Market + Oral,MARKET_TOTAL,N,2025-01-17,61687.050398
SI Market + Oral,TRx (Adjusted),SI Market + Oral,MARKET_TOTAL,N,2025-01-24,52137.140868
SI Market + Oral,TRx (Adjusted),SI Market + Oral,MARKET_TOTAL,N,2025-01-31,63098.718102
SI Market + Oral,TRx (Adjusted),SI Market + Oral,MARKET_TOTAL,N,2025-02-07,62583.52494
SI Market + Oral,TRx (Adjusted),SI Market + Oral,MARKET_TOTAL,N,2025-02-14,60760.276642
SI Market + Oral,TRx (Adjusted),SI Market + Oral,MARKET_TOTAL,N,2025-02-21,58628.244126
SI Market + Oral,TRx (Adjusted),SI Market + Oral,MARKET_TOTAL,N,2025-02-28,65406.499521
SI Market + Oral,TRx (Adjusted),SI Market + Oral,MARKET_TOTAL,N,2025-03-07,63919.697955
SI Market + Oral,TRx (Adjusted),SI Market + Oral,MARKET_TOTAL,N,2025-03-14,62358.411362
SI Market + Oral,TRx (Adjusted),SI Market + Oral,MARKET_TOTAL,N,2025-03-21,61934.390435
SI Market + Oral,TRx (Adjusted),SI Market + Oral,MARKET_TOTAL,N,2025-03-28,64983.971311
SI Market + Oral,TRx (Adjusted),SI Market + Oral,MARKET_TOTAL,N,2025-04-04,60024.616124
SI Market + Oral,TRx (Adjusted),SI Market + Oral,MARKET_TOTAL,N,2025-04-11,65620.569086
SI Market + Oral,TRx (Adjusted),SI Market + Oral,MARKET_TOTAL,N,2025-04-18,63810.28143
SI Market + Oral,TRx (Adjusted),SI Market + Oral,MARKET_TOTAL,N,2025-04-25,64843.122115
SI Market + Oral,TRx (Adjusted),SI Market + Oral,MARKET_TOTAL,N,2025-05-02,64623.80399
SI Market + Oral,TRx (Adjusted),SI Market + Oral,MARKET_TOTAL,N,2025-05-09,65656.090908
SI Market + Oral,TRx (Adjusted),SI Market + Oral,MARKET_TOTAL,N,2025-05-16,64923.28777
SI Market + Oral,TRx (Adjusted),SI Market + Oral,MARKET_TOTAL,N,2025-05-23,68516.145712
SI Market + Oral,TRx (Adjusted),SI Market + Oral,MARKET_TOTAL,N,2025-05-30,58260.109223
SI Market + Oral,TRx (Adjusted),SI Market + Oral,MARKET_TOTAL,N,2025-06-06,68630.286903
SI Market + Oral,TRx (Adjusted),SI Market + Oral,MARKET_TOTAL,N,2025-06-13,66442.386058
SI Market + Oral,TRx (Adjusted),SI Market + Oral,MARKET_TOTAL,N,2025-06-20,65500.225344
SI Market + Oral,TRx (Adjusted),SI Market + Oral,MARKET_TOTAL,N,2025-06-27,68273.588883
SI Market + Oral,TRx (Adjusted),SI Market + Oral,MARKET_TOTAL,N,2025-07-04,54010.28583
SI Market + Oral,TRx (Adjusted),SI Market + Oral,MARKET_TOTAL,N,2025-07-11,70802.391208
SI Market + Oral,TRx (Adjusted),SI Market + Oral,MARKET_TOTAL,N,2025-07-18,66837.670554
SI Market + Oral,TRx (Adjusted),SI Market + Oral,MARKET_TOTAL,N,2025-07-25,66779.412386
SI Market + Oral,TRx (Adjusted),SI Market + Oral,MARKET_TOTAL,N,2025-08-01,66676.457132
SI Market + Oral,TRx (Adjusted),SI Market + Oral,MARKET_TOTAL,N,2025-08-08,68794.035838
SI Market + Oral,TRx (Adjusted),SI Market + Oral,MARKET_TOTAL,N,2025-08-15,69417.226437
SI Market + Oral,TRx (Adjusted),SI Market + Oral,MARKET_TOTAL,N,2025-08-22,69441.08373
SI Market + Oral,TRx (Adjusted),SI Market + Oral,MARKET_TOTAL,N,2025-08-29,72202.942832
SI Market + Oral,TRx (Adjusted),SI Market + Oral,MARKET_TOTAL,N,2025-09-05,59590.81365
SI Market + Oral,TRx (Adjusted),SI Market + Oral,MARKET_TOTAL,N,2025-09-12,70003.451215
SI Market + Oral,TRx (Adjusted),SI Market + Oral,MARKET_TOTAL,N,2025-09-19,69558.560634
SI Market + Oral,TRx (Adjusted),SI Market + Oral,MARKET_TOTAL,N,2025-09-26,68885.558883
SI Market + Oral,TRx (Adjusted),SI Market + Oral,MARKET_TOTAL,N,2025-10-03,69299.024917
SI Market + Oral,TRx (Adjusted),SI Market + Oral,MARKET_TOTAL,N,2025-10-10,70268.134579
SI Market + Oral,TRx (Adjusted),SI Market + Oral,MARKET_TOTAL,N,2025-10-17,70339.124938
SI Market + Oral,TRx (Adjusted),SI Market + Oral,MARKET_TOTAL,N,2025-10-24,68965.307201
SI Market + Oral,TRx (Adjusted),SI Market + Oral,MARKET_TOTAL,N,2025-10-31,69578.238156
SI Market + Oral,TRx (Adjusted),SI Market + Oral,MARKET_TOTAL,N,2025-11-07,72455.760265
SI Market + Oral,TRx (Adjusted),SI Market + Oral,MARKET_TOTAL,N,2025-11-14,72903.67648
SI Market + Oral,TRx (Adjusted),SI Market + Oral,MARKET_TOTAL,N,2025-11-21,75758.398128
SI Market + Oral,TRx (Adjusted),SI Market + Oral,MARKET_TOTAL,N,2025-11-28,54510.606168
SI Market + Oral,TRx (Adjusted),SI Market + Oral,MARKET_TOTAL,N,2025-12-05,80473.755874
SI Market + Oral,TRx (Adjusted),SI Market + Oral,MARKET_TOTAL,N,2025-12-12,75607.185988
SI Market + Oral,TRx (Adjusted),SI Market + Oral,MARKET_TOTAL,N,2025-12-19,76942.373703
SI Market + Oral,TRx (Adjusted),SI Market + Oral,MARKET_TOTAL,N,2025-12-26,52488.238415
SI Market + Oral,TRx (Adjusted),SI Market + Oral,MARKET_TOTAL,N,2026-01-02,60045.54231
SI Market + Oral,TRx (Adjusted),SI Market + Oral,MARKET_TOTAL,N,2026-01-09,80116.903712
SI Market + Oral,TRx (Adjusted),SI Market + Oral,MARKET_TOTAL,N,2026-01-16,72825.869565
SI Market + Oral,TRx (Adjusted),SI Market + Oral,MARKET_TOTAL,N,2026-01-23,61086.892388
SI Market + Oral,TRx (Adjusted),SI Market + Oral,MARKET_TOTAL,N,2026-01-30,61418.047985
SI Market + Oral,TRx (Adjusted),SI Market + Oral,MARKET_TOTAL,N,2026-02-06,77258.118857
SI Market + Oral,TRx (Adjusted),SI Market + Oral,MARKET_TOTAL,N,2026-02-13,74390.793368
SI Market + Oral,TRx (Adjusted),SI Market + Oral,MARKET_TOTAL,N,2026-02-20,70764.062394
SI Market + Oral,TRx (Adjusted),SI Market + Oral,MARKET_TOTAL,N,2026-02-27,72448.660105
SI Market + Oral,TRx (Adjusted),SI Market + Oral,MARKET_TOTAL,N,2026-03-06,75939.124562
SI Market + Oral,TRx (Adjusted),SI Market + Oral,MARKET_TOTAL,N,2026-03-13,73235.646925
SI Market + Oral,TRx (Adjusted),SI Market + Oral,MARKET_TOTAL,N,2026-03-20,71889.90573
SI Market + Oral,TRx (Adjusted),SI Market + Oral,MARKET_TOTAL,N,2026-03-27,74880.373687
SI Market + Oral,TRx (Adjusted),SI Market + Oral,MARKET_TOTAL,N,2026-04-03,77928.512197
SI Market + Oral,TRx (Adjusted),SI Market + Oral,MARKET_TOTAL,N,2026-04-10,73949.23982
SI Market + Oral,TRx (Adjusted),SI Market + Oral,MARKET_TOTAL,N,2026-04-17,71174.917203
SI Market + Oral,TRx (Adjusted),SI Market + Oral,MARKET_TOTAL,N,2026-04-24,74210.688431
SI Market + Oral,TRx (Adjusted),SI Market + Oral,MARKET_TOTAL,N,2026-05-01,79004.236452
SI Market + Oral,TRx (Adjusted),SI Market + Oral,MARKET_TOTAL,N,2026-05-08,79133.602028
SI Market + Oral,TRx (Adjusted),HUMIRA (Including Citrate Free),PRODUCT,N,2024-05-03,21461.857166
SI Market + Oral,TRx (Adjusted),HUMIRA (Including Citrate Free),PRODUCT,N,2024-05-10,21765.163355
SI Market + Oral,TRx (Adjusted),HUMIRA (Including Citrate Free),PRODUCT,N,2024-05-17,21576.06002
SI Market + Oral,TRx (Adjusted),HUMIRA (Including Citrate Free),PRODUCT,N,2024-05-24,22390.27589
SI Market + Oral,TRx (Adjusted),HUMIRA (Including Citrate Free),PRODUCT,N,2024-05-31,19670.217732
SI Market + Oral,TRx (Adjusted),HUMIRA (Including Citrate Free),PRODUCT,N,2024-06-07,23020.85067
SI Market + Oral,TRx (Adjusted),HUMIRA (Including Citrate Free),PRODUCT,N,2024-06-14,22095.762762
SI Market + Oral,TRx (Adjusted),HUMIRA (Including Citrate Free),PRODUCT,N,2024-06-21,21288.804968
SI Market + Oral,TRx (Adjusted),HUMIRA (Including Citrate Free),PRODUCT,N,2024-06-28,22153.890944
SI Market + Oral,TRx (Adjusted),HUMIRA (Including Citrate Free),PRODUCT,N,2024-07-05,15673.917287
SI Market + Oral,TRx (Adjusted),HUMIRA (Including Citrate Free),PRODUCT,N,2024-07-12,23615.227466
SI Market + Oral,TRx (Adjusted),HUMIRA (Including Citrate Free),PRODUCT,N,2024-07-19,20470.322307
SI Market + Oral,TRx (Adjusted),HUMIRA (Including Citrate Free),PRODUCT,N,2024-07-26,19983.195326
SI Market + Oral,TRx (Adjusted),HUMIRA (Including Citrate Free),PRODUCT,N,2024-08-02,19164.348393
SI Market + Oral,TRx (Adjusted),HUMIRA (Including Citrate Free),PRODUCT,N,2024-08-09,19612.919778
SI Market + Oral,TRx (Adjusted),HUMIRA (Including Citrate Free),PRODUCT,N,2024-08-16,19606.988759
SI Market + Oral,TRx (Adjusted),HUMIRA (Including Citrate Free),PRODUCT,N,2024-08-23,20111.213866
SI Market + Oral,TRx (Adjusted),HUMIRA (Including Citrate Free),PRODUCT,N,2024-08-30,20019.917642
SI Market + Oral,TRx (Adjusted),HUMIRA (Including Citrate Free),PRODUCT,N,2024-09-06,17566.562279
SI Market + Oral,TRx (Adjusted),HUMIRA (Including Citrate Free),PRODUCT,N,2024-09-13,19508.234297
SI Market + Oral,TRx (Adjusted),HUMIRA (Including Citrate Free),PRODUCT,N,2024-09-20,19791.17574
SI Market + Oral,TRx (Adjusted),HUMIRA (Including Citrate Free),PRODUCT,N,2024-09-27,18473.100624
SI Market + Oral,TRx (Adjusted),HUMIRA (Including Citrate Free),PRODUCT,N,2024-10-04,19954.608973
SI Market + Oral,TRx (Adjusted),HUMIRA (Including Citrate Free),PRODUCT,N,2024-10-11,19012.343403
SI Market + Oral,TRx (Adjusted),HUMIRA (Including Citrate Free),PRODUCT,N,2024-10-18,19872.581025
SI Market + Oral,TRx (Adjusted),HUMIRA (Including Citrate Free),PRODUCT,N,2024-10-25,19548.478109
SI Market + Oral,TRx (Adjusted),HUMIRA (Including Citrate Free),PRODUCT,N,2024-11-01,20473.7438
SI Market + Oral,TRx (Adjusted),HUMIRA (Including Citrate Free),PRODUCT,N,2024-11-08,20498.4444
SI Market + Oral,TRx (Adjusted),HUMIRA (Including Citrate Free),PRODUCT,N,2024-11-15,19937.318153
SI Market + Oral,TRx (Adjusted),HUMIRA (Including Citrate Free),PRODUCT,N,2024-11-22,20286.931142
SI Market + Oral,TRx (Adjusted),HUMIRA (Including Citrate Free),PRODUCT,N,2024-11-29,14703.684942
SI Market + Oral,TRx (Adjusted),HUMIRA (Including Citrate Free),PRODUCT,N,2024-12-06,22238.566831
SI Market + Oral,TRx (Adjusted),HUMIRA (Including Citrate Free),PRODUCT,N,2024-12-13,20410.468545
SI Market + Oral,TRx (Adjusted),HUMIRA (Including Citrate Free),PRODUCT,N,2024-12-20,20109.365906
SI Market + Oral,TRx (Adjusted),HUMIRA (Including Citrate Free),PRODUCT,N,2024-12-27,15497.789169
SI Market + Oral,TRx (Adjusted),HUMIRA (Including Citrate Free),PRODUCT,N,2025-01-03,17477.973401
SI Market + Oral,TRx (Adjusted),HUMIRA (Including Citrate Free),PRODUCT,N,2025-01-10,17655.116158
SI Market + Oral,TRx (Adjusted),HUMIRA (Including Citrate Free),PRODUCT,N,2025-01-17,17184.100336
SI Market + Oral,TRx (Adjusted),HUMIRA (Including Citrate Free),PRODUCT,N,2025-01-24,14480.208502
SI Market + Oral,TRx (Adjusted),HUMIRA (Including Citrate Free),PRODUCT,N,2025-01-31,17160.214902
SI Market + Oral,TRx (Adjusted),HUMIRA (Including Citrate Free),PRODUCT,N,2025-02-07,16821.029167
SI Market + Oral,TRx (Adjusted),HUMIRA (Including Citrate Free),PRODUCT,N,2025-02-14,16111.46942
SI Market + Oral,TRx (Adjusted),HUMIRA (Including Citrate Free),PRODUCT,N,2025-02-21,15622.61289
SI Market + Oral,TRx (Adjusted),HUMIRA (Including Citrate Free),PRODUCT,N,2025-02-28,17667.341514
SI Market + Oral,TRx (Adjusted),HUMIRA (Including Citrate Free),PRODUCT,N,2025-03-07,16152.477189
SI Market + Oral,TRx (Adjusted),HUMIRA (Including Citrate Free),PRODUCT,N,2025-03-14,15681.268779
SI Market + Oral,TRx (Adjusted),HUMIRA (Including Citrate Free),PRODUCT,N,2025-03-21,15764.268383
SI Market + Oral,TRx (Adjusted),HUMIRA (Including Citrate Free),PRODUCT,N,2025-03-28,16276.28377
SI Market + Oral,TRx (Adjusted),HUMIRA (Including Citrate Free),PRODUCT,N,2025-04-04,15117.145731
SI Market + Oral,TRx (Adjusted),HUMIRA (Including Citrate Free),PRODUCT,N,2025-04-11,16118.373866
SI Market + Oral,TRx (Adjusted),HUMIRA (Including Citrate Free),PRODUCT,N,2025-04-18,15674.637978
SI Market + Oral,TRx (Adjusted),HUMIRA (Including Citrate Free),PRODUCT,N,2025-04-25,15854.781313
SI Market + Oral,TRx (Adjusted),HUMIRA (Including Citrate Free),PRODUCT,N,2025-05-02,15770.124748
SI Market + Oral,TRx (Adjusted),HUMIRA (Including Citrate Free),PRODUCT,N,2025-05-09,15902.951575
SI Market + Oral,TRx (Adjusted),HUMIRA (Including Citrate Free),PRODUCT,N,2025-05-16,15469.261796
SI Market + Oral,TRx (Adjusted),HUMIRA (Including Citrate Free),PRODUCT,N,2025-05-23,16080.84996
SI Market + Oral,TRx (Adjusted),HUMIRA (Including Citrate Free),PRODUCT,N,2025-05-30,14178.959148
SI Market + Oral,TRx (Adjusted),HUMIRA (Including Citrate Free),PRODUCT,N,2025-06-06,15944.211524
SI Market + Oral,TRx (Adjusted),HUMIRA (Including Citrate Free),PRODUCT,N,2025-06-13,14937.62457
SI Market + Oral,TRx (Adjusted),HUMIRA (Including Citrate Free),PRODUCT,N,2025-06-20,14599.125163
SI Market + Oral,TRx (Adjusted),HUMIRA (Including Citrate Free),PRODUCT,N,2025-06-27,15400.021996
SI Market + Oral,TRx (Adjusted),HUMIRA (Including Citrate Free),PRODUCT,N,2025-07-04,11959.826672
SI Market + Oral,TRx (Adjusted),HUMIRA (Including Citrate Free),PRODUCT,N,2025-07-11,15132.517546
SI Market + Oral,TRx (Adjusted),HUMIRA (Including Citrate Free),PRODUCT,N,2025-07-18,13983.442337
SI Market + Oral,TRx (Adjusted),HUMIRA (Including Citrate Free),PRODUCT,N,2025-07-25,13617.1712
SI Market + Oral,TRx (Adjusted),HUMIRA (Including Citrate Free),PRODUCT,N,2025-08-01,13402.368854
SI Market + Oral,TRx (Adjusted),HUMIRA (Including Citrate Free),PRODUCT,N,2025-08-08,13578.157847
SI Market + Oral,TRx (Adjusted),HUMIRA (Including Citrate Free),PRODUCT,N,2025-08-15,13945.816402
SI Market + Oral,TRx (Adjusted),HUMIRA (Including Citrate Free),PRODUCT,N,2025-08-22,13779.081847
SI Market + Oral,TRx (Adjusted),HUMIRA (Including Citrate Free),PRODUCT,N,2025-08-29,14321.913044
SI Market + Oral,TRx (Adjusted),HUMIRA (Including Citrate Free),PRODUCT,N,2025-09-05,11537.991173
SI Market + Oral,TRx (Adjusted),HUMIRA (Including Citrate Free),PRODUCT,N,2025-09-12,13300.209288
SI Market + Oral,TRx (Adjusted),HUMIRA (Including Citrate Free),PRODUCT,N,2025-09-19,12909.94468
SI Market + Oral,TRx (Adjusted),HUMIRA (Including Citrate Free),PRODUCT,N,2025-09-26,12266.767001
SI Market + Oral,TRx (Adjusted),HUMIRA (Including Citrate Free),PRODUCT,N,2025-10-03,12977.800741
SI Market + Oral,TRx (Adjusted),HUMIRA (Including Citrate Free),PRODUCT,N,2025-10-10,12596.995355
SI Market + Oral,TRx (Adjusted),HUMIRA (Including Citrate Free),PRODUCT,N,2025-10-17,12218.912469
SI Market + Oral,TRx (Adjusted),HUMIRA (Including Citrate Free),PRODUCT,N,2025-10-24,12270.470183
SI Market + Oral,TRx (Adjusted),HUMIRA (Including Citrate Free),PRODUCT,N,2025-10-31,12456.516582
SI Market + Oral,TRx (Adjusted),HUMIRA (Including Citrate Free),PRODUCT,N,2025-11-07,12634.349681
SI Market + Oral,TRx (Adjusted),HUMIRA (Including Citrate Free),PRODUCT,N,2025-11-14,12555.205527
SI Market + Oral,TRx (Adjusted),HUMIRA (Including Citrate Free),PRODUCT,N,2025-11-21,12707.633368
SI Market + Oral,TRx (Adjusted),HUMIRA (Including Citrate Free),PRODUCT,N,2025-11-28,9583.86557
SI Market + Oral,TRx (Adjusted),HUMIRA (Including Citrate Free),PRODUCT,N,2025-12-05,13029.194336
SI Market + Oral,TRx (Adjusted),HUMIRA (Including Citrate Free),PRODUCT,N,2025-12-12,12055.091973
SI Market + Oral,TRx (Adjusted),HUMIRA (Including Citrate Free),PRODUCT,N,2025-12-19,11879.99655
SI Market + Oral,TRx (Adjusted),HUMIRA (Including Citrate Free),PRODUCT,N,2025-12-26,8397.351607
SI Market + Oral,TRx (Adjusted),HUMIRA (Including Citrate Free),PRODUCT,N,2026-01-02,9750.353771
SI Market + Oral,TRx (Adjusted),HUMIRA (Including Citrate Free),PRODUCT,N,2026-01-09,11515.461894
SI Market + Oral,TRx (Adjusted),HUMIRA (Including Citrate Free),PRODUCT,N,2026-01-16,9094.512813
SI Market + Oral,TRx (Adjusted),HUMIRA (Including Citrate Free),PRODUCT,N,2026-01-23,7674.883668
SI Market + Oral,TRx (Adjusted),HUMIRA (Including Citrate Free),PRODUCT,N,2026-01-30,7392.004797
SI Market + Oral,TRx (Adjusted),HUMIRA (Including Citrate Free),PRODUCT,N,2026-02-06,9655.888731
SI Market + Oral,TRx (Adjusted),HUMIRA (Including Citrate Free),PRODUCT,N,2026-02-13,8769.984616
SI Market + Oral,TRx (Adjusted),HUMIRA (Including Citrate Free),PRODUCT,N,2026-02-20,7915.680432
SI Market + Oral,TRx (Adjusted),HUMIRA (Including Citrate Free),PRODUCT,N,2026-02-27,8330.429393
SI Market + Oral,TRx (Adjusted),HUMIRA (Including Citrate Free),PRODUCT,N,2026-03-06,8593.924829
SI Market + Oral,TRx (Adjusted),HUMIRA (Including Citrate Free),PRODUCT,N,2026-03-13,7857.475273
SI Market + Oral,TRx (Adjusted),HUMIRA (Including Citrate Free),PRODUCT,N,2026-03-20,7612.703574
SI Market + Oral,TRx (Adjusted),HUMIRA (Including Citrate Free),PRODUCT,N,2026-03-27,7904.225187
SI Market + Oral,TRx (Adjusted),HUMIRA (Including Citrate Free),PRODUCT,N,2026-04-03,8109.723458
SI Market + Oral,TRx (Adjusted),HUMIRA (Including Citrate Free),PRODUCT,N,2026-04-10,7403.74122
SI Market + Oral,TRx (Adjusted),HUMIRA (Including Citrate Free),PRODUCT,N,2026-04-17,7107.977061
SI Market + Oral,TRx (Adjusted),HUMIRA (Including Citrate Free),PRODUCT,N,2026-04-24,7423.97679
SI Market + Oral,TRx (Adjusted),HUMIRA (Including Citrate Free),PRODUCT,N,2026-05-01,7971.805723
SI Market + Oral,TRx (Adjusted),HUMIRA (Including Citrate Free),PRODUCT,N,2026-05-08,7802.99392
SI Market + Oral,TRx (Adjusted),ADALIMUMAB,PRODUCT,N,2024-05-03,5003.005454
SI Market + Oral,TRx (Adjusted),ADALIMUMAB,PRODUCT,N,2024-05-10,4923.062682
SI Market + Oral,TRx (Adjusted),ADALIMUMAB,PRODUCT,N,2024-05-17,4679.059643
SI Market + Oral,TRx (Adjusted),ADALIMUMAB,PRODUCT,N,2024-05-24,5022.231344
SI Market + Oral,TRx (Adjusted),ADALIMUMAB,PRODUCT,N,2024-05-31,4461.728196
SI Market + Oral,TRx (Adjusted),ADALIMUMAB,PRODUCT,N,2024-06-07,5450.063641
SI Market + Oral,TRx (Adjusted),ADALIMUMAB,PRODUCT,N,2024-06-14,5311.495228
SI Market + Oral,TRx (Adjusted),ADALIMUMAB,PRODUCT,N,2024-06-21,5188.366252
SI Market + Oral,TRx (Adjusted),ADALIMUMAB,PRODUCT,N,2024-06-28,5495.164988
SI Market + Oral,TRx (Adjusted),ADALIMUMAB,PRODUCT,N,2024-07-05,4526.707854
SI Market + Oral,TRx (Adjusted),ADALIMUMAB,PRODUCT,N,2024-07-12,5064.83541
SI Market + Oral,TRx (Adjusted),ADALIMUMAB,PRODUCT,N,2024-07-19,5221.176512
SI Market + Oral,TRx (Adjusted),ADALIMUMAB,PRODUCT,N,2024-07-26,5550.49764
SI Market + Oral,TRx (Adjusted),ADALIMUMAB,PRODUCT,N,2024-08-02,5340.445578
SI Market + Oral,TRx (Adjusted),ADALIMUMAB,PRODUCT,N,2024-08-09,5436.933811
SI Market + Oral,TRx (Adjusted),ADALIMUMAB,PRODUCT,N,2024-08-16,5562.639208
SI Market + Oral,TRx (Adjusted),ADALIMUMAB,PRODUCT,N,2024-08-23,5850.29467
SI Market + Oral,TRx (Adjusted),ADALIMUMAB,PRODUCT,N,2024-08-30,6136.926993
SI Market + Oral,TRx (Adjusted),ADALIMUMAB,PRODUCT,N,2024-09-06,4897.843388
SI Market + Oral,TRx (Adjusted),ADALIMUMAB,PRODUCT,N,2024-09-13,5740.038797
SI Market + Oral,TRx (Adjusted),ADALIMUMAB,PRODUCT,N,2024-09-20,5863.228237
SI Market + Oral,TRx (Adjusted),ADALIMUMAB,PRODUCT,N,2024-09-27,5958.084212
SI Market + Oral,TRx (Adjusted),ADALIMUMAB,PRODUCT,N,2024-10-04,6071.249655
SI Market + Oral,TRx (Adjusted),ADALIMUMAB,PRODUCT,N,2024-10-11,5863.205036
SI Market + Oral,TRx (Adjusted),ADALIMUMAB,PRODUCT,N,2024-10-18,5941.116302
SI Market + Oral,TRx (Adjusted),ADALIMUMAB,PRODUCT,N,2024-10-25,5786.292439
SI Market + Oral,TRx (Adjusted),ADALIMUMAB,PRODUCT,N,2024-11-01,6100.030687
SI Market + Oral,TRx (Adjusted),ADALIMUMAB,PRODUCT,N,2024-11-08,6057.87873
SI Market + Oral,TRx (Adjusted),ADALIMUMAB,PRODUCT,N,2024-11-15,6184.722864
SI Market + Oral,TRx (Adjusted),ADALIMUMAB,PRODUCT,N,2024-11-22,6371.450629
SI Market + Oral,TRx (Adjusted),ADALIMUMAB,PRODUCT,N,2024-11-29,4642.707819
SI Market + Oral,TRx (Adjusted),ADALIMUMAB,PRODUCT,N,2024-12-06,6990.298596
SI Market + Oral,TRx (Adjusted),ADALIMUMAB,PRODUCT,N,2024-12-13,6775.033011
SI Market + Oral,TRx (Adjusted),ADALIMUMAB,PRODUCT,N,2024-12-20,6809.022781
SI Market + Oral,TRx (Adjusted),ADALIMUMAB,PRODUCT,N,2024-12-27,5013.846254
SI Market + Oral,TRx (Adjusted),ADALIMUMAB,PRODUCT,N,2025-01-03,5871.5923
SI Market + Oral,TRx (Adjusted),ADALIMUMAB,PRODUCT,N,2025-01-10,7068.807705
SI Market + Oral,TRx (Adjusted),ADALIMUMAB,PRODUCT,N,2025-01-17,7328.164573
SI Market + Oral,TRx (Adjusted),ADALIMUMAB,PRODUCT,N,2025-01-24,6449.262203
SI Market + Oral,TRx (Adjusted),ADALIMUMAB,PRODUCT,N,2025-01-31,7766.735461
SI Market + Oral,TRx (Adjusted),ADALIMUMAB,PRODUCT,N,2025-02-07,7805.463132
SI Market + Oral,TRx (Adjusted),ADALIMUMAB,PRODUCT,N,2025-02-14,7755.736263
SI Market + Oral,TRx (Adjusted),ADALIMUMAB,PRODUCT,N,2025-02-21,7732.943238
SI Market + Oral,TRx (Adjusted),ADALIMUMAB,PRODUCT,N,2025-02-28,8724.330224
SI Market + Oral,TRx (Adjusted),ADALIMUMAB,PRODUCT,N,2025-03-07,8447.45703
SI Market + Oral,TRx (Adjusted),ADALIMUMAB,PRODUCT,N,2025-03-14,8574.261613
SI Market + Oral,TRx (Adjusted),ADALIMUMAB,PRODUCT,N,2025-03-21,8498.156314
SI Market + Oral,TRx (Adjusted),ADALIMUMAB,PRODUCT,N,2025-03-28,9009.143196
SI Market + Oral,TRx (Adjusted),ADALIMUMAB,PRODUCT,N,2025-04-04,8288.03031
SI Market + Oral,TRx (Adjusted),ADALIMUMAB,PRODUCT,N,2025-04-11,9303.166426
SI Market + Oral,TRx (Adjusted),ADALIMUMAB,PRODUCT,N,2025-04-18,9055.755232
SI Market + Oral,TRx (Adjusted),ADALIMUMAB,PRODUCT,N,2025-04-25,9037.338839
SI Market + Oral,TRx (Adjusted),ADALIMUMAB,PRODUCT,N,2025-05-02,9194.70121
SI Market + Oral,TRx (Adjusted),ADALIMUMAB,PRODUCT,N,2025-05-09,9558.580421
SI Market + Oral,TRx (Adjusted),ADALIMUMAB,PRODUCT,N,2025-05-16,9503.172397
SI Market + Oral,TRx (Adjusted),ADALIMUMAB,PRODUCT,N,2025-05-23,10085.607158
SI Market + Oral,TRx (Adjusted),ADALIMUMAB,PRODUCT,N,2025-05-30,8782.456989
SI Market + Oral,TRx (Adjusted),ADALIMUMAB,PRODUCT,N,2025-06-06,10314.666331
SI Market + Oral,TRx (Adjusted),ADALIMUMAB,PRODUCT,N,2025-06-13,10111.406653
SI Market + Oral,TRx (Adjusted),ADALIMUMAB,PRODUCT,N,2025-06-20,9893.313988
SI Market + Oral,TRx (Adjusted),ADALIMUMAB,PRODUCT,N,2025-06-27,10371.344398
SI Market + Oral,TRx (Adjusted),ADALIMUMAB,PRODUCT,N,2025-07-04,8273.944844
SI Market + Oral,TRx (Adjusted),ADALIMUMAB,PRODUCT,N,2025-07-11,11844.900359
SI Market + Oral,TRx (Adjusted),ADALIMUMAB,PRODUCT,N,2025-07-18,10965.797221
SI Market + Oral,TRx (Adjusted),ADALIMUMAB,PRODUCT,N,2025-07-25,10915.830531
SI Market + Oral,TRx (Adjusted),ADALIMUMAB,PRODUCT,N,2025-08-01,10798.620471
SI Market + Oral,TRx (Adjusted),ADALIMUMAB,PRODUCT,N,2025-08-08,11394.754055
SI Market + Oral,TRx (Adjusted),ADALIMUMAB,PRODUCT,N,2025-08-15,11350.150715
SI Market + Oral,TRx (Adjusted),ADALIMUMAB,PRODUCT,N,2025-08-22,11667.295702
SI Market + Oral,TRx (Adjusted),ADALIMUMAB,PRODUCT,N,2025-08-29,12515.797576
SI Market + Oral,TRx (Adjusted),ADALIMUMAB,PRODUCT,N,2025-09-05,10311.806096
SI Market + Oral,TRx (Adjusted),ADALIMUMAB,PRODUCT,N,2025-09-12,12077.225362
SI Market + Oral,TRx (Adjusted),ADALIMUMAB,PRODUCT,N,2025-09-19,12041.879704
SI Market + Oral,TRx (Adjusted),ADALIMUMAB,PRODUCT,N,2025-09-26,11581.960313
SI Market + Oral,TRx (Adjusted),ADALIMUMAB,PRODUCT,N,2025-10-03,11972.625281
SI Market + Oral,TRx (Adjusted),ADALIMUMAB,PRODUCT,N,2025-10-10,12315.187122
SI Market + Oral,TRx (Adjusted),ADALIMUMAB,PRODUCT,N,2025-10-17,12095.434047
SI Market + Oral,TRx (Adjusted),ADALIMUMAB,PRODUCT,N,2025-10-24,12156.966706
SI Market + Oral,TRx (Adjusted),ADALIMUMAB,PRODUCT,N,2025-10-31,12214.298042
SI Market + Oral,TRx (Adjusted),ADALIMUMAB,PRODUCT,N,2025-11-07,12615.186741
SI Market + Oral,TRx (Adjusted),ADALIMUMAB,PRODUCT,N,2025-11-14,12634.311248
SI Market + Oral,TRx (Adjusted),ADALIMUMAB,PRODUCT,N,2025-11-21,12836.315008
SI Market + Oral,TRx (Adjusted),ADALIMUMAB,PRODUCT,N,2025-11-28,9056.199005
SI Market + Oral,TRx (Adjusted),ADALIMUMAB,PRODUCT,N,2025-12-05,14472.559182
SI Market + Oral,TRx (Adjusted),ADALIMUMAB,PRODUCT,N,2025-12-12,12904.510192
SI Market + Oral,TRx (Adjusted),ADALIMUMAB,PRODUCT,N,2025-12-19,13285.06156
SI Market + Oral,TRx (Adjusted),ADALIMUMAB,PRODUCT,N,2025-12-26,8559.734703
SI Market + Oral,TRx (Adjusted),ADALIMUMAB,PRODUCT,N,2026-01-02,10872.202979
SI Market + Oral,TRx (Adjusted),ADALIMUMAB,PRODUCT,N,2026-01-09,14792.432889
SI Market + Oral,TRx (Adjusted),ADALIMUMAB,PRODUCT,N,2026-01-16,13655.970112
SI Market + Oral,TRx (Adjusted),ADALIMUMAB,PRODUCT,N,2026-01-23,11945.035252
SI Market + Oral,TRx (Adjusted),ADALIMUMAB,PRODUCT,N,2026-01-30,11885.032745
SI Market + Oral,TRx (Adjusted),ADALIMUMAB,PRODUCT,N,2026-02-06,16023.189424
SI Market + Oral,TRx (Adjusted),ADALIMUMAB,PRODUCT,N,2026-02-13,15459.358466
SI Market + Oral,TRx (Adjusted),ADALIMUMAB,PRODUCT,N,2026-02-20,14614.428126
SI Market + Oral,TRx (Adjusted),ADALIMUMAB,PRODUCT,N,2026-02-27,15524.22556
SI Market + Oral,TRx (Adjusted),ADALIMUMAB,PRODUCT,N,2026-03-06,16200.797742
SI Market + Oral,TRx (Adjusted),ADALIMUMAB,PRODUCT,N,2026-03-13,15786.774067
SI Market + Oral,TRx (Adjusted),ADALIMUMAB,PRODUCT,N,2026-03-20,15347.525206
SI Market + Oral,TRx (Adjusted),ADALIMUMAB,PRODUCT,N,2026-03-27,15745.868283
SI Market + Oral,TRx (Adjusted),ADALIMUMAB,PRODUCT,N,2026-04-03,16777.567793
SI Market + Oral,TRx (Adjusted),ADALIMUMAB,PRODUCT,N,2026-04-10,16037.842596
SI Market + Oral,TRx (Adjusted),ADALIMUMAB,PRODUCT,N,2026-04-17,15789.592421
SI Market + Oral,TRx (Adjusted),ADALIMUMAB,PRODUCT,N,2026-04-24,16192.902228
SI Market + Oral,TRx (Adjusted),ADALIMUMAB,PRODUCT,N,2026-05-01,17181.480772
SI Market + Oral,TRx (Adjusted),ADALIMUMAB,PRODUCT,N,2026-05-08,16620.248307
SI Market + Oral,TRx (Adjusted),CIMZIA,PRODUCT,N,2024-05-03,878.426441
SI Market + Oral,TRx (Adjusted),CIMZIA,PRODUCT,N,2024-05-10,878.059283
SI Market + Oral,TRx (Adjusted),CIMZIA,PRODUCT,N,2024-05-17,885.402452
SI Market + Oral,TRx (Adjusted),CIMZIA,PRODUCT,N,2024-05-24,918.813864
SI Market + Oral,TRx (Adjusted),CIMZIA,PRODUCT,N,2024-05-31,792.873118
SI Market + Oral,TRx (Adjusted),CIMZIA,PRODUCT,N,2024-06-07,919.534278
SI Market + Oral,TRx (Adjusted),CIMZIA,PRODUCT,N,2024-06-14,896.55511
SI Market + Oral,TRx (Adjusted),CIMZIA,PRODUCT,N,2024-06-21,877.436439
SI Market + Oral,TRx (Adjusted),CIMZIA,PRODUCT,N,2024-06-28,942.88111
SI Market + Oral,TRx (Adjusted),CIMZIA,PRODUCT,N,2024-07-05,612.278375
SI Market + Oral,TRx (Adjusted),CIMZIA,PRODUCT,N,2024-07-12,925.958774
SI Market + Oral,TRx (Adjusted),CIMZIA,PRODUCT,N,2024-07-19,850.546682
SI Market + Oral,TRx (Adjusted),CIMZIA,PRODUCT,N,2024-07-26,841.056622
SI Market + Oral,TRx (Adjusted),CIMZIA,PRODUCT,N,2024-08-02,807.067876
SI Market + Oral,TRx (Adjusted),CIMZIA,PRODUCT,N,2024-08-09,804.512245
SI Market + Oral,TRx (Adjusted),CIMZIA,PRODUCT,N,2024-08-16,820.186776
SI Market + Oral,TRx (Adjusted),CIMZIA,PRODUCT,N,2024-08-23,832.113049
SI Market + Oral,TRx (Adjusted),CIMZIA,PRODUCT,N,2024-08-30,903.584593
SI Market + Oral,TRx (Adjusted),CIMZIA,PRODUCT,N,2024-09-06,757.116441
SI Market + Oral,TRx (Adjusted),CIMZIA,PRODUCT,N,2024-09-13,901.398501
SI Market + Oral,TRx (Adjusted),CIMZIA,PRODUCT,N,2024-09-20,932.18596
SI Market + Oral,TRx (Adjusted),CIMZIA,PRODUCT,N,2024-09-27,876.440616
SI Market + Oral,TRx (Adjusted),CIMZIA,PRODUCT,N,2024-10-04,868.121498
SI Market + Oral,TRx (Adjusted),CIMZIA,PRODUCT,N,2024-10-11,770.602744
SI Market + Oral,TRx (Adjusted),CIMZIA,PRODUCT,N,2024-10-18,868.121498
SI Market + Oral,TRx (Adjusted),CIMZIA,PRODUCT,N,2024-10-25,838.28621
SI Market + Oral,TRx (Adjusted),CIMZIA,PRODUCT,N,2024-11-01,937.366533
SI Market + Oral,TRx (Adjusted),CIMZIA,PRODUCT,N,2024-11-08,910.828539
SI Market + Oral,TRx (Adjusted),CIMZIA,PRODUCT,N,2024-11-15,924.190327
SI Market + Oral,TRx (Adjusted),CIMZIA,PRODUCT,N,2024-11-22,980.60676
SI Market + Oral,TRx (Adjusted),CIMZIA,PRODUCT,N,2024-11-29,683.306985
SI Market + Oral,TRx (Adjusted),CIMZIA,PRODUCT,N,2024-12-06,850.895228
SI Market + Oral,TRx (Adjusted),CIMZIA,PRODUCT,N,2024-12-13,799.552047
SI Market + Oral,TRx (Adjusted),CIMZIA,PRODUCT,N,2024-12-20,806.255602
SI Market + Oral,TRx (Adjusted),CIMZIA,PRODUCT,N,2024-12-27,560.356785
SI Market + Oral,TRx (Adjusted),CIMZIA,PRODUCT,N,2025-01-03,627.697107
SI Market + Oral,TRx (Adjusted),CIMZIA,PRODUCT,N,2025-01-10,775.37571
SI Market + Oral,TRx (Adjusted),CIMZIA,PRODUCT,N,2025-01-17,749.879197
SI Market + Oral,TRx (Adjusted),CIMZIA,PRODUCT,N,2025-01-24,664.786518
SI Market + Oral,TRx (Adjusted),CIMZIA,PRODUCT,N,2025-01-31,759.733675
SI Market + Oral,TRx (Adjusted),CIMZIA,PRODUCT,N,2025-02-07,800.828222
SI Market + Oral,TRx (Adjusted),CIMZIA,PRODUCT,N,2025-02-14,772.985138
SI Market + Oral,TRx (Adjusted),CIMZIA,PRODUCT,N,2025-02-21,771.457164
SI Market + Oral,TRx (Adjusted),CIMZIA,PRODUCT,N,2025-02-28,866.700886
SI Market + Oral,TRx (Adjusted),CIMZIA,PRODUCT,N,2025-03-07,790.80265
SI Market + Oral,TRx (Adjusted),CIMZIA,PRODUCT,N,2025-03-14,787.622029
SI Market + Oral,TRx (Adjusted),CIMZIA,PRODUCT,N,2025-03-21,791.639654
SI Market + Oral,TRx (Adjusted),CIMZIA,PRODUCT,N,2025-03-28,826.124276
SI Market + Oral,TRx (Adjusted),CIMZIA,PRODUCT,N,2025-04-04,749.287185
SI Market + Oral,TRx (Adjusted),CIMZIA,PRODUCT,N,2025-04-11,787.166958
SI Market + Oral,TRx (Adjusted),CIMZIA,PRODUCT,N,2025-04-18,782.477586
SI Market + Oral,TRx (Adjusted),CIMZIA,PRODUCT,N,2025-04-25,771.320136
SI Market + Oral,TRx (Adjusted),CIMZIA,PRODUCT,N,2025-05-02,771.481832
SI Market + Oral,TRx (Adjusted),CIMZIA,PRODUCT,N,2025-05-09,748.554452
SI Market + Oral,TRx (Adjusted),CIMZIA,PRODUCT,N,2025-05-16,747.920755
SI Market + Oral,TRx (Adjusted),CIMZIA,PRODUCT,N,2025-05-23,799.567055
SI Market + Oral,TRx (Adjusted),CIMZIA,PRODUCT,N,2025-05-30,680.59046
SI Market + Oral,TRx (Adjusted),CIMZIA,PRODUCT,N,2025-06-06,809.755274
SI Market + Oral,TRx (Adjusted),CIMZIA,PRODUCT,N,2025-06-13,737.314113
SI Market + Oral,TRx (Adjusted),CIMZIA,PRODUCT,N,2025-06-20,758.611197
SI Market + Oral,TRx (Adjusted),CIMZIA,PRODUCT,N,2025-06-27,801.049894
SI Market + Oral,TRx (Adjusted),CIMZIA,PRODUCT,N,2025-07-04,616.216142
SI Market + Oral,TRx (Adjusted),CIMZIA,PRODUCT,N,2025-07-11,776.876441
SI Market + Oral,TRx (Adjusted),CIMZIA,PRODUCT,N,2025-07-18,745.230872
SI Market + Oral,TRx (Adjusted),CIMZIA,PRODUCT,N,2025-07-25,748.202283
SI Market + Oral,TRx (Adjusted),CIMZIA,PRODUCT,N,2025-08-01,699.619648
SI Market + Oral,TRx (Adjusted),CIMZIA,PRODUCT,N,2025-08-08,753.415071
SI Market + Oral,TRx (Adjusted),CIMZIA,PRODUCT,N,2025-08-15,752.501839
SI Market + Oral,TRx (Adjusted),CIMZIA,PRODUCT,N,2025-08-22,766.352502
SI Market + Oral,TRx (Adjusted),CIMZIA,PRODUCT,N,2025-08-29,785.225933
SI Market + Oral,TRx (Adjusted),CIMZIA,PRODUCT,N,2025-09-05,533.057341
SI Market + Oral,TRx (Adjusted),CIMZIA,PRODUCT,N,2025-09-12,607.243201
SI Market + Oral,TRx (Adjusted),CIMZIA,PRODUCT,N,2025-09-19,641.26552
SI Market + Oral,TRx (Adjusted),CIMZIA,PRODUCT,N,2025-09-26,584.889184
SI Market + Oral,TRx (Adjusted),CIMZIA,PRODUCT,N,2025-10-03,602.575882
SI Market + Oral,TRx (Adjusted),CIMZIA,PRODUCT,N,2025-10-10,629.262241
SI Market + Oral,TRx (Adjusted),CIMZIA,PRODUCT,N,2025-10-17,634.913914
SI Market + Oral,TRx (Adjusted),CIMZIA,PRODUCT,N,2025-10-24,641.207819
SI Market + Oral,TRx (Adjusted),CIMZIA,PRODUCT,N,2025-10-31,622.326096
SI Market + Oral,TRx (Adjusted),CIMZIA,PRODUCT,N,2025-11-07,671.376509
SI Market + Oral,TRx (Adjusted),CIMZIA,PRODUCT,N,2025-11-14,675.528495
SI Market + Oral,TRx (Adjusted),CIMZIA,PRODUCT,N,2025-11-21,712.896393
SI Market + Oral,TRx (Adjusted),CIMZIA,PRODUCT,N,2025-11-28,520.244135
SI Market + Oral,TRx (Adjusted),CIMZIA,PRODUCT,N,2025-12-05,665.279886
SI Market + Oral,TRx (Adjusted),CIMZIA,PRODUCT,N,2025-12-12,636.651531
SI Market + Oral,TRx (Adjusted),CIMZIA,PRODUCT,N,2025-12-19,629.464493
SI Market + Oral,TRx (Adjusted),CIMZIA,PRODUCT,N,2025-12-26,410.739056
SI Market + Oral,TRx (Adjusted),CIMZIA,PRODUCT,N,2026-01-02,491.832774
SI Market + Oral,TRx (Adjusted),CIMZIA,PRODUCT,N,2026-01-09,693.936655
SI Market + Oral,TRx (Adjusted),CIMZIA,PRODUCT,N,2026-01-16,614.699551
SI Market + Oral,TRx (Adjusted),CIMZIA,PRODUCT,N,2026-01-23,505.571372
SI Market + Oral,TRx (Adjusted),CIMZIA,PRODUCT,N,2026-01-30,500.546586
SI Market + Oral,TRx (Adjusted),CIMZIA,PRODUCT,N,2026-02-06,638.316075
SI Market + Oral,TRx (Adjusted),CIMZIA,PRODUCT,N,2026-02-13,602.234102
SI Market + Oral,TRx (Adjusted),CIMZIA,PRODUCT,N,2026-02-20,569.623934
SI Market + Oral,TRx (Adjusted),CIMZIA,PRODUCT,N,2026-02-27,589.958791
SI Market + Oral,TRx (Adjusted),CIMZIA,PRODUCT,N,2026-03-06,595.997526
SI Market + Oral,TRx (Adjusted),CIMZIA,PRODUCT,N,2026-03-13,563.815495
SI Market + Oral,TRx (Adjusted),CIMZIA,PRODUCT,N,2026-03-20,530.030085
SI Market + Oral,TRx (Adjusted),CIMZIA,PRODUCT,N,2026-03-27,597.486377
SI Market + Oral,TRx (Adjusted),CIMZIA,PRODUCT,N,2026-04-03,579.734725
SI Market + Oral,TRx (Adjusted),CIMZIA,PRODUCT,N,2026-04-10,542.51351
SI Market + Oral,TRx (Adjusted),CIMZIA,PRODUCT,N,2026-04-17,538.161488
SI Market + Oral,TRx (Adjusted),CIMZIA,PRODUCT,N,2026-04-24,556.142198
SI Market + Oral,TRx (Adjusted),CIMZIA,PRODUCT,N,2026-05-01,606.190415
SI Market + Oral,TRx (Adjusted),CIMZIA,PRODUCT,N,2026-05-08,630.241044
SI Market + Oral,TRx (Adjusted),ENTYVIO SQ,PRODUCT,N,2024-05-03,275.464834
SI Market + Oral,TRx (Adjusted),ENTYVIO SQ,PRODUCT,N,2024-05-10,293.003793
SI Market + Oral,TRx (Adjusted),ENTYVIO SQ,PRODUCT,N,2024-05-17,317.764677
SI Market + Oral,TRx (Adjusted),ENTYVIO SQ,PRODUCT,N,2024-05-24,342.525561
SI Market + Oral,TRx (Adjusted),ENTYVIO SQ,PRODUCT,N,2024-05-31,331.735895
SI Market + Oral,TRx (Adjusted),ENTYVIO SQ,PRODUCT,N,2024-06-07,401.022506
SI Market + Oral,TRx (Adjusted),ENTYVIO SQ,PRODUCT,N,2024-06-14,415.719666
SI Market + Oral,TRx (Adjusted),ENTYVIO SQ,PRODUCT,N,2024-06-21,453.512363
SI Market + Oral,TRx (Adjusted),ENTYVIO SQ,PRODUCT,N,2024-06-28,475.558103
SI Market + Oral,TRx (Adjusted),ENTYVIO SQ,PRODUCT,N,2024-07-05,352.114954
SI Market + Oral,TRx (Adjusted),ENTYVIO SQ,PRODUCT,N,2024-07-12,587.915658
SI Market + Oral,TRx (Adjusted),ENTYVIO SQ,PRODUCT,N,2024-07-19,598.489681
SI Market + Oral,TRx (Adjusted),ENTYVIO SQ,PRODUCT,N,2024-07-26,546.67697
SI Market + Oral,TRx (Adjusted),ENTYVIO SQ,PRODUCT,N,2024-08-02,539.504763
SI Market + Oral,TRx (Adjusted),ENTYVIO SQ,PRODUCT,N,2024-08-09,651.052467
SI Market + Oral,TRx (Adjusted),ENTYVIO SQ,PRODUCT,N,2024-08-16,682.157115
SI Market + Oral,TRx (Adjusted),ENTYVIO SQ,PRODUCT,N,2024-08-23,671.431375
SI Market + Oral,TRx (Adjusted),ENTYVIO SQ,PRODUCT,N,2024-08-30,723.114317
SI Market + Oral,TRx (Adjusted),ENTYVIO SQ,PRODUCT,N,2024-09-06,675.570104
SI Market + Oral,TRx (Adjusted),ENTYVIO SQ,PRODUCT,N,2024-09-13,750.756302
SI Market + Oral,TRx (Adjusted),ENTYVIO SQ,PRODUCT,N,2024-09-20,750.756302
SI Market + Oral,TRx (Adjusted),ENTYVIO SQ,PRODUCT,N,2024-09-27,701.000729
SI Market + Oral,TRx (Adjusted),ENTYVIO SQ,PRODUCT,N,2024-10-04,781.123608
SI Market + Oral,TRx (Adjusted),ENTYVIO SQ,PRODUCT,N,2024-10-11,773.592113
SI Market + Oral,TRx (Adjusted),ENTYVIO SQ,PRODUCT,N,2024-10-18,797.262525
SI Market + Oral,TRx (Adjusted),ENTYVIO SQ,PRODUCT,N,2024-10-25,860.742268
SI Market + Oral,TRx (Adjusted),ENTYVIO SQ,PRODUCT,N,2024-11-01,877.165187
SI Market + Oral,TRx (Adjusted),ENTYVIO SQ,PRODUCT,N,2024-11-08,901.378028
SI Market + Oral,TRx (Adjusted),ENTYVIO SQ,PRODUCT,N,2024-11-15,899.17686
SI Market + Oral,TRx (Adjusted),ENTYVIO SQ,PRODUCT,N,2024-11-22,1064.264411
SI Market + Oral,TRx (Adjusted),ENTYVIO SQ,PRODUCT,N,2024-11-29,773.710322
SI Market + Oral,TRx (Adjusted),ENTYVIO SQ,PRODUCT,N,2024-12-06,1081.472533
SI Market + Oral,TRx (Adjusted),ENTYVIO SQ,PRODUCT,N,2024-12-13,1005.845083
SI Market + Oral,TRx (Adjusted),ENTYVIO SQ,PRODUCT,N,2024-12-20,1098.758807
SI Market + Oral,TRx (Adjusted),ENTYVIO SQ,PRODUCT,N,2024-12-27,770.319596
SI Market + Oral,TRx (Adjusted),ENTYVIO SQ,PRODUCT,N,2025-01-03,964.790182
SI Market + Oral,TRx (Adjusted),ENTYVIO SQ,PRODUCT,N,2025-01-10,896.613697
SI Market + Oral,TRx (Adjusted),ENTYVIO SQ,PRODUCT,N,2025-01-17,1093.647324
SI Market + Oral,TRx (Adjusted),ENTYVIO SQ,PRODUCT,N,2025-01-24,889.972114
SI Market + Oral,TRx (Adjusted),ENTYVIO SQ,PRODUCT,N,2025-01-31,1167.811667
SI Market + Oral,TRx (Adjusted),ENTYVIO SQ,PRODUCT,N,2025-02-07,1179.644522
SI Market + Oral,TRx (Adjusted),ENTYVIO SQ,PRODUCT,N,2025-02-14,1127.339529
SI Market + Oral,TRx (Adjusted),ENTYVIO SQ,PRODUCT,N,2025-02-21,1158.499951
SI Market + Oral,TRx (Adjusted),ENTYVIO SQ,PRODUCT,N,2025-02-28,1265.335681
SI Market + Oral,TRx (Adjusted),ENTYVIO SQ,PRODUCT,N,2025-03-07,1217.108518
SI Market + Oral,TRx (Adjusted),ENTYVIO SQ,PRODUCT,N,2025-03-14,1352.956383
SI Market + Oral,TRx (Adjusted),ENTYVIO SQ,PRODUCT,N,2025-03-21,1270.122319
SI Market + Oral,TRx (Adjusted),ENTYVIO SQ,PRODUCT,N,2025-03-28,1337.494025
SI Market + Oral,TRx (Adjusted),ENTYVIO SQ,PRODUCT,N,2025-04-04,1200.541705
SI Market + Oral,TRx (Adjusted),ENTYVIO SQ,PRODUCT,N,2025-04-11,1523.401703
SI Market + Oral,TRx (Adjusted),ENTYVIO SQ,PRODUCT,N,2025-04-18,1467.224199
SI Market + Oral,TRx (Adjusted),ENTYVIO SQ,PRODUCT,N,2025-04-25,1488.153073
SI Market + Oral,TRx (Adjusted),ENTYVIO SQ,PRODUCT,N,2025-05-02,1428.671011
SI Market + Oral,TRx (Adjusted),ENTYVIO SQ,PRODUCT,N,2025-05-09,1538.684812
SI Market + Oral,TRx (Adjusted),ENTYVIO SQ,PRODUCT,N,2025-05-16,1534.234531
SI Market + Oral,TRx (Adjusted),ENTYVIO SQ,PRODUCT,N,2025-05-23,1635.478434
SI Market + Oral,TRx (Adjusted),ENTYVIO SQ,PRODUCT,N,2025-05-30,1427.427776
SI Market + Oral,TRx (Adjusted),ENTYVIO SQ,PRODUCT,N,2025-06-06,1627.282563
SI Market + Oral,TRx (Adjusted),ENTYVIO SQ,PRODUCT,N,2025-06-13,1778.529314
SI Market + Oral,TRx (Adjusted),ENTYVIO SQ,PRODUCT,N,2025-06-20,1616.242654
SI Market + Oral,TRx (Adjusted),ENTYVIO SQ,PRODUCT,N,2025-06-27,1813.857022
SI Market + Oral,TRx (Adjusted),ENTYVIO SQ,PRODUCT,N,2025-07-04,1364.532733
SI Market + Oral,TRx (Adjusted),ENTYVIO SQ,PRODUCT,N,2025-07-11,2060.36144
SI Market + Oral,TRx (Adjusted),ENTYVIO SQ,PRODUCT,N,2025-07-18,1746.923476
SI Market + Oral,TRx (Adjusted),ENTYVIO SQ,PRODUCT,N,2025-07-25,1887.203404
SI Market + Oral,TRx (Adjusted),ENTYVIO SQ,PRODUCT,N,2025-08-01,1729.388485
SI Market + Oral,TRx (Adjusted),ENTYVIO SQ,PRODUCT,N,2025-08-08,2020.319321
SI Market + Oral,TRx (Adjusted),ENTYVIO SQ,PRODUCT,N,2025-08-15,1894.400698
SI Market + Oral,TRx (Adjusted),ENTYVIO SQ,PRODUCT,N,2025-08-22,2016.9465
SI Market + Oral,TRx (Adjusted),ENTYVIO SQ,PRODUCT,N,2025-08-29,2101.267006
SI Market + Oral,TRx (Adjusted),ENTYVIO SQ,PRODUCT,N,2025-09-05,1890.806582
SI Market + Oral,TRx (Adjusted),ENTYVIO SQ,PRODUCT,N,2025-09-12,1994.795353
SI Market + Oral,TRx (Adjusted),ENTYVIO SQ,PRODUCT,N,2025-09-19,2178.173401
SI Market + Oral,TRx (Adjusted),ENTYVIO SQ,PRODUCT,N,2025-09-26,2102.138601
SI Market + Oral,TRx (Adjusted),ENTYVIO SQ,PRODUCT,N,2025-10-03,2144.628636
SI Market + Oral,TRx (Adjusted),ENTYVIO SQ,PRODUCT,N,2025-10-10,2142.340837
SI Market + Oral,TRx (Adjusted),ENTYVIO SQ,PRODUCT,N,2025-10-17,2213.078506
SI Market + Oral,TRx (Adjusted),ENTYVIO SQ,PRODUCT,N,2025-10-24,2165.92006
SI Market + Oral,TRx (Adjusted),ENTYVIO SQ,PRODUCT,N,2025-10-31,2156.937499
SI Market + Oral,TRx (Adjusted),ENTYVIO SQ,PRODUCT,N,2025-11-07,2384.702769
SI Market + Oral,TRx (Adjusted),ENTYVIO SQ,PRODUCT,N,2025-11-14,2314.462851
SI Market + Oral,TRx (Adjusted),ENTYVIO SQ,PRODUCT,N,2025-11-21,2467.608901
SI Market + Oral,TRx (Adjusted),ENTYVIO SQ,PRODUCT,N,2025-11-28,1753.694986
SI Market + Oral,TRx (Adjusted),ENTYVIO SQ,PRODUCT,N,2025-12-05,2750.044922
SI Market + Oral,TRx (Adjusted),ENTYVIO SQ,PRODUCT,N,2025-12-12,2369.014601
SI Market + Oral,TRx (Adjusted),ENTYVIO SQ,PRODUCT,N,2025-12-19,2560.081979
SI Market + Oral,TRx (Adjusted),ENTYVIO SQ,PRODUCT,N,2025-12-26,1735.068503
SI Market + Oral,TRx (Adjusted),ENTYVIO SQ,PRODUCT,N,2026-01-02,2245.317802
SI Market + Oral,TRx (Adjusted),ENTYVIO SQ,PRODUCT,N,2026-01-09,2843.011955
SI Market + Oral,TRx (Adjusted),ENTYVIO SQ,PRODUCT,N,2026-01-16,2750.317331
SI Market + Oral,TRx (Adjusted),ENTYVIO SQ,PRODUCT,N,2026-01-23,2143.280584
SI Market + Oral,TRx (Adjusted),ENTYVIO SQ,PRODUCT,N,2026-01-30,2489.189792
SI Market + Oral,TRx (Adjusted),ENTYVIO SQ,PRODUCT,N,2026-02-06,3173.872745
SI Market + Oral,TRx (Adjusted),ENTYVIO SQ,PRODUCT,N,2026-02-13,2942.641385
SI Market + Oral,TRx (Adjusted),ENTYVIO SQ,PRODUCT,N,2026-02-20,2739.202257
SI Market + Oral,TRx (Adjusted),ENTYVIO SQ,PRODUCT,N,2026-02-27,2880.386789
SI Market + Oral,TRx (Adjusted),ENTYVIO SQ,PRODUCT,N,2026-03-06,3193.246758
SI Market + Oral,TRx (Adjusted),ENTYVIO SQ,PRODUCT,N,2026-03-13,3040.827058
SI Market + Oral,TRx (Adjusted),ENTYVIO SQ,PRODUCT,N,2026-03-20,2907.865193
SI Market + Oral,TRx (Adjusted),ENTYVIO SQ,PRODUCT,N,2026-03-27,2929.485008
SI Market + Oral,TRx (Adjusted),ENTYVIO SQ,PRODUCT,N,2026-04-03,3478.628323
SI Market + Oral,TRx (Adjusted),ENTYVIO SQ,PRODUCT,N,2026-04-10,3085.14768
SI Market + Oral,TRx (Adjusted),ENTYVIO SQ,PRODUCT,N,2026-04-17,2893.812312
SI Market + Oral,TRx (Adjusted),ENTYVIO SQ,PRODUCT,N,2026-04-24,2952.185814
SI Market + Oral,TRx (Adjusted),ENTYVIO SQ,PRODUCT,N,2026-05-01,3455.927517
SI Market + Oral,TRx (Adjusted),ENTYVIO SQ,PRODUCT,N,2026-05-08,3307.83178
SI Market + Oral,TRx (Adjusted),OMVOH SQ,PRODUCT,N,2024-05-03,28.670392
SI Market + Oral,TRx (Adjusted),OMVOH SQ,PRODUCT,N,2024-05-10,33.979724
SI Market + Oral,TRx (Adjusted),OMVOH SQ,PRODUCT,N,2024-05-17,49.907719
SI Market + Oral,TRx (Adjusted),OMVOH SQ,PRODUCT,N,2024-05-24,62.650115
SI Market + Oral,TRx (Adjusted),OMVOH SQ,PRODUCT,N,2024-05-31,30.357763
SI Market + Oral,TRx (Adjusted),OMVOH SQ,PRODUCT,N,2024-06-07,70.473378
SI Market + Oral,TRx (Adjusted),OMVOH SQ,PRODUCT,N,2024-06-14,59.63132
SI Market + Oral,TRx (Adjusted),OMVOH SQ,PRODUCT,N,2024-06-21,76.978613
SI Market + Oral,TRx (Adjusted),OMVOH SQ,PRODUCT,N,2024-06-28,76.978613
SI Market + Oral,TRx (Adjusted),OMVOH SQ,PRODUCT,N,2024-07-05,67.714641
SI Market + Oral,TRx (Adjusted),OMVOH SQ,PRODUCT,N,2024-07-12,87.061682
SI Market + Oral,TRx (Adjusted),OMVOH SQ,PRODUCT,N,2024-07-19,93.510695
SI Market + Oral,TRx (Adjusted),OMVOH SQ,PRODUCT,N,2024-07-26,104.259051
SI Market + Oral,TRx (Adjusted),OMVOH SQ,PRODUCT,N,2024-08-02,121.93835
SI Market + Oral,TRx (Adjusted),OMVOH SQ,PRODUCT,N,2024-08-09,83.431503
SI Market + Oral,TRx (Adjusted),OMVOH SQ,PRODUCT,N,2024-08-16,123.007985
SI Market + Oral,TRx (Adjusted),OMVOH SQ,PRODUCT,N,2024-08-23,141.191774
SI Market + Oral,TRx (Adjusted),OMVOH SQ,PRODUCT,N,2024-08-30,139.797884
SI Market + Oral,TRx (Adjusted),OMVOH SQ,PRODUCT,N,2024-09-06,105.119339
SI Market + Oral,TRx (Adjusted),OMVOH SQ,PRODUCT,N,2024-09-13,143.048997
SI Market + Oral,TRx (Adjusted),OMVOH SQ,PRODUCT,N,2024-09-20,167.974202
SI Market + Oral,TRx (Adjusted),OMVOH SQ,PRODUCT,N,2024-09-27,120.291202
SI Market + Oral,TRx (Adjusted),OMVOH SQ,PRODUCT,N,2024-10-04,156.535041
SI Market + Oral,TRx (Adjusted),OMVOH SQ,PRODUCT,N,2024-10-11,157.607198
SI Market + Oral,TRx (Adjusted),OMVOH SQ,PRODUCT,N,2024-10-18,174.761723
SI Market + Oral,TRx (Adjusted),OMVOH SQ,PRODUCT,N,2024-10-25,139.380516
SI Market + Oral,TRx (Adjusted),OMVOH SQ,PRODUCT,N,2024-11-01,175.61583
SI Market + Oral,TRx (Adjusted),OMVOH SQ,PRODUCT,N,2024-11-08,178.908627
SI Market + Oral,TRx (Adjusted),OMVOH SQ,PRODUCT,N,2024-11-15,183.299023
SI Market + Oral,TRx (Adjusted),OMVOH SQ,PRODUCT,N,2024-11-22,194.275012
SI Market + Oral,TRx (Adjusted),OMVOH SQ,PRODUCT,N,2024-11-29,127.321477
SI Market + Oral,TRx (Adjusted),OMVOH SQ,PRODUCT,N,2024-12-06,212.851
SI Market + Oral,TRx (Adjusted),OMVOH SQ,PRODUCT,N,2024-12-13,189.200889
SI Market + Oral,TRx (Adjusted),OMVOH SQ,PRODUCT,N,2024-12-20,237.576116
SI Market + Oral,TRx (Adjusted),OMVOH SQ,PRODUCT,N,2024-12-27,111.800525
SI Market + Oral,TRx (Adjusted),OMVOH SQ,PRODUCT,N,2025-01-03,177.375833
SI Market + Oral,TRx (Adjusted),OMVOH SQ,PRODUCT,N,2025-01-10,161.71499
SI Market + Oral,TRx (Adjusted),OMVOH SQ,PRODUCT,N,2025-01-17,176.016316
SI Market + Oral,TRx (Adjusted),OMVOH SQ,PRODUCT,N,2025-01-24,154.014276
SI Market + Oral,TRx (Adjusted),OMVOH SQ,PRODUCT,N,2025-01-31,202.418763
SI Market + Oral,TRx (Adjusted),OMVOH SQ,PRODUCT,N,2025-02-07,186.995516
SI Market + Oral,TRx (Adjusted),OMVOH SQ,PRODUCT,N,2025-02-14,167.195991
SI Market + Oral,TRx (Adjusted),OMVOH SQ,PRODUCT,N,2025-02-21,153.996307
SI Market + Oral,TRx (Adjusted),OMVOH SQ,PRODUCT,N,2025-02-28,248.594039
SI Market + Oral,TRx (Adjusted),OMVOH SQ,PRODUCT,N,2025-03-07,186.661435
SI Market + Oral,TRx (Adjusted),OMVOH SQ,PRODUCT,N,2025-03-14,173.485333
SI Market + Oral,TRx (Adjusted),OMVOH SQ,PRODUCT,N,2025-03-21,165.799274
SI Market + Oral,TRx (Adjusted),OMVOH SQ,PRODUCT,N,2025-03-28,241.561857
SI Market + Oral,TRx (Adjusted),OMVOH SQ,PRODUCT,N,2025-04-04,165.799274
SI Market + Oral,TRx (Adjusted),OMVOH SQ,PRODUCT,N,2025-04-11,185.3445
SI Market + Oral,TRx (Adjusted),OMVOH SQ,PRODUCT,N,2025-04-18,185.3445
SI Market + Oral,TRx (Adjusted),OMVOH SQ,PRODUCT,N,2025-04-25,197.7008
SI Market + Oral,TRx (Adjusted),OMVOH SQ,PRODUCT,N,2025-05-02,175.2348
SI Market + Oral,TRx (Adjusted),OMVOH SQ,PRODUCT,N,2025-05-09,174.640479
SI Market + Oral,TRx (Adjusted),OMVOH SQ,PRODUCT,N,2025-05-16,222.269701
SI Market + Oral,TRx (Adjusted),OMVOH SQ,PRODUCT,N,2025-05-23,186.943558
SI Market + Oral,TRx (Adjusted),OMVOH SQ,PRODUCT,N,2025-05-30,205.803094
SI Market + Oral,TRx (Adjusted),OMVOH SQ,PRODUCT,N,2025-06-06,202.372988
SI Market + Oral,TRx (Adjusted),OMVOH SQ,PRODUCT,N,2025-06-13,211.17144
SI Market + Oral,TRx (Adjusted),OMVOH SQ,PRODUCT,N,2025-06-20,206.768514
SI Market + Oral,TRx (Adjusted),OMVOH SQ,PRODUCT,N,2025-06-27,241.32437
SI Market + Oral,TRx (Adjusted),OMVOH SQ,PRODUCT,N,2025-07-04,193.358425
SI Market + Oral,TRx (Adjusted),OMVOH SQ,PRODUCT,N,2025-07-11,227.591181
SI Market + Oral,TRx (Adjusted),OMVOH SQ,PRODUCT,N,2025-07-18,233.736691
SI Market + Oral,TRx (Adjusted),OMVOH SQ,PRODUCT,N,2025-07-25,212.611411
SI Market + Oral,TRx (Adjusted),OMVOH SQ,PRODUCT,N,2025-08-01,241.351859
SI Market + Oral,TRx (Adjusted),OMVOH SQ,PRODUCT,N,2025-08-08,214.337928
SI Market + Oral,TRx (Adjusted),OMVOH SQ,PRODUCT,N,2025-08-15,271.082809
SI Market + Oral,TRx (Adjusted),OMVOH SQ,PRODUCT,N,2025-08-22,219.156882
SI Market + Oral,TRx (Adjusted),OMVOH SQ,PRODUCT,N,2025-08-29,277.836235
SI Market + Oral,TRx (Adjusted),OMVOH SQ,PRODUCT,N,2025-09-05,192.4853
SI Market + Oral,TRx (Adjusted),OMVOH SQ,PRODUCT,N,2025-09-12,270.052916
SI Market + Oral,TRx (Adjusted),OMVOH SQ,PRODUCT,N,2025-09-19,268.09903
SI Market + Oral,TRx (Adjusted),OMVOH SQ,PRODUCT,N,2025-09-26,263.700687
SI Market + Oral,TRx (Adjusted),OMVOH SQ,PRODUCT,N,2025-10-03,260.024257
SI Market + Oral,TRx (Adjusted),OMVOH SQ,PRODUCT,N,2025-10-10,266.878604
SI Market + Oral,TRx (Adjusted),OMVOH SQ,PRODUCT,N,2025-10-17,260.281548
SI Market + Oral,TRx (Adjusted),OMVOH SQ,PRODUCT,N,2025-10-24,272.473666
SI Market + Oral,TRx (Adjusted),OMVOH SQ,PRODUCT,N,2025-10-31,293.968277
SI Market + Oral,TRx (Adjusted),OMVOH SQ,PRODUCT,N,2025-11-07,287.032343
SI Market + Oral,TRx (Adjusted),OMVOH SQ,PRODUCT,N,2025-11-14,323.124666
SI Market + Oral,TRx (Adjusted),OMVOH SQ,PRODUCT,N,2025-11-21,290.211642
SI Market + Oral,TRx (Adjusted),OMVOH SQ,PRODUCT,N,2025-11-28,195.038623
SI Market + Oral,TRx (Adjusted),OMVOH SQ,PRODUCT,N,2025-12-05,357.232201
SI Market + Oral,TRx (Adjusted),OMVOH SQ,PRODUCT,N,2025-12-12,318.415649
SI Market + Oral,TRx (Adjusted),OMVOH SQ,PRODUCT,N,2025-12-19,320.423162
SI Market + Oral,TRx (Adjusted),OMVOH SQ,PRODUCT,N,2025-12-26,199.485191
SI Market + Oral,TRx (Adjusted),OMVOH SQ,PRODUCT,N,2026-01-02,255.440882
SI Market + Oral,TRx (Adjusted),OMVOH SQ,PRODUCT,N,2026-01-09,337.604461
SI Market + Oral,TRx (Adjusted),OMVOH SQ,PRODUCT,N,2026-01-16,315.790173
SI Market + Oral,TRx (Adjusted),OMVOH SQ,PRODUCT,N,2026-01-23,249.761776
SI Market + Oral,TRx (Adjusted),OMVOH SQ,PRODUCT,N,2026-01-30,258.379917
SI Market + Oral,TRx (Adjusted),OMVOH SQ,PRODUCT,N,2026-02-06,339.548617
SI Market + Oral,TRx (Adjusted),OMVOH SQ,PRODUCT,N,2026-02-13,340.332938
SI Market + Oral,TRx (Adjusted),OMVOH SQ,PRODUCT,N,2026-02-20,301.767768
SI Market + Oral,TRx (Adjusted),OMVOH SQ,PRODUCT,N,2026-02-27,347.27712
SI Market + Oral,TRx (Adjusted),OMVOH SQ,PRODUCT,N,2026-03-06,330.25351
SI Market + Oral,TRx (Adjusted),OMVOH SQ,PRODUCT,N,2026-03-13,337.078752
SI Market + Oral,TRx (Adjusted),OMVOH SQ,PRODUCT,N,2026-03-20,278.229304
SI Market + Oral,TRx (Adjusted),OMVOH SQ,PRODUCT,N,2026-03-27,333.10233
SI Market + Oral,TRx (Adjusted),OMVOH SQ,PRODUCT,N,2026-04-03,330.689048
SI Market + Oral,TRx (Adjusted),OMVOH SQ,PRODUCT,N,2026-04-10,340.081676
SI Market + Oral,TRx (Adjusted),OMVOH SQ,PRODUCT,N,2026-04-17,308.167011
SI Market + Oral,TRx (Adjusted),OMVOH SQ,PRODUCT,N,2026-04-24,346.861026
SI Market + Oral,TRx (Adjusted),OMVOH SQ,PRODUCT,N,2026-05-01,338.499104
SI Market + Oral,TRx (Adjusted),OMVOH SQ,PRODUCT,N,2026-05-08,375.72963
SI Market + Oral,TRx (Adjusted),RINVOQ,PRODUCT,N,2024-05-03,5441.884367
SI Market + Oral,TRx (Adjusted),RINVOQ,PRODUCT,N,2024-05-10,5243.182167
SI Market + Oral,TRx (Adjusted),RINVOQ,PRODUCT,N,2024-05-17,5444.620239
SI Market + Oral,TRx (Adjusted),RINVOQ,PRODUCT,N,2024-05-24,5237.720643
SI Market + Oral,TRx (Adjusted),RINVOQ,PRODUCT,N,2024-05-31,5098.107025
SI Market + Oral,TRx (Adjusted),RINVOQ,PRODUCT,N,2024-06-07,5857.194656
SI Market + Oral,TRx (Adjusted),RINVOQ,PRODUCT,N,2024-06-14,5636.266786
SI Market + Oral,TRx (Adjusted),RINVOQ,PRODUCT,N,2024-06-21,5653.494329
SI Market + Oral,TRx (Adjusted),RINVOQ,PRODUCT,N,2024-06-28,5657.802296
SI Market + Oral,TRx (Adjusted),RINVOQ,PRODUCT,N,2024-07-05,4904.409709
SI Market + Oral,TRx (Adjusted),RINVOQ,PRODUCT,N,2024-07-12,6054.521041
SI Market + Oral,TRx (Adjusted),RINVOQ,PRODUCT,N,2024-07-19,5708.322302
SI Market + Oral,TRx (Adjusted),RINVOQ,PRODUCT,N,2024-07-26,6032.068918
SI Market + Oral,TRx (Adjusted),RINVOQ,PRODUCT,N,2024-08-02,5980.524981
SI Market + Oral,TRx (Adjusted),RINVOQ,PRODUCT,N,2024-08-09,5819.338765
SI Market + Oral,TRx (Adjusted),RINVOQ,PRODUCT,N,2024-08-16,6152.544068
SI Market + Oral,TRx (Adjusted),RINVOQ,PRODUCT,N,2024-08-23,6026.887154
SI Market + Oral,TRx (Adjusted),RINVOQ,PRODUCT,N,2024-08-30,6395.985883
SI Market + Oral,TRx (Adjusted),RINVOQ,PRODUCT,N,2024-09-06,5800.517655
SI Market + Oral,TRx (Adjusted),RINVOQ,PRODUCT,N,2024-09-13,6621.753513
SI Market + Oral,TRx (Adjusted),RINVOQ,PRODUCT,N,2024-09-20,6598.910243
SI Market + Oral,TRx (Adjusted),RINVOQ,PRODUCT,N,2024-09-27,6434.332901
SI Market + Oral,TRx (Adjusted),RINVOQ,PRODUCT,N,2024-10-04,6593.961335
SI Market + Oral,TRx (Adjusted),RINVOQ,PRODUCT,N,2024-10-11,6277.77676
SI Market + Oral,TRx (Adjusted),RINVOQ,PRODUCT,N,2024-10-18,6801.09459
SI Market + Oral,TRx (Adjusted),RINVOQ,PRODUCT,N,2024-10-25,6705.161565
SI Market + Oral,TRx (Adjusted),RINVOQ,PRODUCT,N,2024-11-01,6850.517711
SI Market + Oral,TRx (Adjusted),RINVOQ,PRODUCT,N,2024-11-08,6883.420861
SI Market + Oral,TRx (Adjusted),RINVOQ,PRODUCT,N,2024-11-15,7127.404853
SI Market + Oral,TRx (Adjusted),RINVOQ,PRODUCT,N,2024-11-22,7301.303323
SI Market + Oral,TRx (Adjusted),RINVOQ,PRODUCT,N,2024-11-29,6232.415336
SI Market + Oral,TRx (Adjusted),RINVOQ,PRODUCT,N,2024-12-06,7577.833816
SI Market + Oral,TRx (Adjusted),RINVOQ,PRODUCT,N,2024-12-13,7530.732483
SI Market + Oral,TRx (Adjusted),RINVOQ,PRODUCT,N,2024-12-20,7479.224189
SI Market + Oral,TRx (Adjusted),RINVOQ,PRODUCT,N,2024-12-27,5950.808417
SI Market + Oral,TRx (Adjusted),RINVOQ,PRODUCT,N,2025-01-03,6587.945219
SI Market + Oral,TRx (Adjusted),RINVOQ,PRODUCT,N,2025-01-10,6915.554724
SI Market + Oral,TRx (Adjusted),RINVOQ,PRODUCT,N,2025-01-17,7617.584761
SI Market + Oral,TRx (Adjusted),RINVOQ,PRODUCT,N,2025-01-24,6580.391081
SI Market + Oral,TRx (Adjusted),RINVOQ,PRODUCT,N,2025-01-31,7538.770305
SI Market + Oral,TRx (Adjusted),RINVOQ,PRODUCT,N,2025-02-07,7698.777336
SI Market + Oral,TRx (Adjusted),RINVOQ,PRODUCT,N,2025-02-14,7689.206361
SI Market + Oral,TRx (Adjusted),RINVOQ,PRODUCT,N,2025-02-21,7528.510224
SI Market + Oral,TRx (Adjusted),RINVOQ,PRODUCT,N,2025-02-28,8104.064789
SI Market + Oral,TRx (Adjusted),RINVOQ,PRODUCT,N,2025-03-07,8124.789045
SI Market + Oral,TRx (Adjusted),RINVOQ,PRODUCT,N,2025-03-14,7735.359222
SI Market + Oral,TRx (Adjusted),RINVOQ,PRODUCT,N,2025-03-21,8123.116031
SI Market + Oral,TRx (Adjusted),RINVOQ,PRODUCT,N,2025-03-28,8249.940177
SI Market + Oral,TRx (Adjusted),RINVOQ,PRODUCT,N,2025-04-04,8001.750126
SI Market + Oral,TRx (Adjusted),RINVOQ,PRODUCT,N,2025-04-11,8067.560283
SI Market + Oral,TRx (Adjusted),RINVOQ,PRODUCT,N,2025-04-18,8044.095756
SI Market + Oral,TRx (Adjusted),RINVOQ,PRODUCT,N,2025-04-25,8407.570504
SI Market + Oral,TRx (Adjusted),RINVOQ,PRODUCT,N,2025-05-02,8400.734548
SI Market + Oral,TRx (Adjusted),RINVOQ,PRODUCT,N,2025-05-09,8472.801821
SI Market + Oral,TRx (Adjusted),RINVOQ,PRODUCT,N,2025-05-16,8348.764405
SI Market + Oral,TRx (Adjusted),RINVOQ,PRODUCT,N,2025-05-23,8630.988727
SI Market + Oral,TRx (Adjusted),RINVOQ,PRODUCT,N,2025-05-30,7569.506771
SI Market + Oral,TRx (Adjusted),RINVOQ,PRODUCT,N,2025-06-06,9158.127829
SI Market + Oral,TRx (Adjusted),RINVOQ,PRODUCT,N,2025-06-13,8879.535133
SI Market + Oral,TRx (Adjusted),RINVOQ,PRODUCT,N,2025-06-20,8519.924501
SI Market + Oral,TRx (Adjusted),RINVOQ,PRODUCT,N,2025-06-27,8591.910734
SI Market + Oral,TRx (Adjusted),RINVOQ,PRODUCT,N,2025-07-04,8173.188068
SI Market + Oral,TRx (Adjusted),RINVOQ,PRODUCT,N,2025-07-11,8830.58861
SI Market + Oral,TRx (Adjusted),RINVOQ,PRODUCT,N,2025-07-18,9093.592859
SI Market + Oral,TRx (Adjusted),RINVOQ,PRODUCT,N,2025-07-25,9123.953484
SI Market + Oral,TRx (Adjusted),RINVOQ,PRODUCT,N,2025-08-01,8809.212776
SI Market + Oral,TRx (Adjusted),RINVOQ,PRODUCT,N,2025-08-08,8870.026685
SI Market + Oral,TRx (Adjusted),RINVOQ,PRODUCT,N,2025-08-15,9367.645479
SI Market + Oral,TRx (Adjusted),RINVOQ,PRODUCT,N,2025-08-22,9442.182106
SI Market + Oral,TRx (Adjusted),RINVOQ,PRODUCT,N,2025-08-29,9088.146941
SI Market + Oral,TRx (Adjusted),RINVOQ,PRODUCT,N,2025-09-05,8330.179224
SI Market + Oral,TRx (Adjusted),RINVOQ,PRODUCT,N,2025-09-12,9786.377363
SI Market + Oral,TRx (Adjusted),RINVOQ,PRODUCT,N,2025-09-19,9576.240504
SI Market + Oral,TRx (Adjusted),RINVOQ,PRODUCT,N,2025-09-26,9528.492752
SI Market + Oral,TRx (Adjusted),RINVOQ,PRODUCT,N,2025-10-03,9097.430132
SI Market + Oral,TRx (Adjusted),RINVOQ,PRODUCT,N,2025-10-10,9728.341668
SI Market + Oral,TRx (Adjusted),RINVOQ,PRODUCT,N,2025-10-17,9719.574766
SI Market + Oral,TRx (Adjusted),RINVOQ,PRODUCT,N,2025-10-24,9504.039379
SI Market + Oral,TRx (Adjusted),RINVOQ,PRODUCT,N,2025-10-31,9608.050395
SI Market + Oral,TRx (Adjusted),RINVOQ,PRODUCT,N,2025-11-07,9712.523617
SI Market + Oral,TRx (Adjusted),RINVOQ,PRODUCT,N,2025-11-14,9672.94919
SI Market + Oral,TRx (Adjusted),RINVOQ,PRODUCT,N,2025-11-21,10648.916332
SI Market + Oral,TRx (Adjusted),RINVOQ,PRODUCT,N,2025-11-28,8440.251219
SI Market + Oral,TRx (Adjusted),RINVOQ,PRODUCT,N,2025-12-05,10281.337871
SI Market + Oral,TRx (Adjusted),RINVOQ,PRODUCT,N,2025-12-12,10264.80544
SI Market + Oral,TRx (Adjusted),RINVOQ,PRODUCT,N,2025-12-19,10489.71841
SI Market + Oral,TRx (Adjusted),RINVOQ,PRODUCT,N,2025-12-26,8137.248422
SI Market + Oral,TRx (Adjusted),RINVOQ,PRODUCT,N,2026-01-02,8403.66828
SI Market + Oral,TRx (Adjusted),RINVOQ,PRODUCT,N,2026-01-09,10707.180794
SI Market + Oral,TRx (Adjusted),RINVOQ,PRODUCT,N,2026-01-16,10177.408055
SI Market + Oral,TRx (Adjusted),RINVOQ,PRODUCT,N,2026-01-23,8794.995226
SI Market + Oral,TRx (Adjusted),RINVOQ,PRODUCT,N,2026-01-30,9143.39105
SI Market + Oral,TRx (Adjusted),RINVOQ,PRODUCT,N,2026-02-06,10074.275758
SI Market + Oral,TRx (Adjusted),RINVOQ,PRODUCT,N,2026-02-13,10638.248854
SI Market + Oral,TRx (Adjusted),RINVOQ,PRODUCT,N,2026-02-20,10260.099795
SI Market + Oral,TRx (Adjusted),RINVOQ,PRODUCT,N,2026-02-27,10163.624203
SI Market + Oral,TRx (Adjusted),RINVOQ,PRODUCT,N,2026-03-06,10593.658621
SI Market + Oral,TRx (Adjusted),RINVOQ,PRODUCT,N,2026-03-13,10442.418027
SI Market + Oral,TRx (Adjusted),RINVOQ,PRODUCT,N,2026-03-20,10715.360482
SI Market + Oral,TRx (Adjusted),RINVOQ,PRODUCT,N,2026-03-27,10743.977399
SI Market + Oral,TRx (Adjusted),RINVOQ,PRODUCT,N,2026-04-03,10744.705722
SI Market + Oral,TRx (Adjusted),RINVOQ,PRODUCT,N,2026-04-10,10734.811676
SI Market + Oral,TRx (Adjusted),RINVOQ,PRODUCT,N,2026-04-17,10412.926667
SI Market + Oral,TRx (Adjusted),RINVOQ,PRODUCT,N,2026-04-24,10923.186628
SI Market + Oral,TRx (Adjusted),RINVOQ,PRODUCT,N,2026-05-01,10720.640649
SI Market + Oral,TRx (Adjusted),RINVOQ,PRODUCT,N,2026-05-08,10850.705255
SI Market + Oral,TRx (Adjusted),SIMPONI SC,PRODUCT,N,2024-05-03,282.693293
SI Market + Oral,TRx (Adjusted),SIMPONI SC,PRODUCT,N,2024-05-10,287.836186
SI Market + Oral,TRx (Adjusted),SIMPONI SC,PRODUCT,N,2024-05-17,277.218599
SI Market + Oral,TRx (Adjusted),SIMPONI SC,PRODUCT,N,2024-05-24,286.508988
SI Market + Oral,TRx (Adjusted),SIMPONI SC,PRODUCT,N,2024-05-31,244.28079
SI Market + Oral,TRx (Adjusted),SIMPONI SC,PRODUCT,N,2024-06-07,308.643182
SI Market + Oral,TRx (Adjusted),SIMPONI SC,PRODUCT,N,2024-06-14,284.445556
SI Market + Oral,TRx (Adjusted),SIMPONI SC,PRODUCT,N,2024-06-21,279.507265
SI Market + Oral,TRx (Adjusted),SIMPONI SC,PRODUCT,N,2024-06-28,292.346822
SI Market + Oral,TRx (Adjusted),SIMPONI SC,PRODUCT,N,2024-07-05,213.156802
SI Market + Oral,TRx (Adjusted),SIMPONI SC,PRODUCT,N,2024-07-12,295.604244
SI Market + Oral,TRx (Adjusted),SIMPONI SC,PRODUCT,N,2024-07-19,275.495112
SI Market + Oral,TRx (Adjusted),SIMPONI SC,PRODUCT,N,2024-07-26,284.930939
SI Market + Oral,TRx (Adjusted),SIMPONI SC,PRODUCT,N,2024-08-02,262.251871
SI Market + Oral,TRx (Adjusted),SIMPONI SC,PRODUCT,N,2024-08-09,267.298121
SI Market + Oral,TRx (Adjusted),SIMPONI SC,PRODUCT,N,2024-08-16,274.179366
SI Market + Oral,TRx (Adjusted),SIMPONI SC,PRODUCT,N,2024-08-23,281.366439
SI Market + Oral,TRx (Adjusted),SIMPONI SC,PRODUCT,N,2024-08-30,280.378838
SI Market + Oral,TRx (Adjusted),SIMPONI SC,PRODUCT,N,2024-09-06,234.211426
SI Market + Oral,TRx (Adjusted),SIMPONI SC,PRODUCT,N,2024-09-13,274.243637
SI Market + Oral,TRx (Adjusted),SIMPONI SC,PRODUCT,N,2024-09-20,276.084195
SI Market + Oral,TRx (Adjusted),SIMPONI SC,PRODUCT,N,2024-09-27,281.605879
SI Market + Oral,TRx (Adjusted),SIMPONI SC,PRODUCT,N,2024-10-04,264.566435
SI Market + Oral,TRx (Adjusted),SIMPONI SC,PRODUCT,N,2024-10-11,265.019715
SI Market + Oral,TRx (Adjusted),SIMPONI SC,PRODUCT,N,2024-10-18,275.898521
SI Market + Oral,TRx (Adjusted),SIMPONI SC,PRODUCT,N,2024-10-25,278.316032
SI Market + Oral,TRx (Adjusted),SIMPONI SC,PRODUCT,N,2024-11-01,290.25109
SI Market + Oral,TRx (Adjusted),SIMPONI SC,PRODUCT,N,2024-11-08,281.737479
SI Market + Oral,TRx (Adjusted),SIMPONI SC,PRODUCT,N,2024-11-15,271.647276
SI Market + Oral,TRx (Adjusted),SIMPONI SC,PRODUCT,N,2024-11-22,295.296194
SI Market + Oral,TRx (Adjusted),SIMPONI SC,PRODUCT,N,2024-11-29,235.227938
SI Market + Oral,TRx (Adjusted),SIMPONI SC,PRODUCT,N,2024-12-06,308.568663
SI Market + Oral,TRx (Adjusted),SIMPONI SC,PRODUCT,N,2024-12-13,275.857672
SI Market + Oral,TRx (Adjusted),SIMPONI SC,PRODUCT,N,2024-12-20,301.483789
SI Market + Oral,TRx (Adjusted),SIMPONI SC,PRODUCT,N,2024-12-27,223.248746
SI Market + Oral,TRx (Adjusted),SIMPONI SC,PRODUCT,N,2025-01-03,215.410167
SI Market + Oral,TRx (Adjusted),SIMPONI SC,PRODUCT,N,2025-01-10,238.672591
SI Market + Oral,TRx (Adjusted),SIMPONI SC,PRODUCT,N,2025-01-17,279.447742
SI Market + Oral,TRx (Adjusted),SIMPONI SC,PRODUCT,N,2025-01-24,230.854796
SI Market + Oral,TRx (Adjusted),SIMPONI SC,PRODUCT,N,2025-01-31,276.688521
SI Market + Oral,TRx (Adjusted),SIMPONI SC,PRODUCT,N,2025-02-07,267.992871
SI Market + Oral,TRx (Adjusted),SIMPONI SC,PRODUCT,N,2025-02-14,273.430408
SI Market + Oral,TRx (Adjusted),SIMPONI SC,PRODUCT,N,2025-02-21,246.087367
SI Market + Oral,TRx (Adjusted),SIMPONI SC,PRODUCT,N,2025-02-28,295.801991
SI Market + Oral,TRx (Adjusted),SIMPONI SC,PRODUCT,N,2025-03-07,270.095731
SI Market + Oral,TRx (Adjusted),SIMPONI SC,PRODUCT,N,2025-03-14,262.878847
SI Market + Oral,TRx (Adjusted),SIMPONI SC,PRODUCT,N,2025-03-21,259.193629
SI Market + Oral,TRx (Adjusted),SIMPONI SC,PRODUCT,N,2025-03-28,279.155224
SI Market + Oral,TRx (Adjusted),SIMPONI SC,PRODUCT,N,2025-04-04,255.04776
SI Market + Oral,TRx (Adjusted),SIMPONI SC,PRODUCT,N,2025-04-11,280.442346
SI Market + Oral,TRx (Adjusted),SIMPONI SC,PRODUCT,N,2025-04-18,258.160628
SI Market + Oral,TRx (Adjusted),SIMPONI SC,PRODUCT,N,2025-04-25,278.752012
SI Market + Oral,TRx (Adjusted),SIMPONI SC,PRODUCT,N,2025-05-02,264.307311
SI Market + Oral,TRx (Adjusted),SIMPONI SC,PRODUCT,N,2025-05-09,272.666272
SI Market + Oral,TRx (Adjusted),SIMPONI SC,PRODUCT,N,2025-05-16,273.441332
SI Market + Oral,TRx (Adjusted),SIMPONI SC,PRODUCT,N,2025-05-23,283.207094
SI Market + Oral,TRx (Adjusted),SIMPONI SC,PRODUCT,N,2025-05-30,245.074124
SI Market + Oral,TRx (Adjusted),SIMPONI SC,PRODUCT,N,2025-06-06,283.790042
SI Market + Oral,TRx (Adjusted),SIMPONI SC,PRODUCT,N,2025-06-13,272.190994
SI Market + Oral,TRx (Adjusted),SIMPONI SC,PRODUCT,N,2025-06-20,273.737534
SI Market + Oral,TRx (Adjusted),SIMPONI SC,PRODUCT,N,2025-06-27,288.89362
SI Market + Oral,TRx (Adjusted),SIMPONI SC,PRODUCT,N,2025-07-04,213.886446
SI Market + Oral,TRx (Adjusted),SIMPONI SC,PRODUCT,N,2025-07-11,303.515318
SI Market + Oral,TRx (Adjusted),SIMPONI SC,PRODUCT,N,2025-07-18,265.078216
SI Market + Oral,TRx (Adjusted),SIMPONI SC,PRODUCT,N,2025-07-25,280.391801
SI Market + Oral,TRx (Adjusted),SIMPONI SC,PRODUCT,N,2025-08-01,275.950867
SI Market + Oral,TRx (Adjusted),SIMPONI SC,PRODUCT,N,2025-08-08,275.828466
SI Market + Oral,TRx (Adjusted),SIMPONI SC,PRODUCT,N,2025-08-15,276.450397
SI Market + Oral,TRx (Adjusted),SIMPONI SC,PRODUCT,N,2025-08-22,287.956211
SI Market + Oral,TRx (Adjusted),SIMPONI SC,PRODUCT,N,2025-08-29,280.026536
SI Market + Oral,TRx (Adjusted),SIMPONI SC,PRODUCT,N,2025-09-05,243.52677
SI Market + Oral,TRx (Adjusted),SIMPONI SC,PRODUCT,N,2025-09-12,276.741736
SI Market + Oral,TRx (Adjusted),SIMPONI SC,PRODUCT,N,2025-09-19,279.124872
SI Market + Oral,TRx (Adjusted),SIMPONI SC,PRODUCT,N,2025-09-26,281.954851
SI Market + Oral,TRx (Adjusted),SIMPONI SC,PRODUCT,N,2025-10-03,264.528161
SI Market + Oral,TRx (Adjusted),SIMPONI SC,PRODUCT,N,2025-10-10,259.287003
SI Market + Oral,TRx (Adjusted),SIMPONI SC,PRODUCT,N,2025-10-17,269.085215
SI Market + Oral,TRx (Adjusted),SIMPONI SC,PRODUCT,N,2025-10-24,256.800889
SI Market + Oral,TRx (Adjusted),SIMPONI SC,PRODUCT,N,2025-10-31,271.71757
SI Market + Oral,TRx (Adjusted),SIMPONI SC,PRODUCT,N,2025-11-07,268.071304
SI Market + Oral,TRx (Adjusted),SIMPONI SC,PRODUCT,N,2025-11-14,277.325273
SI Market + Oral,TRx (Adjusted),SIMPONI SC,PRODUCT,N,2025-11-21,272.184179
SI Market + Oral,TRx (Adjusted),SIMPONI SC,PRODUCT,N,2025-11-28,205.203079
SI Market + Oral,TRx (Adjusted),SIMPONI SC,PRODUCT,N,2025-12-05,301.800257
SI Market + Oral,TRx (Adjusted),SIMPONI SC,PRODUCT,N,2025-12-12,279.74508
SI Market + Oral,TRx (Adjusted),SIMPONI SC,PRODUCT,N,2025-12-19,277.32612
SI Market + Oral,TRx (Adjusted),SIMPONI SC,PRODUCT,N,2025-12-26,190.101438
SI Market + Oral,TRx (Adjusted),SIMPONI SC,PRODUCT,N,2026-01-02,219.840357
SI Market + Oral,TRx (Adjusted),SIMPONI SC,PRODUCT,N,2026-01-09,298.498034
SI Market + Oral,TRx (Adjusted),SIMPONI SC,PRODUCT,N,2026-01-16,277.111276
SI Market + Oral,TRx (Adjusted),SIMPONI SC,PRODUCT,N,2026-01-23,208.673647
SI Market + Oral,TRx (Adjusted),SIMPONI SC,PRODUCT,N,2026-01-30,240.601026
SI Market + Oral,TRx (Adjusted),SIMPONI SC,PRODUCT,N,2026-02-06,290.126371
SI Market + Oral,TRx (Adjusted),SIMPONI SC,PRODUCT,N,2026-02-13,272.703228
SI Market + Oral,TRx (Adjusted),SIMPONI SC,PRODUCT,N,2026-02-20,264.147223
SI Market + Oral,TRx (Adjusted),SIMPONI SC,PRODUCT,N,2026-02-27,273.01436
SI Market + Oral,TRx (Adjusted),SIMPONI SC,PRODUCT,N,2026-03-06,278.2811
SI Market + Oral,TRx (Adjusted),SIMPONI SC,PRODUCT,N,2026-03-13,274.213103
SI Market + Oral,TRx (Adjusted),SIMPONI SC,PRODUCT,N,2026-03-20,270.145107
SI Market + Oral,TRx (Adjusted),SIMPONI SC,PRODUCT,N,2026-03-27,290.786418
SI Market + Oral,TRx (Adjusted),SIMPONI SC,PRODUCT,N,2026-04-03,285.513094
SI Market + Oral,TRx (Adjusted),SIMPONI SC,PRODUCT,N,2026-04-10,274.363766
SI Market + Oral,TRx (Adjusted),SIMPONI SC,PRODUCT,N,2026-04-17,250.40779
SI Market + Oral,TRx (Adjusted),SIMPONI SC,PRODUCT,N,2026-04-24,278.130433
SI Market + Oral,TRx (Adjusted),SIMPONI SC,PRODUCT,N,2026-05-01,298.169084
SI Market + Oral,TRx (Adjusted),SIMPONI SC,PRODUCT,N,2026-05-08,288.827754
SI Market + Oral,TRx (Adjusted),SKYRIZI OBI,PRODUCT,N,2024-05-03,3647.031945
SI Market + Oral,TRx (Adjusted),SKYRIZI OBI,PRODUCT,N,2024-05-10,3778.756738
SI Market + Oral,TRx (Adjusted),SKYRIZI OBI,PRODUCT,N,2024-05-17,3817.263874
SI Market + Oral,TRx (Adjusted),SKYRIZI OBI,PRODUCT,N,2024-05-24,3888.479284
SI Market + Oral,TRx (Adjusted),SKYRIZI OBI,PRODUCT,N,2024-05-31,3393.244113
SI Market + Oral,TRx (Adjusted),SKYRIZI OBI,PRODUCT,N,2024-06-07,4192.717974
SI Market + Oral,TRx (Adjusted),SKYRIZI OBI,PRODUCT,N,2024-06-14,4197.363863
SI Market + Oral,TRx (Adjusted),SKYRIZI OBI,PRODUCT,N,2024-06-21,4164.144401
SI Market + Oral,TRx (Adjusted),SKYRIZI OBI,PRODUCT,N,2024-06-28,4544.009801
SI Market + Oral,TRx (Adjusted),SKYRIZI OBI,PRODUCT,N,2024-07-05,3101.162092
SI Market + Oral,TRx (Adjusted),SKYRIZI OBI,PRODUCT,N,2024-07-12,4831.650897
SI Market + Oral,TRx (Adjusted),SKYRIZI OBI,PRODUCT,N,2024-07-19,4314.856134
SI Market + Oral,TRx (Adjusted),SKYRIZI OBI,PRODUCT,N,2024-07-26,4698.954208
SI Market + Oral,TRx (Adjusted),SKYRIZI OBI,PRODUCT,N,2024-08-02,4486.126407
SI Market + Oral,TRx (Adjusted),SKYRIZI OBI,PRODUCT,N,2024-08-09,4635.080605
SI Market + Oral,TRx (Adjusted),SKYRIZI OBI,PRODUCT,N,2024-08-16,4737.545367
SI Market + Oral,TRx (Adjusted),SKYRIZI OBI,PRODUCT,N,2024-08-23,4752.019156
SI Market + Oral,TRx (Adjusted),SKYRIZI OBI,PRODUCT,N,2024-08-30,5026.316284
SI Market + Oral,TRx (Adjusted),SKYRIZI OBI,PRODUCT,N,2024-09-06,4166.067754
SI Market + Oral,TRx (Adjusted),SKYRIZI OBI,PRODUCT,N,2024-09-13,5178.092486
SI Market + Oral,TRx (Adjusted),SKYRIZI OBI,PRODUCT,N,2024-09-20,5442.904187
SI Market + Oral,TRx (Adjusted),SKYRIZI OBI,PRODUCT,N,2024-09-27,5258.859577
SI Market + Oral,TRx (Adjusted),SKYRIZI OBI,PRODUCT,N,2024-10-04,5312.887942
SI Market + Oral,TRx (Adjusted),SKYRIZI OBI,PRODUCT,N,2024-10-11,5005.074166
SI Market + Oral,TRx (Adjusted),SKYRIZI OBI,PRODUCT,N,2024-10-18,5593.817944
SI Market + Oral,TRx (Adjusted),SKYRIZI OBI,PRODUCT,N,2024-10-25,5415.721818
SI Market + Oral,TRx (Adjusted),SKYRIZI OBI,PRODUCT,N,2024-11-01,6236.43165
SI Market + Oral,TRx (Adjusted),SKYRIZI OBI,PRODUCT,N,2024-11-08,6169.662673
SI Market + Oral,TRx (Adjusted),SKYRIZI OBI,PRODUCT,N,2024-11-15,6293.096318
SI Market + Oral,TRx (Adjusted),SKYRIZI OBI,PRODUCT,N,2024-11-22,6506.893016
SI Market + Oral,TRx (Adjusted),SKYRIZI OBI,PRODUCT,N,2024-11-29,4247.282956
SI Market + Oral,TRx (Adjusted),SKYRIZI OBI,PRODUCT,N,2024-12-06,7279.000155
SI Market + Oral,TRx (Adjusted),SKYRIZI OBI,PRODUCT,N,2024-12-13,7032.02856
SI Market + Oral,TRx (Adjusted),SKYRIZI OBI,PRODUCT,N,2024-12-20,7378.795798
SI Market + Oral,TRx (Adjusted),SKYRIZI OBI,PRODUCT,N,2024-12-27,5331.354059
SI Market + Oral,TRx (Adjusted),SKYRIZI OBI,PRODUCT,N,2025-01-03,5444.309855
SI Market + Oral,TRx (Adjusted),SKYRIZI OBI,PRODUCT,N,2025-01-10,6892.698492
SI Market + Oral,TRx (Adjusted),SKYRIZI OBI,PRODUCT,N,2025-01-17,7282.29939
SI Market + Oral,TRx (Adjusted),SKYRIZI OBI,PRODUCT,N,2025-01-24,5946.65302
SI Market + Oral,TRx (Adjusted),SKYRIZI OBI,PRODUCT,N,2025-01-31,7874.973086
SI Market + Oral,TRx (Adjusted),SKYRIZI OBI,PRODUCT,N,2025-02-07,8035.689594
SI Market + Oral,TRx (Adjusted),SKYRIZI OBI,PRODUCT,N,2025-02-14,7383.62666
SI Market + Oral,TRx (Adjusted),SKYRIZI OBI,PRODUCT,N,2025-02-21,7213.441465
SI Market + Oral,TRx (Adjusted),SKYRIZI OBI,PRODUCT,N,2025-02-28,8121.858636
SI Market + Oral,TRx (Adjusted),SKYRIZI OBI,PRODUCT,N,2025-03-07,8274.555975
SI Market + Oral,TRx (Adjusted),SKYRIZI OBI,PRODUCT,N,2025-03-14,7976.999417
SI Market + Oral,TRx (Adjusted),SKYRIZI OBI,PRODUCT,N,2025-03-21,7842.816505
SI Market + Oral,TRx (Adjusted),SKYRIZI OBI,PRODUCT,N,2025-03-28,8823.561116
SI Market + Oral,TRx (Adjusted),SKYRIZI OBI,PRODUCT,N,2025-04-04,7743.022888
SI Market + Oral,TRx (Adjusted),SKYRIZI OBI,PRODUCT,N,2025-04-11,8901.187287
SI Market + Oral,TRx (Adjusted),SKYRIZI OBI,PRODUCT,N,2025-04-18,8798.264985
SI Market + Oral,TRx (Adjusted),SKYRIZI OBI,PRODUCT,N,2025-04-25,9004.740109
SI Market + Oral,TRx (Adjusted),SKYRIZI OBI,PRODUCT,N,2025-05-02,8937.246857
SI Market + Oral,TRx (Adjusted),SKYRIZI OBI,PRODUCT,N,2025-05-09,9156.221426
SI Market + Oral,TRx (Adjusted),SKYRIZI OBI,PRODUCT,N,2025-05-16,9347.228954
SI Market + Oral,TRx (Adjusted),SKYRIZI OBI,PRODUCT,N,2025-05-23,9913.398266
SI Market + Oral,TRx (Adjusted),SKYRIZI OBI,PRODUCT,N,2025-05-30,8348.473006
SI Market + Oral,TRx (Adjusted),SKYRIZI OBI,PRODUCT,N,2025-06-06,10132.324833
SI Market + Oral,TRx (Adjusted),SKYRIZI OBI,PRODUCT,N,2025-06-13,10235.935033
SI Market + Oral,TRx (Adjusted),SKYRIZI OBI,PRODUCT,N,2025-06-20,10195.241438
SI Market + Oral,TRx (Adjusted),SKYRIZI OBI,PRODUCT,N,2025-06-27,10707.801597
SI Market + Oral,TRx (Adjusted),SKYRIZI OBI,PRODUCT,N,2025-07-04,7931.434513
SI Market + Oral,TRx (Adjusted),SKYRIZI OBI,PRODUCT,N,2025-07-11,10881.761572
SI Market + Oral,TRx (Adjusted),SKYRIZI OBI,PRODUCT,N,2025-07-18,10243.0433
SI Market + Oral,TRx (Adjusted),SKYRIZI OBI,PRODUCT,N,2025-07-25,10420.662731
SI Market + Oral,TRx (Adjusted),SKYRIZI OBI,PRODUCT,N,2025-08-01,10706.947401
SI Market + Oral,TRx (Adjusted),SKYRIZI OBI,PRODUCT,N,2025-08-08,11234.315935
SI Market + Oral,TRx (Adjusted),SKYRIZI OBI,PRODUCT,N,2025-08-15,11358.360179
SI Market + Oral,TRx (Adjusted),SKYRIZI OBI,PRODUCT,N,2025-08-22,10958.493482
SI Market + Oral,TRx (Adjusted),SKYRIZI OBI,PRODUCT,N,2025-08-29,11954.210322
SI Market + Oral,TRx (Adjusted),SKYRIZI OBI,PRODUCT,N,2025-09-05,9228.592169
SI Market + Oral,TRx (Adjusted),SKYRIZI OBI,PRODUCT,N,2025-09-12,11596.990106
SI Market + Oral,TRx (Adjusted),SKYRIZI OBI,PRODUCT,N,2025-09-19,11531.647858
SI Market + Oral,TRx (Adjusted),SKYRIZI OBI,PRODUCT,N,2025-09-26,11785.724342
SI Market + Oral,TRx (Adjusted),SKYRIZI OBI,PRODUCT,N,2025-10-03,11902.367209
SI Market + Oral,TRx (Adjusted),SKYRIZI OBI,PRODUCT,N,2025-10-10,12356.965194
SI Market + Oral,TRx (Adjusted),SKYRIZI OBI,PRODUCT,N,2025-10-17,12302.69331
SI Market + Oral,TRx (Adjusted),SKYRIZI OBI,PRODUCT,N,2025-10-24,11350.074109
SI Market + Oral,TRx (Adjusted),SKYRIZI OBI,PRODUCT,N,2025-10-31,11849.724314
SI Market + Oral,TRx (Adjusted),SKYRIZI OBI,PRODUCT,N,2025-11-07,12667.325297
SI Market + Oral,TRx (Adjusted),SKYRIZI OBI,PRODUCT,N,2025-11-14,12894.785702
SI Market + Oral,TRx (Adjusted),SKYRIZI OBI,PRODUCT,N,2025-11-21,13439.56246
SI Market + Oral,TRx (Adjusted),SKYRIZI OBI,PRODUCT,N,2025-11-28,9009.040067
SI Market + Oral,TRx (Adjusted),SKYRIZI OBI,PRODUCT,N,2025-12-05,14540.233966
SI Market + Oral,TRx (Adjusted),SKYRIZI OBI,PRODUCT,N,2025-12-12,14048.688543
SI Market + Oral,TRx (Adjusted),SKYRIZI OBI,PRODUCT,N,2025-12-19,14088.217675
SI Market + Oral,TRx (Adjusted),SKYRIZI OBI,PRODUCT,N,2025-12-26,9012.060867
SI Market + Oral,TRx (Adjusted),SKYRIZI OBI,PRODUCT,N,2026-01-02,10208.26979
SI Market + Oral,TRx (Adjusted),SKYRIZI OBI,PRODUCT,N,2026-01-09,14624.63893
SI Market + Oral,TRx (Adjusted),SKYRIZI OBI,PRODUCT,N,2026-01-16,13821.318638
SI Market + Oral,TRx (Adjusted),SKYRIZI OBI,PRODUCT,N,2026-01-23,11343.50383
SI Market + Oral,TRx (Adjusted),SKYRIZI OBI,PRODUCT,N,2026-01-30,11344.334429
SI Market + Oral,TRx (Adjusted),SKYRIZI OBI,PRODUCT,N,2026-02-06,14349.084175
SI Market + Oral,TRx (Adjusted),SKYRIZI OBI,PRODUCT,N,2026-02-13,13422.058367
SI Market + Oral,TRx (Adjusted),SKYRIZI OBI,PRODUCT,N,2026-02-20,12981.392786
SI Market + Oral,TRx (Adjusted),SKYRIZI OBI,PRODUCT,N,2026-02-27,12868.212281
SI Market + Oral,TRx (Adjusted),SKYRIZI OBI,PRODUCT,N,2026-03-06,13948.54134
SI Market + Oral,TRx (Adjusted),SKYRIZI OBI,PRODUCT,N,2026-03-13,13459.317433
SI Market + Oral,TRx (Adjusted),SKYRIZI OBI,PRODUCT,N,2026-03-20,13157.615131
SI Market + Oral,TRx (Adjusted),SKYRIZI OBI,PRODUCT,N,2026-03-27,14021.100266
SI Market + Oral,TRx (Adjusted),SKYRIZI OBI,PRODUCT,N,2026-04-03,14380.173252
SI Market + Oral,TRx (Adjusted),SKYRIZI OBI,PRODUCT,N,2026-04-10,13870.010409
SI Market + Oral,TRx (Adjusted),SKYRIZI OBI,PRODUCT,N,2026-04-17,13000.535475
SI Market + Oral,TRx (Adjusted),SKYRIZI OBI,PRODUCT,N,2026-04-24,13603.102089
SI Market + Oral,TRx (Adjusted),SKYRIZI OBI,PRODUCT,N,2026-05-01,14802.651976
SI Market + Oral,TRx (Adjusted),SKYRIZI OBI,PRODUCT,N,2026-05-08,15645.314584
SI Market + Oral,TRx (Adjusted),STELARA BIOSIMILARS TOTAL SQ,PRODUCT,N,2025-01-10,0.0
SI Market + Oral,TRx (Adjusted),STELARA BIOSIMILARS TOTAL SQ,PRODUCT,N,2025-01-17,0.0
SI Market + Oral,TRx (Adjusted),STELARA BIOSIMILARS TOTAL SQ,PRODUCT,N,2025-01-24,10.347628
SI Market + Oral,TRx (Adjusted),STELARA BIOSIMILARS TOTAL SQ,PRODUCT,N,2025-01-31,6.467268
SI Market + Oral,TRx (Adjusted),STELARA BIOSIMILARS TOTAL SQ,PRODUCT,N,2025-02-07,23.974912
SI Market + Oral,TRx (Adjusted),STELARA BIOSIMILARS TOTAL SQ,PRODUCT,N,2025-02-14,26.154449
SI Market + Oral,TRx (Adjusted),STELARA BIOSIMILARS TOTAL SQ,PRODUCT,N,2025-02-21,13.077224
SI Market + Oral,TRx (Adjusted),STELARA BIOSIMILARS TOTAL SQ,PRODUCT,N,2025-02-28,30.513524
SI Market + Oral,TRx (Adjusted),STELARA BIOSIMILARS TOTAL SQ,PRODUCT,N,2025-03-07,33.377079
SI Market + Oral,TRx (Adjusted),STELARA BIOSIMILARS TOTAL SQ,PRODUCT,N,2025-03-14,64.52902
SI Market + Oral,TRx (Adjusted),STELARA BIOSIMILARS TOTAL SQ,PRODUCT,N,2025-03-21,71.204435
SI Market + Oral,TRx (Adjusted),STELARA BIOSIMILARS TOTAL SQ,PRODUCT,N,2025-03-28,64.52902
SI Market + Oral,TRx (Adjusted),STELARA BIOSIMILARS TOTAL SQ,PRODUCT,N,2025-04-04,160.20998
SI Market + Oral,TRx (Adjusted),STELARA BIOSIMILARS TOTAL SQ,PRODUCT,N,2025-04-11,276.736929
SI Market + Oral,TRx (Adjusted),STELARA BIOSIMILARS TOTAL SQ,PRODUCT,N,2025-04-18,386.597318
SI Market + Oral,TRx (Adjusted),STELARA BIOSIMILARS TOTAL SQ,PRODUCT,N,2025-04-25,390.769232
SI Market + Oral,TRx (Adjusted),STELARA BIOSIMILARS TOTAL SQ,PRODUCT,N,2025-05-02,400.503697
SI Market + Oral,TRx (Adjusted),STELARA BIOSIMILARS TOTAL SQ,PRODUCT,N,2025-05-09,519.275577
SI Market + Oral,TRx (Adjusted),STELARA BIOSIMILARS TOTAL SQ,PRODUCT,N,2025-05-16,581.258073
SI Market + Oral,TRx (Adjusted),STELARA BIOSIMILARS TOTAL SQ,PRODUCT,N,2025-05-23,630.84407
SI Market + Oral,TRx (Adjusted),STELARA BIOSIMILARS TOTAL SQ,PRODUCT,N,2025-05-30,574.371129
SI Market + Oral,TRx (Adjusted),STELARA BIOSIMILARS TOTAL SQ,PRODUCT,N,2025-06-06,839.579296
SI Market + Oral,TRx (Adjusted),STELARA BIOSIMILARS TOTAL SQ,PRODUCT,N,2025-06-13,922.037977
SI Market + Oral,TRx (Adjusted),STELARA BIOSIMILARS TOTAL SQ,PRODUCT,N,2025-06-20,1097.45008
SI Market + Oral,TRx (Adjusted),STELARA BIOSIMILARS TOTAL SQ,PRODUCT,N,2025-06-27,1277.359929
SI Market + Oral,TRx (Adjusted),STELARA BIOSIMILARS TOTAL SQ,PRODUCT,N,2025-07-04,1106.445572
SI Market + Oral,TRx (Adjusted),STELARA BIOSIMILARS TOTAL SQ,PRODUCT,N,2025-07-11,1997.791995
SI Market + Oral,TRx (Adjusted),STELARA BIOSIMILARS TOTAL SQ,PRODUCT,N,2025-07-18,2109.597732
SI Market + Oral,TRx (Adjusted),STELARA BIOSIMILARS TOTAL SQ,PRODUCT,N,2025-07-25,2171.385113
SI Market + Oral,TRx (Adjusted),STELARA BIOSIMILARS TOTAL SQ,PRODUCT,N,2025-08-01,2236.114751
SI Market + Oral,TRx (Adjusted),STELARA BIOSIMILARS TOTAL SQ,PRODUCT,N,2025-08-08,2424.148054
SI Market + Oral,TRx (Adjusted),STELARA BIOSIMILARS TOTAL SQ,PRODUCT,N,2025-08-15,2664.832448
SI Market + Oral,TRx (Adjusted),STELARA BIOSIMILARS TOTAL SQ,PRODUCT,N,2025-08-22,2644.38214
SI Market + Oral,TRx (Adjusted),STELARA BIOSIMILARS TOTAL SQ,PRODUCT,N,2025-08-29,2924.39405
SI Market + Oral,TRx (Adjusted),STELARA BIOSIMILARS TOTAL SQ,PRODUCT,N,2025-09-05,2508.313997
SI Market + Oral,TRx (Adjusted),STELARA BIOSIMILARS TOTAL SQ,PRODUCT,N,2025-09-12,3221.87271
SI Market + Oral,TRx (Adjusted),STELARA BIOSIMILARS TOTAL SQ,PRODUCT,N,2025-09-19,3257.550645
SI Market + Oral,TRx (Adjusted),STELARA BIOSIMILARS TOTAL SQ,PRODUCT,N,2025-09-26,3556.935062
SI Market + Oral,TRx (Adjusted),STELARA BIOSIMILARS TOTAL SQ,PRODUCT,N,2025-10-03,3553.832632
SI Market + Oral,TRx (Adjusted),STELARA BIOSIMILARS TOTAL SQ,PRODUCT,N,2025-10-10,3624.318331
SI Market + Oral,TRx (Adjusted),STELARA BIOSIMILARS TOTAL SQ,PRODUCT,N,2025-10-17,3830.519166
SI Market + Oral,TRx (Adjusted),STELARA BIOSIMILARS TOTAL SQ,PRODUCT,N,2025-10-24,3776.335005
SI Market + Oral,TRx (Adjusted),STELARA BIOSIMILARS TOTAL SQ,PRODUCT,N,2025-10-31,3815.468011
SI Market + Oral,TRx (Adjusted),STELARA BIOSIMILARS TOTAL SQ,PRODUCT,N,2025-11-07,4078.305875
SI Market + Oral,TRx (Adjusted),STELARA BIOSIMILARS TOTAL SQ,PRODUCT,N,2025-11-14,4316.546648
SI Market + Oral,TRx (Adjusted),STELARA BIOSIMILARS TOTAL SQ,PRODUCT,N,2025-11-21,4293.036046
SI Market + Oral,TRx (Adjusted),STELARA BIOSIMILARS TOTAL SQ,PRODUCT,N,2025-11-28,3051.676225
SI Market + Oral,TRx (Adjusted),STELARA BIOSIMILARS TOTAL SQ,PRODUCT,N,2025-12-05,4744.53529
SI Market + Oral,TRx (Adjusted),STELARA BIOSIMILARS TOTAL SQ,PRODUCT,N,2025-12-12,4336.613633
SI Market + Oral,TRx (Adjusted),STELARA BIOSIMILARS TOTAL SQ,PRODUCT,N,2025-12-19,4493.159214
SI Market + Oral,TRx (Adjusted),STELARA BIOSIMILARS TOTAL SQ,PRODUCT,N,2025-12-26,3025.544395
SI Market + Oral,TRx (Adjusted),STELARA BIOSIMILARS TOTAL SQ,PRODUCT,N,2026-01-02,3677.315899
SI Market + Oral,TRx (Adjusted),STELARA BIOSIMILARS TOTAL SQ,PRODUCT,N,2026-01-09,5107.886118
SI Market + Oral,TRx (Adjusted),STELARA BIOSIMILARS TOTAL SQ,PRODUCT,N,2026-01-16,4722.761631
SI Market + Oral,TRx (Adjusted),STELARA BIOSIMILARS TOTAL SQ,PRODUCT,N,2026-01-23,4402.080286
SI Market + Oral,TRx (Adjusted),STELARA BIOSIMILARS TOTAL SQ,PRODUCT,N,2026-01-30,5032.702453
SI Market + Oral,TRx (Adjusted),STELARA BIOSIMILARS TOTAL SQ,PRODUCT,N,2026-02-06,5576.152168
SI Market + Oral,TRx (Adjusted),STELARA BIOSIMILARS TOTAL SQ,PRODUCT,N,2026-02-13,5820.185085
SI Market + Oral,TRx (Adjusted),STELARA BIOSIMILARS TOTAL SQ,PRODUCT,N,2026-02-20,5606.656282
SI Market + Oral,TRx (Adjusted),STELARA BIOSIMILARS TOTAL SQ,PRODUCT,N,2026-02-27,6019.987103
SI Market + Oral,TRx (Adjusted),STELARA BIOSIMILARS TOTAL SQ,PRODUCT,N,2026-03-06,6270.906539
SI Market + Oral,TRx (Adjusted),STELARA BIOSIMILARS TOTAL SQ,PRODUCT,N,2026-03-13,6080.413466
SI Market + Oral,TRx (Adjusted),STELARA BIOSIMILARS TOTAL SQ,PRODUCT,N,2026-03-20,6232.500693
SI Market + Oral,TRx (Adjusted),STELARA BIOSIMILARS TOTAL SQ,PRODUCT,N,2026-03-27,6237.109395
SI Market + Oral,TRx (Adjusted),STELARA BIOSIMILARS TOTAL SQ,PRODUCT,N,2026-04-03,6624.240412
SI Market + Oral,TRx (Adjusted),STELARA BIOSIMILARS TOTAL SQ,PRODUCT,N,2026-04-10,6767.11007
SI Market + Oral,TRx (Adjusted),STELARA BIOSIMILARS TOTAL SQ,PRODUCT,N,2026-04-17,6552.037332
SI Market + Oral,TRx (Adjusted),STELARA BIOSIMILARS TOTAL SQ,PRODUCT,N,2026-04-24,6608.877984
SI Market + Oral,TRx (Adjusted),STELARA BIOSIMILARS TOTAL SQ,PRODUCT,N,2026-05-01,6949.921897
SI Market + Oral,TRx (Adjusted),STELARA BIOSIMILARS TOTAL SQ,PRODUCT,N,2026-05-08,6493.660446
SI Market + Oral,TRx (Adjusted),STELARA SQ,PRODUCT,N,2024-05-03,17017.982512
SI Market + Oral,TRx (Adjusted),STELARA SQ,PRODUCT,N,2024-05-10,17202.180336
SI Market + Oral,TRx (Adjusted),STELARA SQ,PRODUCT,N,2024-05-17,17674.864448
SI Market + Oral,TRx (Adjusted),STELARA SQ,PRODUCT,N,2024-05-24,17827.911165
SI Market + Oral,TRx (Adjusted),STELARA SQ,PRODUCT,N,2024-05-31,14694.959019
SI Market + Oral,TRx (Adjusted),STELARA SQ,PRODUCT,N,2024-06-07,18499.604836
SI Market + Oral,TRx (Adjusted),STELARA SQ,PRODUCT,N,2024-06-14,17144.342052
SI Market + Oral,TRx (Adjusted),STELARA SQ,PRODUCT,N,2024-06-21,17412.18055
SI Market + Oral,TRx (Adjusted),STELARA SQ,PRODUCT,N,2024-06-28,17420.215705
SI Market + Oral,TRx (Adjusted),STELARA SQ,PRODUCT,N,2024-07-05,12222.910428
SI Market + Oral,TRx (Adjusted),STELARA SQ,PRODUCT,N,2024-07-12,18819.749652
SI Market + Oral,TRx (Adjusted),STELARA SQ,PRODUCT,N,2024-07-19,17059.990897
SI Market + Oral,TRx (Adjusted),STELARA SQ,PRODUCT,N,2024-07-26,16807.307593
SI Market + Oral,TRx (Adjusted),STELARA SQ,PRODUCT,N,2024-08-02,16819.855257
SI Market + Oral,TRx (Adjusted),STELARA SQ,PRODUCT,N,2024-08-09,17006.250116
SI Market + Oral,TRx (Adjusted),STELARA SQ,PRODUCT,N,2024-08-16,16925.435563
SI Market + Oral,TRx (Adjusted),STELARA SQ,PRODUCT,N,2024-08-23,16762.502988
SI Market + Oral,TRx (Adjusted),STELARA SQ,PRODUCT,N,2024-08-30,17452.435002
SI Market + Oral,TRx (Adjusted),STELARA SQ,PRODUCT,N,2024-09-06,15216.847293
SI Market + Oral,TRx (Adjusted),STELARA SQ,PRODUCT,N,2024-09-13,17866.138066
SI Market + Oral,TRx (Adjusted),STELARA SQ,PRODUCT,N,2024-09-20,17370.224779
SI Market + Oral,TRx (Adjusted),STELARA SQ,PRODUCT,N,2024-09-27,17345.031323
SI Market + Oral,TRx (Adjusted),STELARA SQ,PRODUCT,N,2024-10-04,17265.535992
SI Market + Oral,TRx (Adjusted),STELARA SQ,PRODUCT,N,2024-10-11,16467.213056
SI Market + Oral,TRx (Adjusted),STELARA SQ,PRODUCT,N,2024-10-18,17460.856386
SI Market + Oral,TRx (Adjusted),STELARA SQ,PRODUCT,N,2024-10-25,16762.159955
SI Market + Oral,TRx (Adjusted),STELARA SQ,PRODUCT,N,2024-11-01,17977.767879
SI Market + Oral,TRx (Adjusted),STELARA SQ,PRODUCT,N,2024-11-08,18193.781911
SI Market + Oral,TRx (Adjusted),STELARA SQ,PRODUCT,N,2024-11-15,17929.164724
SI Market + Oral,TRx (Adjusted),STELARA SQ,PRODUCT,N,2024-11-22,18178.930949
SI Market + Oral,TRx (Adjusted),STELARA SQ,PRODUCT,N,2024-11-29,13422.571963
SI Market + Oral,TRx (Adjusted),STELARA SQ,PRODUCT,N,2024-12-06,19185.087876
SI Market + Oral,TRx (Adjusted),STELARA SQ,PRODUCT,N,2024-12-13,18271.819823
SI Market + Oral,TRx (Adjusted),STELARA SQ,PRODUCT,N,2024-12-20,18335.115627
SI Market + Oral,TRx (Adjusted),STELARA SQ,PRODUCT,N,2024-12-27,13405.79329
SI Market + Oral,TRx (Adjusted),STELARA SQ,PRODUCT,N,2025-01-03,13966.413284
SI Market + Oral,TRx (Adjusted),STELARA SQ,PRODUCT,N,2025-01-10,16956.679468
SI Market + Oral,TRx (Adjusted),STELARA SQ,PRODUCT,N,2025-01-17,17803.058727
SI Market + Oral,TRx (Adjusted),STELARA SQ,PRODUCT,N,2025-01-24,14736.256383
SI Market + Oral,TRx (Adjusted),STELARA SQ,PRODUCT,N,2025-01-31,17974.979514
SI Market + Oral,TRx (Adjusted),STELARA SQ,PRODUCT,N,2025-02-07,17537.057239
SI Market + Oral,TRx (Adjusted),STELARA SQ,PRODUCT,N,2025-02-14,17197.683083
SI Market + Oral,TRx (Adjusted),STELARA SQ,PRODUCT,N,2025-02-21,15889.252606
SI Market + Oral,TRx (Adjusted),STELARA SQ,PRODUCT,N,2025-02-28,17715.603481
SI Market + Oral,TRx (Adjusted),STELARA SQ,PRODUCT,N,2025-03-07,17941.509357
SI Market + Oral,TRx (Adjusted),STELARA SQ,PRODUCT,N,2025-03-14,17297.336446
SI Market + Oral,TRx (Adjusted),STELARA SQ,PRODUCT,N,2025-03-21,16643.630321
SI Market + Oral,TRx (Adjusted),STELARA SQ,PRODUCT,N,2025-03-28,17488.000732
SI Market + Oral,TRx (Adjusted),STELARA SQ,PRODUCT,N,2025-04-04,15860.544858
SI Market + Oral,TRx (Adjusted),STELARA SQ,PRODUCT,N,2025-04-11,17601.135358
SI Market + Oral,TRx (Adjusted),STELARA SQ,PRODUCT,N,2025-04-18,16633.277103
SI Market + Oral,TRx (Adjusted),STELARA SQ,PRODUCT,N,2025-04-25,16740.816907
SI Market + Oral,TRx (Adjusted),STELARA SQ,PRODUCT,N,2025-05-02,16607.413097
SI Market + Oral,TRx (Adjusted),STELARA SQ,PRODUCT,N,2025-05-09,16545.448543
SI Market + Oral,TRx (Adjusted),STELARA SQ,PRODUCT,N,2025-05-16,16029.742661
SI Market + Oral,TRx (Adjusted),STELARA SQ,PRODUCT,N,2025-05-23,17191.117838
SI Market + Oral,TRx (Adjusted),STELARA SQ,PRODUCT,N,2025-05-30,13668.279792
SI Market + Oral,TRx (Adjusted),STELARA SQ,PRODUCT,N,2025-06-06,16046.255715
SI Market + Oral,TRx (Adjusted),STELARA SQ,PRODUCT,N,2025-06-13,15153.805454
SI Market + Oral,TRx (Adjusted),STELARA SQ,PRODUCT,N,2025-06-20,15053.576422
SI Market + Oral,TRx (Adjusted),STELARA SQ,PRODUCT,N,2025-06-27,15413.30253
SI Market + Oral,TRx (Adjusted),STELARA SQ,PRODUCT,N,2025-07-04,11240.754302
SI Market + Oral,TRx (Adjusted),STELARA SQ,PRODUCT,N,2025-07-11,14970.922149
SI Market + Oral,TRx (Adjusted),STELARA SQ,PRODUCT,N,2025-07-18,13786.41268
SI Market + Oral,TRx (Adjusted),STELARA SQ,PRODUCT,N,2025-07-25,13564.230365
SI Market + Oral,TRx (Adjusted),STELARA SQ,PRODUCT,N,2025-08-01,13885.006083
SI Market + Oral,TRx (Adjusted),STELARA SQ,PRODUCT,N,2025-08-08,13976.52364
SI Market + Oral,TRx (Adjusted),STELARA SQ,PRODUCT,N,2025-08-15,13310.906439
SI Market + Oral,TRx (Adjusted),STELARA SQ,PRODUCT,N,2025-08-22,13205.960324
SI Market + Oral,TRx (Adjusted),STELARA SQ,PRODUCT,N,2025-08-29,13444.604926
SI Market + Oral,TRx (Adjusted),STELARA SQ,PRODUCT,N,2025-09-05,10860.621378
SI Market + Oral,TRx (Adjusted),STELARA SQ,PRODUCT,N,2025-09-12,12119.012834
SI Market + Oral,TRx (Adjusted),STELARA SQ,PRODUCT,N,2025-09-19,12127.622125
SI Market + Oral,TRx (Adjusted),STELARA SQ,PRODUCT,N,2025-09-26,12167.798818
SI Market + Oral,TRx (Adjusted),STELARA SQ,PRODUCT,N,2025-10-03,11575.192583
SI Market + Oral,TRx (Adjusted),STELARA SQ,PRODUCT,N,2025-10-10,11415.43247
SI Market + Oral,TRx (Adjusted),STELARA SQ,PRODUCT,N,2025-10-17,11606.029163
SI Market + Oral,TRx (Adjusted),STELARA SQ,PRODUCT,N,2025-10-24,11341.230703
SI Market + Oral,TRx (Adjusted),STELARA SQ,PRODUCT,N,2025-10-31,10986.226178
SI Market + Oral,TRx (Adjusted),STELARA SQ,PRODUCT,N,2025-11-07,11509.835466
SI Market + Oral,TRx (Adjusted),STELARA SQ,PRODUCT,N,2025-11-14,11340.837103
SI Market + Oral,TRx (Adjusted),STELARA SQ,PRODUCT,N,2025-11-21,11931.583595
SI Market + Oral,TRx (Adjusted),STELARA SQ,PRODUCT,N,2025-11-28,8016.205575
SI Market + Oral,TRx (Adjusted),STELARA SQ,PRODUCT,N,2025-12-05,12577.577661
SI Market + Oral,TRx (Adjusted),STELARA SQ,PRODUCT,N,2025-12-12,11609.171472
SI Market + Oral,TRx (Adjusted),STELARA SQ,PRODUCT,N,2025-12-19,12043.637695
SI Market + Oral,TRx (Adjusted),STELARA SQ,PRODUCT,N,2025-12-26,7998.859578
SI Market + Oral,TRx (Adjusted),STELARA SQ,PRODUCT,N,2026-01-02,8475.748427
SI Market + Oral,TRx (Adjusted),STELARA SQ,PRODUCT,N,2026-01-09,11493.184865
SI Market + Oral,TRx (Adjusted),STELARA SQ,PRODUCT,N,2026-01-16,10147.771156
SI Market + Oral,TRx (Adjusted),STELARA SQ,PRODUCT,N,2026-01-23,7922.121702
SI Market + Oral,TRx (Adjusted),STELARA SQ,PRODUCT,N,2026-01-30,7248.63172
SI Market + Oral,TRx (Adjusted),STELARA SQ,PRODUCT,N,2026-02-06,9164.633567
SI Market + Oral,TRx (Adjusted),STELARA SQ,PRODUCT,N,2026-02-13,8312.782324
SI Market + Oral,TRx (Adjusted),STELARA SQ,PRODUCT,N,2026-02-20,8301.531459
SI Market + Oral,TRx (Adjusted),STELARA SQ,PRODUCT,N,2026-02-27,7859.533173
SI Market + Oral,TRx (Adjusted),STELARA SQ,PRODUCT,N,2026-03-06,7692.515283
SI Market + Oral,TRx (Adjusted),STELARA SQ,PRODUCT,N,2026-03-13,7386.554147
SI Market + Oral,TRx (Adjusted),STELARA SQ,PRODUCT,N,2026-03-20,6962.557242
SI Market + Oral,TRx (Adjusted),STELARA SQ,PRODUCT,N,2026-03-27,7367.916921
SI Market + Oral,TRx (Adjusted),STELARA SQ,PRODUCT,N,2026-04-03,7840.059996
SI Market + Oral,TRx (Adjusted),STELARA SQ,PRODUCT,N,2026-04-10,6578.940994
SI Market + Oral,TRx (Adjusted),STELARA SQ,PRODUCT,N,2026-04-17,6036.908319
SI Market + Oral,TRx (Adjusted),STELARA SQ,PRODUCT,N,2026-04-24,6563.409974
SI Market + Oral,TRx (Adjusted),STELARA SQ,PRODUCT,N,2026-05-01,7108.54885
SI Market + Oral,TRx (Adjusted),STELARA SQ,PRODUCT,N,2026-05-08,7512.355426
SI Market + Oral,TRx (Adjusted),TREMFYA,PRODUCT,N,2024-05-03,7.902955
SI Market + Oral,TRx (Adjusted),TREMFYA,PRODUCT,N,2024-05-10,8.175266
SI Market + Oral,TRx (Adjusted),TREMFYA,PRODUCT,N,2024-05-17,8.41688
SI Market + Oral,TRx (Adjusted),TREMFYA,PRODUCT,N,2024-05-24,8.41886
SI Market + Oral,TRx (Adjusted),TREMFYA,PRODUCT,N,2024-05-31,6.523012
SI Market + Oral,TRx (Adjusted),TREMFYA,PRODUCT,N,2024-06-07,8.301509
SI Market + Oral,TRx (Adjusted),TREMFYA,PRODUCT,N,2024-06-14,8.201312
SI Market + Oral,TRx (Adjusted),TREMFYA,PRODUCT,N,2024-06-21,7.644662
SI Market + Oral,TRx (Adjusted),TREMFYA,PRODUCT,N,2024-06-28,7.885877
SI Market + Oral,TRx (Adjusted),TREMFYA,PRODUCT,N,2024-07-05,5.432635
SI Market + Oral,TRx (Adjusted),TREMFYA,PRODUCT,N,2024-07-12,9.034034
SI Market + Oral,TRx (Adjusted),TREMFYA,PRODUCT,N,2024-07-19,8.102223
SI Market + Oral,TRx (Adjusted),TREMFYA,PRODUCT,N,2024-07-26,7.966199
SI Market + Oral,TRx (Adjusted),TREMFYA,PRODUCT,N,2024-08-02,7.70258
SI Market + Oral,TRx (Adjusted),TREMFYA,PRODUCT,N,2024-08-09,7.267613
SI Market + Oral,TRx (Adjusted),TREMFYA,PRODUCT,N,2024-08-16,7.472754
SI Market + Oral,TRx (Adjusted),TREMFYA,PRODUCT,N,2024-08-23,7.215689
SI Market + Oral,TRx (Adjusted),TREMFYA,PRODUCT,N,2024-08-30,7.79988
SI Market + Oral,TRx (Adjusted),TREMFYA,PRODUCT,N,2024-09-06,6.935442
SI Market + Oral,TRx (Adjusted),TREMFYA,PRODUCT,N,2024-09-13,8.329055
SI Market + Oral,TRx (Adjusted),TREMFYA,PRODUCT,N,2024-09-20,8.233006
SI Market + Oral,TRx (Adjusted),TREMFYA,PRODUCT,N,2024-09-27,8.0989
SI Market + Oral,TRx (Adjusted),TREMFYA,PRODUCT,N,2024-10-04,8.294688
SI Market + Oral,TRx (Adjusted),TREMFYA,PRODUCT,N,2024-10-11,7.5571
SI Market + Oral,TRx (Adjusted),TREMFYA,PRODUCT,N,2024-10-18,8.32656
SI Market + Oral,TRx (Adjusted),TREMFYA,PRODUCT,N,2024-10-25,7.789303
SI Market + Oral,TRx (Adjusted),TREMFYA,PRODUCT,N,2024-11-01,9.58353
SI Market + Oral,TRx (Adjusted),TREMFYA,PRODUCT,N,2024-11-08,9.727436
SI Market + Oral,TRx (Adjusted),TREMFYA,PRODUCT,N,2024-11-15,13.027635
SI Market + Oral,TRx (Adjusted),TREMFYA,PRODUCT,N,2024-11-22,13.02346
SI Market + Oral,TRx (Adjusted),TREMFYA,PRODUCT,N,2024-11-29,7.783201
SI Market + Oral,TRx (Adjusted),TREMFYA,PRODUCT,N,2024-12-06,12.477426
SI Market + Oral,TRx (Adjusted),TREMFYA,PRODUCT,N,2024-12-13,23.004282
SI Market + Oral,TRx (Adjusted),TREMFYA,PRODUCT,N,2024-12-20,13.101295
SI Market + Oral,TRx (Adjusted),TREMFYA,PRODUCT,N,2024-12-27,19.257105
SI Market + Oral,TRx (Adjusted),TREMFYA,PRODUCT,N,2025-01-03,23.422092
SI Market + Oral,TRx (Adjusted),TREMFYA,PRODUCT,N,2025-01-10,31.322823
SI Market + Oral,TRx (Adjusted),TREMFYA,PRODUCT,N,2025-01-17,35.382713
SI Market + Oral,TRx (Adjusted),TREMFYA,PRODUCT,N,2025-01-24,36.816169
SI Market + Oral,TRx (Adjusted),TREMFYA,PRODUCT,N,2025-01-31,64.751705
SI Market + Oral,TRx (Adjusted),TREMFYA,PRODUCT,N,2025-02-07,66.154863
SI Market + Oral,TRx (Adjusted),TREMFYA,PRODUCT,N,2025-02-14,70.133157
SI Market + Oral,TRx (Adjusted),TREMFYA,PRODUCT,N,2025-02-21,93.833769
SI Market + Oral,TRx (Adjusted),TREMFYA,PRODUCT,N,2025-02-28,102.823782
SI Market + Oral,TRx (Adjusted),TREMFYA,PRODUCT,N,2025-03-07,151.305684
SI Market + Oral,TRx (Adjusted),TREMFYA,PRODUCT,N,2025-03-14,145.673915
SI Market + Oral,TRx (Adjusted),TREMFYA,PRODUCT,N,2025-03-21,158.460705
SI Market + Oral,TRx (Adjusted),TREMFYA,PRODUCT,N,2025-03-28,170.655591
SI Market + Oral,TRx (Adjusted),TREMFYA,PRODUCT,N,2025-04-04,167.895444
SI Market + Oral,TRx (Adjusted),TREMFYA,PRODUCT,N,2025-04-11,242.347498
SI Market + Oral,TRx (Adjusted),TREMFYA,PRODUCT,N,2025-04-18,231.577293
SI Market + Oral,TRx (Adjusted),TREMFYA,PRODUCT,N,2025-04-25,321.385108
SI Market + Oral,TRx (Adjusted),TREMFYA,PRODUCT,N,2025-05-02,324.541536
SI Market + Oral,TRx (Adjusted),TREMFYA,PRODUCT,N,2025-05-09,392.586964
SI Market + Oral,TRx (Adjusted),TREMFYA,PRODUCT,N,2025-05-16,442.346077
SI Market + Oral,TRx (Adjusted),TREMFYA,PRODUCT,N,2025-05-23,563.294274
SI Market + Oral,TRx (Adjusted),TREMFYA,PRODUCT,N,2025-05-30,458.937088
SI Market + Oral,TRx (Adjusted),TREMFYA,PRODUCT,N,2025-06-06,688.04445
SI Market + Oral,TRx (Adjusted),TREMFYA,PRODUCT,N,2025-06-13,745.396037
SI Market + Oral,TRx (Adjusted),TREMFYA,PRODUCT,N,2025-06-20,844.320536
SI Market + Oral,TRx (Adjusted),TREMFYA,PRODUCT,N,2025-06-27,1003.850495
SI Market + Oral,TRx (Adjusted),TREMFYA,PRODUCT,N,2025-07-04,739.665383
SI Market + Oral,TRx (Adjusted),TREMFYA,PRODUCT,N,2025-07-11,1258.761847
SI Market + Oral,TRx (Adjusted),TREMFYA,PRODUCT,N,2025-07-18,1217.651311
SI Market + Oral,TRx (Adjusted),TREMFYA,PRODUCT,N,2025-07-25,1326.756235
SI Market + Oral,TRx (Adjusted),TREMFYA,PRODUCT,N,2025-08-01,1403.882064
SI Market + Oral,TRx (Adjusted),TREMFYA,PRODUCT,N,2025-08-08,1575.085765
SI Market + Oral,TRx (Adjusted),TREMFYA,PRODUCT,N,2025-08-15,1701.362543
SI Market + Oral,TRx (Adjusted),TREMFYA,PRODUCT,N,2025-08-22,1845.625284
SI Market + Oral,TRx (Adjusted),TREMFYA,PRODUCT,N,2025-08-29,1953.617613
SI Market + Oral,TRx (Adjusted),TREMFYA,PRODUCT,N,2025-09-05,1665.114828
SI Market + Oral,TRx (Adjusted),TREMFYA,PRODUCT,N,2025-09-12,2129.491957
SI Market + Oral,TRx (Adjusted),TREMFYA,PRODUCT,N,2025-09-19,2265.221082
SI Market + Oral,TRx (Adjusted),TREMFYA,PRODUCT,N,2025-09-26,2210.332871
SI Market + Oral,TRx (Adjusted),TREMFYA,PRODUCT,N,2025-10-03,2417.093045
SI Market + Oral,TRx (Adjusted),TREMFYA,PRODUCT,N,2025-10-10,2432.11626
SI Market + Oral,TRx (Adjusted),TREMFYA,PRODUCT,N,2025-10-17,2708.827781
SI Market + Oral,TRx (Adjusted),TREMFYA,PRODUCT,N,2025-10-24,2729.903495
SI Market + Oral,TRx (Adjusted),TREMFYA,PRODUCT,N,2025-10-31,2839.729406
SI Market + Oral,TRx (Adjusted),TREMFYA,PRODUCT,N,2025-11-07,3152.116202
SI Market + Oral,TRx (Adjusted),TREMFYA,PRODUCT,N,2025-11-14,3391.492537
SI Market + Oral,TRx (Adjusted),TREMFYA,PRODUCT,N,2025-11-21,3603.758545
SI Market + Oral,TRx (Adjusted),TREMFYA,PRODUCT,N,2025-11-28,2553.997868
SI Market + Oral,TRx (Adjusted),TREMFYA,PRODUCT,N,2025-12-05,4077.279825
SI Market + Oral,TRx (Adjusted),TREMFYA,PRODUCT,N,2025-12-12,4109.680225
SI Market + Oral,TRx (Adjusted),TREMFYA,PRODUCT,N,2025-12-19,4292.248096
SI Market + Oral,TRx (Adjusted),TREMFYA,PRODUCT,N,2025-12-26,2866.627269
SI Market + Oral,TRx (Adjusted),TREMFYA,PRODUCT,N,2026-01-02,3335.062002
SI Market + Oral,TRx (Adjusted),TREMFYA,PRODUCT,N,2026-01-09,4875.285165
SI Market + Oral,TRx (Adjusted),TREMFYA,PRODUCT,N,2026-01-16,4610.991551
SI Market + Oral,TRx (Adjusted),TREMFYA,PRODUCT,N,2026-01-23,3723.167928
SI Market + Oral,TRx (Adjusted),TREMFYA,PRODUCT,N,2026-01-30,3780.408939
SI Market + Oral,TRx (Adjusted),TREMFYA,PRODUCT,N,2026-02-06,5300.642266
SI Market + Oral,TRx (Adjusted),TREMFYA,PRODUCT,N,2026-02-13,5158.790616
SI Market + Oral,TRx (Adjusted),TREMFYA,PRODUCT,N,2026-02-20,4776.334406
SI Market + Oral,TRx (Adjusted),TREMFYA,PRODUCT,N,2026-02-27,5107.848109
SI Market + Oral,TRx (Adjusted),TREMFYA,PRODUCT,N,2026-03-06,5652.528766
SI Market + Oral,TRx (Adjusted),TREMFYA,PRODUCT,N,2026-03-13,5478.537265
SI Market + Oral,TRx (Adjusted),TREMFYA,PRODUCT,N,2026-03-20,5402.959669
SI Market + Oral,TRx (Adjusted),TREMFYA,PRODUCT,N,2026-03-27,6165.33383
SI Market + Oral,TRx (Adjusted),TREMFYA,PRODUCT,N,2026-04-03,6122.136554
SI Market + Oral,TRx (Adjusted),TREMFYA,PRODUCT,N,2026-04-10,5774.691383
SI Market + Oral,TRx (Adjusted),TREMFYA,PRODUCT,N,2026-04-17,5833.978151
SI Market + Oral,TRx (Adjusted),TREMFYA,PRODUCT,N,2026-04-24,6261.36082
SI Market + Oral,TRx (Adjusted),TREMFYA,PRODUCT,N,2026-05-01,6812.441799
SI Market + Oral,TRx (Adjusted),TREMFYA,PRODUCT,N,2026-05-08,7026.073408
SI Market + Oral,TRx (Adjusted),VELSIPITY,PRODUCT,N,2024-05-03,27.778397
SI Market + Oral,TRx (Adjusted),VELSIPITY,PRODUCT,N,2024-05-10,25.794226
SI Market + Oral,TRx (Adjusted),VELSIPITY,PRODUCT,N,2024-05-17,28.770483
SI Market + Oral,TRx (Adjusted),VELSIPITY,PRODUCT,N,2024-05-24,26.786312
SI Market + Oral,TRx (Adjusted),VELSIPITY,PRODUCT,N,2024-05-31,23.229462
SI Market + Oral,TRx (Adjusted),VELSIPITY,PRODUCT,N,2024-06-07,26.259392
SI Market + Oral,TRx (Adjusted),VELSIPITY,PRODUCT,N,2024-06-14,29.289321
SI Market + Oral,TRx (Adjusted),VELSIPITY,PRODUCT,N,2024-06-21,36.359158
SI Market + Oral,TRx (Adjusted),VELSIPITY,PRODUCT,N,2024-06-28,38.379111
SI Market + Oral,TRx (Adjusted),VELSIPITY,PRODUCT,N,2024-07-05,21.320245
SI Market + Oral,TRx (Adjusted),VELSIPITY,PRODUCT,N,2024-07-12,36.548992
SI Market + Oral,TRx (Adjusted),VELSIPITY,PRODUCT,N,2024-07-19,42.640491
SI Market + Oral,TRx (Adjusted),VELSIPITY,PRODUCT,N,2024-07-26,50.762489
SI Market + Oral,TRx (Adjusted),VELSIPITY,PRODUCT,N,2024-08-02,47.850351
SI Market + Oral,TRx (Adjusted),VELSIPITY,PRODUCT,N,2024-08-09,45.814166
SI Market + Oral,TRx (Adjusted),VELSIPITY,PRODUCT,N,2024-08-16,57.013184
SI Market + Oral,TRx (Adjusted),VELSIPITY,PRODUCT,N,2024-08-23,59.049369
SI Market + Oral,TRx (Adjusted),VELSIPITY,PRODUCT,N,2024-08-30,75.433634
SI Market + Oral,TRx (Adjusted),VELSIPITY,PRODUCT,N,2024-09-06,50.633535
SI Market + Oral,TRx (Adjusted),VELSIPITY,PRODUCT,N,2024-09-13,63.033585
SI Market + Oral,TRx (Adjusted),VELSIPITY,PRODUCT,N,2024-09-20,69.233609
SI Market + Oral,TRx (Adjusted),VELSIPITY,PRODUCT,N,2024-09-27,69.233609
SI Market + Oral,TRx (Adjusted),VELSIPITY,PRODUCT,N,2024-10-04,73.326816
SI Market + Oral,TRx (Adjusted),VELSIPITY,PRODUCT,N,2024-10-11,62.124108
SI Market + Oral,TRx (Adjusted),VELSIPITY,PRODUCT,N,2024-10-18,64.160964
SI Market + Oral,TRx (Adjusted),VELSIPITY,PRODUCT,N,2024-10-25,69.253104
SI Market + Oral,TRx (Adjusted),VELSIPITY,PRODUCT,N,2024-11-01,84.21336
SI Market + Oral,TRx (Adjusted),VELSIPITY,PRODUCT,N,2024-11-08,87.371361
SI Market + Oral,TRx (Adjusted),VELSIPITY,PRODUCT,N,2024-11-15,91.582029
SI Market + Oral,TRx (Adjusted),VELSIPITY,PRODUCT,N,2024-11-22,81.055359
SI Market + Oral,TRx (Adjusted),VELSIPITY,PRODUCT,N,2024-11-29,85.266027
SI Market + Oral,TRx (Adjusted),VELSIPITY,PRODUCT,N,2024-12-06,103.978392
SI Market + Oral,TRx (Adjusted),VELSIPITY,PRODUCT,N,2024-12-13,101.856384
SI Market + Oral,TRx (Adjusted),VELSIPITY,PRODUCT,N,2024-12-20,101.856384
SI Market + Oral,TRx (Adjusted),VELSIPITY,PRODUCT,N,2024-12-27,103.978392
SI Market + Oral,TRx (Adjusted),VELSIPITY,PRODUCT,N,2025-01-03,79.5753
SI Market + Oral,TRx (Adjusted),VELSIPITY,PRODUCT,N,2025-01-10,105.481134
SI Market + Oral,TRx (Adjusted),VELSIPITY,PRODUCT,N,2025-01-17,125.724988
SI Market + Oral,TRx (Adjusted),VELSIPITY,PRODUCT,N,2025-01-24,120.397658
SI Market + Oral,TRx (Adjusted),VELSIPITY,PRODUCT,N,2025-01-31,152.361638
SI Market + Oral,TRx (Adjusted),VELSIPITY,PRODUCT,N,2025-02-07,123.599044
SI Market + Oral,TRx (Adjusted),VELSIPITY,PRODUCT,N,2025-02-14,135.319643
SI Market + Oral,TRx (Adjusted),VELSIPITY,PRODUCT,N,2025-02-21,169.415931
SI Market + Oral,TRx (Adjusted),VELSIPITY,PRODUCT,N,2025-02-28,145.974733
SI Market + Oral,TRx (Adjusted),VELSIPITY,PRODUCT,N,2025-03-07,155.548638
SI Market + Oral,TRx (Adjusted),VELSIPITY,PRODUCT,N,2025-03-14,175.653564
SI Market + Oral,TRx (Adjusted),VELSIPITY,PRODUCT,N,2025-03-21,193.642182
SI Market + Oral,TRx (Adjusted),VELSIPITY,PRODUCT,N,2025-03-28,167.188332
SI Market + Oral,TRx (Adjusted),VELSIPITY,PRODUCT,N,2025-04-04,176.711718
SI Market + Oral,TRx (Adjusted),VELSIPITY,PRODUCT,N,2025-04-11,199.537936
SI Market + Oral,TRx (Adjusted),VELSIPITY,PRODUCT,N,2025-04-18,208.028912
SI Market + Oral,TRx (Adjusted),VELSIPITY,PRODUCT,N,2025-04-25,182.555984
SI Market + Oral,TRx (Adjusted),VELSIPITY,PRODUCT,N,2025-05-02,211.213028
SI Market + Oral,TRx (Adjusted),VELSIPITY,PRODUCT,N,2025-05-09,203.757618
SI Market + Oral,TRx (Adjusted),VELSIPITY,PRODUCT,N,2025-05-16,239.467716
SI Market + Oral,TRx (Adjusted),VELSIPITY,PRODUCT,N,2025-05-23,214.260588
SI Market + Oral,TRx (Adjusted),VELSIPITY,PRODUCT,N,2025-05-30,179.600787
SI Market + Oral,TRx (Adjusted),VELSIPITY,PRODUCT,N,2025-06-06,288.347038
SI Market + Oral,TRx (Adjusted),VELSIPITY,PRODUCT,N,2025-06-13,224.974063
SI Market + Oral,TRx (Adjusted),VELSIPITY,PRODUCT,N,2025-06-20,240.817307
SI Market + Oral,TRx (Adjusted),VELSIPITY,PRODUCT,N,2025-06-27,220.749198
SI Market + Oral,TRx (Adjusted),VELSIPITY,PRODUCT,N,2025-07-04,238.704874
SI Market + Oral,TRx (Adjusted),VELSIPITY,PRODUCT,N,2025-07-11,242.320887
SI Market + Oral,TRx (Adjusted),VELSIPITY,PRODUCT,N,2025-07-18,223.356644
SI Market + Oral,TRx (Adjusted),VELSIPITY,PRODUCT,N,2025-07-25,272.874391
SI Market + Oral,TRx (Adjusted),VELSIPITY,PRODUCT,N,2025-08-01,274.981529
SI Market + Oral,TRx (Adjusted),VELSIPITY,PRODUCT,N,2025-08-08,245.717136
SI Market + Oral,TRx (Adjusted),VELSIPITY,PRODUCT,N,2025-08-15,277.354536
SI Market + Oral,TRx (Adjusted),VELSIPITY,PRODUCT,N,2025-08-22,258.372096
SI Market + Oral,TRx (Adjusted),VELSIPITY,PRODUCT,N,2025-08-29,284.736596
SI Market + Oral,TRx (Adjusted),VELSIPITY,PRODUCT,N,2025-09-05,263.500259
SI Market + Oral,TRx (Adjusted),VELSIPITY,PRODUCT,N,2025-09-12,268.749268
SI Market + Oral,TRx (Adjusted),VELSIPITY,PRODUCT,N,2025-09-19,265.599862
SI Market + Oral,TRx (Adjusted),VELSIPITY,PRODUCT,N,2025-09-26,294.994313
SI Market + Oral,TRx (Adjusted),VELSIPITY,PRODUCT,N,2025-10-03,304.44253
SI Market + Oral,TRx (Adjusted),VELSIPITY,PRODUCT,N,2025-10-10,293.962646
SI Market + Oral,TRx (Adjusted),VELSIPITY,PRODUCT,N,2025-10-17,281.227802
SI Market + Oral,TRx (Adjusted),VELSIPITY,PRODUCT,N,2025-10-24,305.636253
SI Market + Oral,TRx (Adjusted),VELSIPITY,PRODUCT,N,2025-10-31,306.69749
SI Market + Oral,TRx (Adjusted),VELSIPITY,PRODUCT,N,2025-11-07,312.925141
SI Market + Oral,TRx (Adjusted),VELSIPITY,PRODUCT,N,2025-11-14,314.007927
SI Market + Oral,TRx (Adjusted),VELSIPITY,PRODUCT,N,2025-11-21,307.511211
SI Market + Oral,TRx (Adjusted),VELSIPITY,PRODUCT,N,2025-11-28,305.34564
SI Market + Oral,TRx (Adjusted),VELSIPITY,PRODUCT,N,2025-12-05,314.184089
SI Market + Oral,TRx (Adjusted),VELSIPITY,PRODUCT,N,2025-12-12,360.162249
SI Market + Oral,TRx (Adjusted),VELSIPITY,PRODUCT,N,2025-12-19,332.794297
SI Market + Oral,TRx (Adjusted),VELSIPITY,PRODUCT,N,2025-12-26,283.531983
SI Market + Oral,TRx (Adjusted),VELSIPITY,PRODUCT,N,2026-01-02,290.100292
SI Market + Oral,TRx (Adjusted),VELSIPITY,PRODUCT,N,2026-01-09,305.827174
SI Market + Oral,TRx (Adjusted),VELSIPITY,PRODUCT,N,2026-01-16,322.448216
SI Market + Oral,TRx (Adjusted),VELSIPITY,PRODUCT,N,2026-01-23,285.881924
SI Market + Oral,TRx (Adjusted),VELSIPITY,PRODUCT,N,2026-01-30,265.936673
SI Market + Oral,TRx (Adjusted),VELSIPITY,PRODUCT,N,2026-02-06,302.054823
SI Market + Oral,TRx (Adjusted),VELSIPITY,PRODUCT,N,2026-02-13,330.821948
SI Market + Oral,TRx (Adjusted),VELSIPITY,PRODUCT,N,2026-02-20,304.267678
SI Market + Oral,TRx (Adjusted),VELSIPITY,PRODUCT,N,2026-02-27,323.076953
SI Market + Oral,TRx (Adjusted),VELSIPITY,PRODUCT,N,2026-03-06,305.089804
SI Market + Oral,TRx (Adjusted),VELSIPITY,PRODUCT,N,2026-03-13,328.219356
SI Market + Oral,TRx (Adjusted),VELSIPITY,PRODUCT,N,2026-03-20,291.872918
SI Market + Oral,TRx (Adjusted),VELSIPITY,PRODUCT,N,2026-03-27,345.841872
SI Market + Oral,TRx (Adjusted),VELSIPITY,PRODUCT,N,2026-04-03,340.334836
SI Market + Oral,TRx (Adjusted),VELSIPITY,PRODUCT,N,2026-04-10,348.044687
SI Market + Oral,TRx (Adjusted),VELSIPITY,PRODUCT,N,2026-04-17,283.06166
SI Market + Oral,TRx (Adjusted),VELSIPITY,PRODUCT,N,2026-04-24,337.030614
SI Market + Oral,TRx (Adjusted),VELSIPITY,PRODUCT,N,2026-05-01,381.086904
SI Market + Oral,TRx (Adjusted),VELSIPITY,PRODUCT,N,2026-05-08,315.00247
SI Market + Oral,TRx (Adjusted),XELJANZ,PRODUCT,N,2024-05-03,1349.053946
SI Market + Oral,TRx (Adjusted),XELJANZ,PRODUCT,N,2024-05-10,1361.488547
SI Market + Oral,TRx (Adjusted),XELJANZ,PRODUCT,N,2024-05-17,1342.753385
SI Market + Oral,TRx (Adjusted),XELJANZ,PRODUCT,N,2024-05-24,1372.501319
SI Market + Oral,TRx (Adjusted),XELJANZ,PRODUCT,N,2024-05-31,1208.0248
SI Market + Oral,TRx (Adjusted),XELJANZ,PRODUCT,N,2024-06-07,1398.67539
SI Market + Oral,TRx (Adjusted),XELJANZ,PRODUCT,N,2024-06-14,1328.120317
SI Market + Oral,TRx (Adjusted),XELJANZ,PRODUCT,N,2024-06-21,1344.768437
SI Market + Oral,TRx (Adjusted),XELJANZ,PRODUCT,N,2024-06-28,1313.971042
SI Market + Oral,TRx (Adjusted),XELJANZ,PRODUCT,N,2024-07-05,1133.165974
SI Market + Oral,TRx (Adjusted),XELJANZ,PRODUCT,N,2024-07-12,1351.139633
SI Market + Oral,TRx (Adjusted),XELJANZ,PRODUCT,N,2024-07-19,1317.610932
SI Market + Oral,TRx (Adjusted),XELJANZ,PRODUCT,N,2024-07-26,1321.638365
SI Market + Oral,TRx (Adjusted),XELJANZ,PRODUCT,N,2024-08-02,1237.364975
SI Market + Oral,TRx (Adjusted),XELJANZ,PRODUCT,N,2024-08-09,1276.413228
SI Market + Oral,TRx (Adjusted),XELJANZ,PRODUCT,N,2024-08-16,1292.178941
SI Market + Oral,TRx (Adjusted),XELJANZ,PRODUCT,N,2024-08-23,1295.646548
SI Market + Oral,TRx (Adjusted),XELJANZ,PRODUCT,N,2024-08-30,1265.36102
SI Market + Oral,TRx (Adjusted),XELJANZ,PRODUCT,N,2024-09-06,1184.179215
SI Market + Oral,TRx (Adjusted),XELJANZ,PRODUCT,N,2024-09-13,1287.329696
SI Market + Oral,TRx (Adjusted),XELJANZ,PRODUCT,N,2024-09-20,1304.208037
SI Market + Oral,TRx (Adjusted),XELJANZ,PRODUCT,N,2024-09-27,1266.56517
SI Market + Oral,TRx (Adjusted),XELJANZ,PRODUCT,N,2024-10-04,1210.551066
SI Market + Oral,TRx (Adjusted),XELJANZ,PRODUCT,N,2024-10-11,1221.397845
SI Market + Oral,TRx (Adjusted),XELJANZ,PRODUCT,N,2024-10-18,1241.708968
SI Market + Oral,TRx (Adjusted),XELJANZ,PRODUCT,N,2024-10-25,1261.075756
SI Market + Oral,TRx (Adjusted),XELJANZ,PRODUCT,N,2024-11-01,1298.841519
SI Market + Oral,TRx (Adjusted),XELJANZ,PRODUCT,N,2024-11-08,1222.772874
SI Market + Oral,TRx (Adjusted),XELJANZ,PRODUCT,N,2024-11-15,1283.019452
SI Market + Oral,TRx (Adjusted),XELJANZ,PRODUCT,N,2024-11-22,1340.988271
SI Market + Oral,TRx (Adjusted),XELJANZ,PRODUCT,N,2024-11-29,1058.940099
SI Market + Oral,TRx (Adjusted),XELJANZ,PRODUCT,N,2024-12-06,1288.85901
SI Market + Oral,TRx (Adjusted),XELJANZ,PRODUCT,N,2024-12-13,1266.677763
SI Market + Oral,TRx (Adjusted),XELJANZ,PRODUCT,N,2024-12-20,1272.901646
SI Market + Oral,TRx (Adjusted),XELJANZ,PRODUCT,N,2024-12-27,1038.470342
SI Market + Oral,TRx (Adjusted),XELJANZ,PRODUCT,N,2025-01-03,1118.251695
SI Market + Oral,TRx (Adjusted),XELJANZ,PRODUCT,N,2025-01-10,1086.937976
SI Market + Oral,TRx (Adjusted),XELJANZ,PRODUCT,N,2025-01-17,1212.62909
SI Market + Oral,TRx (Adjusted),XELJANZ,PRODUCT,N,2025-01-24,1076.468005
SI Market + Oral,TRx (Adjusted),XELJANZ,PRODUCT,N,2025-01-31,1249.582309
SI Market + Oral,TRx (Adjusted),XELJANZ,PRODUCT,N,2025-02-07,1169.9031
SI Market + Oral,TRx (Adjusted),XELJANZ,PRODUCT,N,2025-02-14,1211.065927
SI Market + Oral,TRx (Adjusted),XELJANZ,PRODUCT,N,2025-02-21,1190.12653
SI Market + Oral,TRx (Adjusted),XELJANZ,PRODUCT,N,2025-02-28,1247.288021
SI Market + Oral,TRx (Adjusted),XELJANZ,PRODUCT,N,2025-03-07,1226.925304
SI Market + Oral,TRx (Adjusted),XELJANZ,PRODUCT,N,2025-03-14,1194.130869
SI Market + Oral,TRx (Adjusted),XELJANZ,PRODUCT,N,2025-03-21,1246.317017
SI Market + Oral,TRx (Adjusted),XELJANZ,PRODUCT,N,2025-03-28,1193.449469
SI Market + Oral,TRx (Adjusted),XELJANZ,PRODUCT,N,2025-04-04,1218.677305
SI Market + Oral,TRx (Adjusted),XELJANZ,PRODUCT,N,2025-04-11,1195.331691
SI Market + Oral,TRx (Adjusted),XELJANZ,PRODUCT,N,2025-04-18,1231.620853
SI Market + Oral,TRx (Adjusted),XELJANZ,PRODUCT,N,2025-04-25,1204.522747
SI Market + Oral,TRx (Adjusted),XELJANZ,PRODUCT,N,2025-05-02,1241.025983
SI Market + Oral,TRx (Adjusted),XELJANZ,PRODUCT,N,2025-05-09,1247.403329
SI Market + Oral,TRx (Adjusted),XELJANZ,PRODUCT,N,2025-05-16,1219.174627
SI Market + Oral,TRx (Adjusted),XELJANZ,PRODUCT,N,2025-05-23,1252.600412
SI Market + Oral,TRx (Adjusted),XELJANZ,PRODUCT,N,2025-05-30,1109.019496
SI Market + Oral,TRx (Adjusted),XELJANZ,PRODUCT,N,2025-06-06,1316.008088
SI Market + Oral,TRx (Adjusted),XELJANZ,PRODUCT,N,2025-06-13,1233.151618
SI Market + Oral,TRx (Adjusted),XELJANZ,PRODUCT,N,2025-06-20,1243.290537
SI Market + Oral,TRx (Adjusted),XELJANZ,PRODUCT,N,2025-06-27,1197.938822
SI Market + Oral,TRx (Adjusted),XELJANZ,PRODUCT,N,2025-07-04,1121.471809
SI Market + Oral,TRx (Adjusted),XELJANZ,PRODUCT,N,2025-07-11,1224.958671
SI Market + Oral,TRx (Adjusted),XELJANZ,PRODUCT,N,2025-07-18,1244.39411
SI Market + Oral,TRx (Adjusted),XELJANZ,PRODUCT,N,2025-07-25,1262.98434
SI Market + Oral,TRx (Adjusted),XELJANZ,PRODUCT,N,2025-08-01,1255.484918
SI Market + Oral,TRx (Adjusted),XELJANZ,PRODUCT,N,2025-08-08,1193.807786
SI Market + Oral,TRx (Adjusted),XELJANZ,PRODUCT,N,2025-08-15,1205.282116
SI Market + Oral,TRx (Adjusted),XELJANZ,PRODUCT,N,2025-08-22,1252.616606
SI Market + Oral,TRx (Adjusted),XELJANZ,PRODUCT,N,2025-08-29,1228.50317
SI Market + Oral,TRx (Adjusted),XELJANZ,PRODUCT,N,2025-09-05,1078.786142
SI Market + Oral,TRx (Adjusted),XELJANZ,PRODUCT,N,2025-09-12,1219.296865
SI Market + Oral,TRx (Adjusted),XELJANZ,PRODUCT,N,2025-09-19,1202.271296
SI Market + Oral,TRx (Adjusted),XELJANZ,PRODUCT,N,2025-09-26,1225.654634
SI Market + Oral,TRx (Adjusted),XELJANZ,PRODUCT,N,2025-10-03,1162.454257
SI Market + Oral,TRx (Adjusted),XELJANZ,PRODUCT,N,2025-10-10,1166.044748
SI Market + Oral,TRx (Adjusted),XELJANZ,PRODUCT,N,2025-10-17,1151.362942
SI Market + Oral,TRx (Adjusted),XELJANZ,PRODUCT,N,2025-10-24,1145.861957
SI Market + Oral,TRx (Adjusted),XELJANZ,PRODUCT,N,2025-10-31,1148.917319
SI Market + Oral,TRx (Adjusted),XELJANZ,PRODUCT,N,2025-11-07,1153.480157
SI Market + Oral,TRx (Adjusted),XELJANZ,PRODUCT,N,2025-11-14,1131.138643
SI Market + Oral,TRx (Adjusted),XELJANZ,PRODUCT,N,2025-11-21,1197.581295
SI Market + Oral,TRx (Adjusted),XELJANZ,PRODUCT,N,2025-11-28,989.031144
SI Market + Oral,TRx (Adjusted),XELJANZ,PRODUCT,N,2025-12-05,1207.680222
SI Market + Oral,TRx (Adjusted),XELJANZ,PRODUCT,N,2025-12-12,1176.561024
SI Market + Oral,TRx (Adjusted),XELJANZ,PRODUCT,N,2025-12-19,1198.085471
SI Market + Oral,TRx (Adjusted),XELJANZ,PRODUCT,N,2025-12-26,866.343904
SI Market + Oral,TRx (Adjusted),XELJANZ,PRODUCT,N,2026-01-02,982.561147
SI Market + Oral,TRx (Adjusted),XELJANZ,PRODUCT,N,2026-01-09,1211.495312
SI Market + Oral,TRx (Adjusted),XELJANZ,PRODUCT,N,2026-01-16,1107.53271
SI Market + Oral,TRx (Adjusted),XELJANZ,PRODUCT,N,2026-01-23,963.02135
SI Market + Oral,TRx (Adjusted),XELJANZ,PRODUCT,N,2026-01-30,952.651682
SI Market + Oral,TRx (Adjusted),XELJANZ,PRODUCT,N,2026-02-06,1135.846338
SI Market + Oral,TRx (Adjusted),XELJANZ,PRODUCT,N,2026-02-13,1156.359175
SI Market + Oral,TRx (Adjusted),XELJANZ,PRODUCT,N,2026-02-20,1062.015047
SI Market + Oral,TRx (Adjusted),XELJANZ,PRODUCT,N,2026-02-27,1072.172393
SI Market + Oral,TRx (Adjusted),XELJANZ,PRODUCT,N,2026-03-06,1143.73982
SI Market + Oral,TRx (Adjusted),XELJANZ,PRODUCT,N,2026-03-13,1131.298268
SI Market + Oral,TRx (Adjusted),XELJANZ,PRODUCT,N,2026-03-20,1100.625768
SI Market + Oral,TRx (Adjusted),XELJANZ,PRODUCT,N,2026-03-27,1096.741961
SI Market + Oral,TRx (Adjusted),XELJANZ,PRODUCT,N,2026-04-03,1139.120143
SI Market + Oral,TRx (Adjusted),XELJANZ,PRODUCT,N,2026-04-10,1118.760526
SI Market + Oral,TRx (Adjusted),XELJANZ,PRODUCT,N,2026-04-17,1016.002744
SI Market + Oral,TRx (Adjusted),XELJANZ,PRODUCT,N,2026-04-24,1112.112052
SI Market + Oral,TRx (Adjusted),XELJANZ,PRODUCT,N,2026-05-01,1180.801418
SI Market + Oral,TRx (Adjusted),XELJANZ,PRODUCT,N,2026-05-08,1165.902362
SI Market + Oral,TRx (Adjusted),ZEPOSIA,PRODUCT,N,2024-05-03,503.800665
SI Market + Oral,TRx (Adjusted),ZEPOSIA,PRODUCT,N,2024-05-10,512.608296
SI Market + Oral,TRx (Adjusted),ZEPOSIA,PRODUCT,N,2024-05-17,474.536654
SI Market + Oral,TRx (Adjusted),ZEPOSIA,PRODUCT,N,2024-05-24,524.904903
SI Market + Oral,TRx (Adjusted),ZEPOSIA,PRODUCT,N,2024-05-31,476.107381
SI Market + Oral,TRx (Adjusted),ZEPOSIA,PRODUCT,N,2024-06-07,565.427493
SI Market + Oral,TRx (Adjusted),ZEPOSIA,PRODUCT,N,2024-06-14,458.671367
SI Market + Oral,TRx (Adjusted),ZEPOSIA,PRODUCT,N,2024-06-21,525.471708
SI Market + Oral,TRx (Adjusted),ZEPOSIA,PRODUCT,N,2024-06-28,535.820229
SI Market + Oral,TRx (Adjusted),ZEPOSIA,PRODUCT,N,2024-07-05,408.802459
SI Market + Oral,TRx (Adjusted),ZEPOSIA,PRODUCT,N,2024-07-12,515.203101
SI Market + Oral,TRx (Adjusted),ZEPOSIA,PRODUCT,N,2024-07-19,514.506302
SI Market + Oral,TRx (Adjusted),ZEPOSIA,PRODUCT,N,2024-07-26,509.919402
SI Market + Oral,TRx (Adjusted),ZEPOSIA,PRODUCT,N,2024-08-02,499.674349
SI Market + Oral,TRx (Adjusted),ZEPOSIA,PRODUCT,N,2024-08-09,458.336189
SI Market + Oral,TRx (Adjusted),ZEPOSIA,PRODUCT,N,2024-08-16,577.108375
SI Market + Oral,TRx (Adjusted),ZEPOSIA,PRODUCT,N,2024-08-23,551.945087
SI Market + Oral,TRx (Adjusted),ZEPOSIA,PRODUCT,N,2024-08-30,538.247949
SI Market + Oral,TRx (Adjusted),ZEPOSIA,PRODUCT,N,2024-09-06,454.837334
SI Market + Oral,TRx (Adjusted),ZEPOSIA,PRODUCT,N,2024-09-13,560.25902
SI Market + Oral,TRx (Adjusted),ZEPOSIA,PRODUCT,N,2024-09-20,585.610541
SI Market + Oral,TRx (Adjusted),ZEPOSIA,PRODUCT,N,2024-09-27,495.422386
SI Market + Oral,TRx (Adjusted),ZEPOSIA,PRODUCT,N,2024-10-04,509.710554
SI Market + Oral,TRx (Adjusted),ZEPOSIA,PRODUCT,N,2024-10-11,429.159392
SI Market + Oral,TRx (Adjusted),ZEPOSIA,PRODUCT,N,2024-10-18,586.802412
SI Market + Oral,TRx (Adjusted),ZEPOSIA,PRODUCT,N,2024-10-25,485.1157
SI Market + Oral,TRx (Adjusted),ZEPOSIA,PRODUCT,N,2024-11-01,544.417235
SI Market + Oral,TRx (Adjusted),ZEPOSIA,PRODUCT,N,2024-11-08,516.878346
SI Market + Oral,TRx (Adjusted),ZEPOSIA,PRODUCT,N,2024-11-15,529.646489
SI Market + Oral,TRx (Adjusted),ZEPOSIA,PRODUCT,N,2024-11-22,557.219585
SI Market + Oral,TRx (Adjusted),ZEPOSIA,PRODUCT,N,2024-11-29,496.516178
SI Market + Oral,TRx (Adjusted),ZEPOSIA,PRODUCT,N,2024-12-06,601.66104
SI Market + Oral,TRx (Adjusted),ZEPOSIA,PRODUCT,N,2024-12-13,513.951841
SI Market + Oral,TRx (Adjusted),ZEPOSIA,PRODUCT,N,2024-12-20,493.471336
SI Market + Oral,TRx (Adjusted),ZEPOSIA,PRODUCT,N,2024-12-27,423.939711
SI Market + Oral,TRx (Adjusted),ZEPOSIA,PRODUCT,N,2025-01-03,473.828026
SI Market + Oral,TRx (Adjusted),ZEPOSIA,PRODUCT,N,2025-01-10,553.702347
SI Market + Oral,TRx (Adjusted),ZEPOSIA,PRODUCT,N,2025-01-17,478.966236
SI Market + Oral,TRx (Adjusted),ZEPOSIA,PRODUCT,N,2025-01-24,481.502845
SI Market + Oral,TRx (Adjusted),ZEPOSIA,PRODUCT,N,2025-01-31,527.673251
SI Market + Oral,TRx (Adjusted),ZEPOSIA,PRODUCT,N,2025-02-07,555.402127
SI Market + Oral,TRx (Adjusted),ZEPOSIA,PRODUCT,N,2025-02-14,479.680748
SI Market + Oral,TRx (Adjusted),ZEPOSIA,PRODUCT,N,2025-02-21,516.375301
SI Market + Oral,TRx (Adjusted),ZEPOSIA,PRODUCT,N,2025-02-28,470.224796
SI Market + Oral,TRx (Adjusted),ZEPOSIA,PRODUCT,N,2025-03-07,593.995322
SI Market + Oral,TRx (Adjusted),ZEPOSIA,PRODUCT,N,2025-03-14,541.822708
SI Market + Oral,TRx (Adjusted),ZEPOSIA,PRODUCT,N,2025-03-21,492.156638
SI Market + Oral,TRx (Adjusted),ZEPOSIA,PRODUCT,N,2025-03-28,435.131449
SI Market + Oral,TRx (Adjusted),ZEPOSIA,PRODUCT,N,2025-04-04,521.363226
SI Market + Oral,TRx (Adjusted),ZEPOSIA,PRODUCT,N,2025-04-11,533.663916
SI Market + Oral,TRx (Adjusted),ZEPOSIA,PRODUCT,N,2025-04-18,473.205756
SI Market + Oral,TRx (Adjusted),ZEPOSIA,PRODUCT,N,2025-04-25,476.095967
SI Market + Oral,TRx (Adjusted),ZEPOSIA,PRODUCT,N,2025-05-02,449.812218
SI Market + Oral,TRx (Adjusted),ZEPOSIA,PRODUCT,N,2025-05-09,513.822511
SI Market + Oral,TRx (Adjusted),ZEPOSIA,PRODUCT,N,2025-05-16,481.992535
SI Market + Oral,TRx (Adjusted),ZEPOSIA,PRODUCT,N,2025-05-23,499.606941
SI Market + Oral,TRx (Adjusted),ZEPOSIA,PRODUCT,N,2025-05-30,444.88651
SI Market + Oral,TRx (Adjusted),ZEPOSIA,PRODUCT,N,2025-06-06,492.600205
SI Market + Oral,TRx (Adjusted),ZEPOSIA,PRODUCT,N,2025-06-13,492.383717
SI Market + Oral,TRx (Adjusted),ZEPOSIA,PRODUCT,N,2025-06-20,424.551942
SI Market + Oral,TRx (Adjusted),ZEPOSIA,PRODUCT,N,2025-06-27,434.290387
SI Market + Oral,TRx (Adjusted),ZEPOSIA,PRODUCT,N,2025-07-04,457.803912
SI Market + Oral,TRx (Adjusted),ZEPOSIA,PRODUCT,N,2025-07-11,430.811495
SI Market + Oral,TRx (Adjusted),ZEPOSIA,PRODUCT,N,2025-07-18,433.646132
SI Market + Oral,TRx (Adjusted),ZEPOSIA,PRODUCT,N,2025-07-25,464.587863
SI Market + Oral,TRx (Adjusted),ZEPOSIA,PRODUCT,N,2025-08-01,484.343433
SI Market + Oral,TRx (Adjusted),ZEPOSIA,PRODUCT,N,2025-08-08,418.827193
SI Market + Oral,TRx (Adjusted),ZEPOSIA,PRODUCT,N,2025-08-15,455.324813
SI Market + Oral,TRx (Adjusted),ZEPOSIA,PRODUCT,N,2025-08-22,498.604191
SI Market + Oral,TRx (Adjusted),ZEPOSIA,PRODUCT,N,2025-08-29,417.781901
SI Market + Oral,TRx (Adjusted),ZEPOSIA,PRODUCT,N,2025-09-05,432.557864
SI Market + Oral,TRx (Adjusted),ZEPOSIA,PRODUCT,N,2025-09-12,460.534692
SI Market + Oral,TRx (Adjusted),ZEPOSIA,PRODUCT,N,2025-09-19,403.17102
SI Market + Oral,TRx (Adjusted),ZEPOSIA,PRODUCT,N,2025-09-26,477.539385
SI Market + Oral,TRx (Adjusted),ZEPOSIA,PRODUCT,N,2025-10-03,408.450935
SI Market + Oral,TRx (Adjusted),ZEPOSIA,PRODUCT,N,2025-10-10,412.338865
SI Market + Oral,TRx (Adjusted),ZEPOSIA,PRODUCT,N,2025-10-17,402.873313
SI Market + Oral,TRx (Adjusted),ZEPOSIA,PRODUCT,N,2025-10-24,405.128143
SI Market + Oral,TRx (Adjusted),ZEPOSIA,PRODUCT,N,2025-10-31,426.482744
SI Market + Oral,TRx (Adjusted),ZEPOSIA,PRODUCT,N,2025-11-07,413.390177
SI Market + Oral,TRx (Adjusted),ZEPOSIA,PRODUCT,N,2025-11-14,429.838235
SI Market + Oral,TRx (Adjusted),ZEPOSIA,PRODUCT,N,2025-11-21,383.166281
SI Market + Oral,TRx (Adjusted),ZEPOSIA,PRODUCT,N,2025-11-28,368.334615
SI Market + Oral,TRx (Adjusted),ZEPOSIA,PRODUCT,N,2025-12-05,441.442822
SI Market + Oral,TRx (Adjusted),ZEPOSIA,PRODUCT,N,2025-12-12,439.254092
SI Market + Oral,TRx (Adjusted),ZEPOSIA,PRODUCT,N,2025-12-19,382.456904
SI Market + Oral,TRx (Adjusted),ZEPOSIA,PRODUCT,N,2025-12-26,331.071139
SI Market + Oral,TRx (Adjusted),ZEPOSIA,PRODUCT,N,2026-01-02,285.68199
SI Market + Oral,TRx (Adjusted),ZEPOSIA,PRODUCT,N,2026-01-09,476.380452
SI Market + Oral,TRx (Adjusted),ZEPOSIA,PRODUCT,N,2026-01-16,427.299801
SI Market + Oral,TRx (Adjusted),ZEPOSIA,PRODUCT,N,2026-01-23,349.885553
SI Market + Oral,TRx (Adjusted),ZEPOSIA,PRODUCT,N,2026-01-30,339.324016
SI Market + Oral,TRx (Adjusted),ZEPOSIA,PRODUCT,N,2026-02-06,421.953487
SI Market + Oral,TRx (Adjusted),ZEPOSIA,PRODUCT,N,2026-02-13,415.846865
SI Market + Oral,TRx (Adjusted),ZEPOSIA,PRODUCT,N,2026-02-20,379.611321
SI Market + Oral,TRx (Adjusted),ZEPOSIA,PRODUCT,N,2026-02-27,391.892005
SI Market + Oral,TRx (Adjusted),ZEPOSIA,PRODUCT,N,2026-03-06,387.883948
SI Market + Oral,TRx (Adjusted),ZEPOSIA,PRODUCT,N,2026-03-13,389.173986
SI Market + Oral,TRx (Adjusted),ZEPOSIA,PRODUCT,N,2026-03-20,385.352346
SI Market + Oral,TRx (Adjusted),ZEPOSIA,PRODUCT,N,2026-03-27,379.931397
SI Market + Oral,TRx (Adjusted),ZEPOSIA,PRODUCT,N,2026-04-03,386.83119
SI Market + Oral,TRx (Adjusted),ZEPOSIA,PRODUCT,N,2026-04-10,351.718521
SI Market + Oral,TRx (Adjusted),ZEPOSIA,PRODUCT,N,2026-04-17,403.433767
SI Market + Oral,TRx (Adjusted),ZEPOSIA,PRODUCT,N,2026-04-24,327.679253
SI Market + Oral,TRx (Adjusted),ZEPOSIA,PRODUCT,N,2026-05-01,397.612064
SI Market + Oral,TRx (Adjusted),ZEPOSIA,PRODUCT,N,2026-05-08,322.720227
SI Market + Oral,TRx (Adjusted),ZYMFENTRA,PRODUCT,N,2024-05-03,16.770636
SI Market + Oral,TRx (Adjusted),ZYMFENTRA,PRODUCT,N,2024-05-10,16.770633
SI Market + Oral,TRx (Adjusted),ZYMFENTRA,PRODUCT,N,2024-05-17,19.565738
SI Market + Oral,TRx (Adjusted),ZYMFENTRA,PRODUCT,N,2024-05-24,26.553502
SI Market + Oral,TRx (Adjusted),ZYMFENTRA,PRODUCT,N,2024-05-31,20.452682
SI Market + Oral,TRx (Adjusted),ZYMFENTRA,PRODUCT,N,2024-06-07,33.235612
SI Market + Oral,TRx (Adjusted),ZYMFENTRA,PRODUCT,N,2024-06-14,37.070487
SI Market + Oral,TRx (Adjusted),ZYMFENTRA,PRODUCT,N,2024-06-21,52.409999
SI Market + Oral,TRx (Adjusted),ZYMFENTRA,PRODUCT,N,2024-06-28,58.801462
SI Market + Oral,TRx (Adjusted),ZYMFENTRA,PRODUCT,N,2024-07-05,34.416292
SI Market + Oral,TRx (Adjusted),ZYMFENTRA,PRODUCT,N,2024-07-12,65.145124
SI Market + Oral,TRx (Adjusted),ZYMFENTRA,PRODUCT,N,2024-07-19,72.520043
SI Market + Oral,TRx (Adjusted),ZYMFENTRA,PRODUCT,N,2024-07-26,76.207503
SI Market + Oral,TRx (Adjusted),ZYMFENTRA,PRODUCT,N,2024-08-02,50.818114
SI Market + Oral,TRx (Adjusted),ZYMFENTRA,PRODUCT,N,2024-08-09,89.241566
SI Market + Oral,TRx (Adjusted),ZYMFENTRA,PRODUCT,N,2024-08-16,97.91783
SI Market + Oral,TRx (Adjusted),ZYMFENTRA,PRODUCT,N,2024-08-23,115.270357
SI Market + Oral,TRx (Adjusted),ZYMFENTRA,PRODUCT,N,2024-08-30,121.713739
SI Market + Oral,TRx (Adjusted),ZYMFENTRA,PRODUCT,N,2024-09-06,105.890953
SI Market + Oral,TRx (Adjusted),ZYMFENTRA,PRODUCT,N,2024-09-13,146.056486
SI Market + Oral,TRx (Adjusted),ZYMFENTRA,PRODUCT,N,2024-09-20,144.839349
SI Market + Oral,TRx (Adjusted),ZYMFENTRA,PRODUCT,N,2024-09-27,127.799426
SI Market + Oral,TRx (Adjusted),ZYMFENTRA,PRODUCT,N,2024-10-04,154.5087
SI Market + Oral,TRx (Adjusted),ZYMFENTRA,PRODUCT,N,2024-10-11,149.717733
SI Market + Oral,TRx (Adjusted),ZYMFENTRA,PRODUCT,N,2024-10-18,153.310958
SI Market + Oral,TRx (Adjusted),ZYMFENTRA,PRODUCT,N,2024-10-25,155.706442
SI Market + Oral,TRx (Adjusted),ZYMFENTRA,PRODUCT,N,2024-11-01,185.49347
SI Market + Oral,TRx (Adjusted),ZYMFENTRA,PRODUCT,N,2024-11-08,181.783601
SI Market + Oral,TRx (Adjusted),ZYMFENTRA,PRODUCT,N,2024-11-15,196.623078
SI Market + Oral,TRx (Adjusted),ZYMFENTRA,PRODUCT,N,2024-11-22,164.470877
SI Market + Oral,TRx (Adjusted),ZYMFENTRA,PRODUCT,N,2024-11-29,144.684907
SI Market + Oral,TRx (Adjusted),ZYMFENTRA,PRODUCT,N,2024-12-06,251.528293
SI Market + Oral,TRx (Adjusted),ZYMFENTRA,PRODUCT,N,2024-12-13,210.002396
SI Market + Oral,TRx (Adjusted),ZYMFENTRA,PRODUCT,N,2024-12-20,186.273312
SI Market + Oral,TRx (Adjusted),ZYMFENTRA,PRODUCT,N,2024-12-27,168.476498
SI Market + Oral,TRx (Adjusted),ZYMFENTRA,PRODUCT,N,2025-01-03,217.121121
SI Market + Oral,TRx (Adjusted),ZYMFENTRA,PRODUCT,N,2025-01-10,183.266025
SI Market + Oral,TRx (Adjusted),ZYMFENTRA,PRODUCT,N,2025-01-17,226.315094
SI Market + Oral,TRx (Adjusted),ZYMFENTRA,PRODUCT,N,2025-01-24,195.565758
SI Market + Oral,TRx (Adjusted),ZYMFENTRA,PRODUCT,N,2025-01-31,277.973979
SI Market + Oral,TRx (Adjusted),ZYMFENTRA,PRODUCT,N,2025-02-07,216.590482
SI Market + Oral,TRx (Adjusted),ZYMFENTRA,PRODUCT,N,2025-02-14,265.581182
SI Market + Oral,TRx (Adjusted),ZYMFENTRA,PRODUCT,N,2025-02-21,238.507367
SI Market + Oral,TRx (Adjusted),ZYMFENTRA,PRODUCT,N,2025-02-28,299.101137
SI Market + Oral,TRx (Adjusted),ZYMFENTRA,PRODUCT,N,2025-03-07,250.021133
SI Market + Oral,TRx (Adjusted),ZYMFENTRA,PRODUCT,N,2025-03-14,296.507475
SI Market + Oral,TRx (Adjusted),ZYMFENTRA,PRODUCT,N,2025-03-21,312.840513
SI Market + Oral,TRx (Adjusted),ZYMFENTRA,PRODUCT,N,2025-03-28,324.148011
SI Market + Oral,TRx (Adjusted),ZYMFENTRA,PRODUCT,N,2025-04-04,301.533012
SI Market + Oral,TRx (Adjusted),ZYMFENTRA,PRODUCT,N,2025-04-11,301.930547
SI Market + Oral,TRx (Adjusted),ZYMFENTRA,PRODUCT,N,2025-04-18,287.916893
SI Market + Oral,TRx (Adjusted),ZYMFENTRA,PRODUCT,N,2025-04-25,391.108358
SI Market + Oral,TRx (Adjusted),ZYMFENTRA,PRODUCT,N,2025-05-02,349.067395
SI Market + Oral,TRx (Adjusted),ZYMFENTRA,PRODUCT,N,2025-05-09,301.390782
SI Market + Oral,TRx (Adjusted),ZYMFENTRA,PRODUCT,N,2025-05-16,382.882691
SI Market + Oral,TRx (Adjusted),ZYMFENTRA,PRODUCT,N,2025-05-23,447.558843
SI Market + Oral,TRx (Adjusted),ZYMFENTRA,PRODUCT,N,2025-05-30,309.151907
SI Market + Oral,TRx (Adjusted),ZYMFENTRA,PRODUCT,N,2025-06-06,383.562359
SI Market + Oral,TRx (Adjusted),ZYMFENTRA,PRODUCT,N,2025-06-13,406.576101
SI Market + Oral,TRx (Adjusted),ZYMFENTRA,PRODUCT,N,2025-06-20,432.146925
SI Market + Oral,TRx (Adjusted),ZYMFENTRA,PRODUCT,N,2025-06-27,415.525889
SI Market + Oral,TRx (Adjusted),ZYMFENTRA,PRODUCT,N,2025-07-04,295.343004
SI Market + Oral,TRx (Adjusted),ZYMFENTRA,PRODUCT,N,2025-07-11,507.603191
SI Market + Oral,TRx (Adjusted),ZYMFENTRA,PRODUCT,N,2025-07-18,441.898226
SI Market + Oral,TRx (Adjusted),ZYMFENTRA,PRODUCT,N,2025-07-25,412.266551
SI Market + Oral,TRx (Adjusted),ZYMFENTRA,PRODUCT,N,2025-08-01,376.193244
SI Market + Oral,TRx (Adjusted),ZYMFENTRA,PRODUCT,N,2025-08-08,497.495962
SI Market + Oral,TRx (Adjusted),ZYMFENTRA,PRODUCT,N,2025-08-15,488.450582
SI Market + Oral,TRx (Adjusted),ZYMFENTRA,PRODUCT,N,2025-08-22,496.203765
SI Market + Oral,TRx (Adjusted),ZYMFENTRA,PRODUCT,N,2025-08-29,516.878922
SI Market + Oral,TRx (Adjusted),ZYMFENTRA,PRODUCT,N,2025-09-05,414.36963
SI Market + Oral,TRx (Adjusted),ZYMFENTRA,PRODUCT,N,2025-09-12,555.956745
SI Market + Oral,TRx (Adjusted),ZYMFENTRA,PRODUCT,N,2025-09-19,500.101278
SI Market + Oral,TRx (Adjusted),ZYMFENTRA,PRODUCT,N,2025-09-26,453.338552
SI Market + Oral,TRx (Adjusted),ZYMFENTRA,PRODUCT,N,2025-10-03,531.276423
SI Market + Oral,TRx (Adjusted),ZYMFENTRA,PRODUCT,N,2025-10-10,521.647247
SI Market + Oral,TRx (Adjusted),ZYMFENTRA,PRODUCT,N,2025-10-17,553.455016
SI Market + Oral,TRx (Adjusted),ZYMFENTRA,PRODUCT,N,2025-10-24,534.37036
SI Market + Oral,TRx (Adjusted),ZYMFENTRA,PRODUCT,N,2025-10-31,464.393281
SI Market + Oral,TRx (Adjusted),ZYMFENTRA,PRODUCT,N,2025-11-07,470.124378
SI Market + Oral,TRx (Adjusted),ZYMFENTRA,PRODUCT,N,2025-11-14,512.974275
SI Market + Oral,TRx (Adjusted),ZYMFENTRA,PRODUCT,N,2025-11-21,539.908467
SI Market + Oral,TRx (Adjusted),ZYMFENTRA,PRODUCT,N,2025-11-28,377.078928
SI Market + Oral,TRx (Adjusted),ZYMFENTRA,PRODUCT,N,2025-12-05,596.871679
SI Market + Oral,TRx (Adjusted),ZYMFENTRA,PRODUCT,N,2025-12-12,582.660448
SI Market + Oral,TRx (Adjusted),ZYMFENTRA,PRODUCT,N,2025-12-19,554.237987
SI Market + Oral,TRx (Adjusted),ZYMFENTRA,PRODUCT,N,2025-12-26,403.835799
SI Market + Oral,TRx (Adjusted),ZYMFENTRA,PRODUCT,N,2026-01-02,471.339143
SI Market + Oral,TRx (Adjusted),ZYMFENTRA,PRODUCT,N,2026-01-09,706.743067
SI Market + Oral,TRx (Adjusted),ZYMFENTRA,PRODUCT,N,2026-01-16,642.049822
SI Market + Oral,TRx (Adjusted),ZYMFENTRA,PRODUCT,N,2026-01-23,462.617655
SI Market + Oral,TRx (Adjusted),ZYMFENTRA,PRODUCT,N,2026-01-30,457.735147
SI Market + Oral,TRx (Adjusted),ZYMFENTRA,PRODUCT,N,2026-02-06,668.867243
SI Market + Oral,TRx (Adjusted),ZYMFENTRA,PRODUCT,N,2026-02-13,617.790108
SI Market + Oral,TRx (Adjusted),ZYMFENTRA,PRODUCT,N,2026-02-20,577.658073
SI Market + Oral,TRx (Adjusted),ZYMFENTRA,PRODUCT,N,2026-02-27,576.441956
SI Market + Oral,TRx (Adjusted),ZYMFENTRA,PRODUCT,N,2026-03-06,636.035628
SI Market + Oral,TRx (Adjusted),ZYMFENTRA,PRODUCT,N,2026-03-13,574.099575
SI Market + Oral,TRx (Adjusted),ZYMFENTRA,PRODUCT,N,2026-03-20,589.583581
SI Market + Oral,TRx (Adjusted),ZYMFENTRA,PRODUCT,N,2026-03-27,597.921134
SI Market + Oral,TRx (Adjusted),ZYMFENTRA,PRODUCT,N,2026-04-03,677.723357
SI Market + Oral,TRx (Adjusted),ZYMFENTRA,PRODUCT,N,2026-04-10,614.596227
SI Market + Oral,TRx (Adjusted),ZYMFENTRA,PRODUCT,N,2026-04-17,640.79994
SI Market + Oral,TRx (Adjusted),ZYMFENTRA,PRODUCT,N,2026-04-24,620.551615
SI Market + Oral,TRx (Adjusted),ZYMFENTRA,PRODUCT,N,2026-05-01,682.487669
SI Market + Oral,TRx (Adjusted),ZYMFENTRA,PRODUCT,N,2026-05-08,657.47504
SI Market + Oral,TRx (Adjusted),Total Non-Approved Volume,PRODUCT,N,2024-05-03,75.430432
SI Market + Oral,TRx (Adjusted),Total Non-Approved Volume,PRODUCT,N,2024-05-10,77.317501
SI Market + Oral,TRx (Adjusted),Total Non-Approved Volume,PRODUCT,N,2024-05-17,81.055972
SI Market + Oral,TRx (Adjusted),Total Non-Approved Volume,PRODUCT,N,2024-05-24,74.051421
SI Market + Oral,TRx (Adjusted),Total Non-Approved Volume,PRODUCT,N,2024-05-31,74.538449
SI Market + Oral,TRx (Adjusted),Total Non-Approved Volume,PRODUCT,N,2024-06-07,97.215421
SI Market + Oral,TRx (Adjusted),Total Non-Approved Volume,PRODUCT,N,2024-06-14,89.059476
SI Market + Oral,TRx (Adjusted),Total Non-Approved Volume,PRODUCT,N,2024-06-21,87.467214
SI Market + Oral,TRx (Adjusted),Total Non-Approved Volume,PRODUCT,N,2024-06-28,93.448785
SI Market + Oral,TRx (Adjusted),Total Non-Approved Volume,PRODUCT,N,2024-07-05,72.133866
SI Market + Oral,TRx (Adjusted),Total Non-Approved Volume,PRODUCT,N,2024-07-12,108.289334
SI Market + Oral,TRx (Adjusted),Total Non-Approved Volume,PRODUCT,N,2024-07-19,92.5562
SI Market + Oral,TRx (Adjusted),Total Non-Approved Volume,PRODUCT,N,2024-07-26,96.447638
SI Market + Oral,TRx (Adjusted),Total Non-Approved Volume,PRODUCT,N,2024-08-02,109.091086
SI Market + Oral,TRx (Adjusted),Total Non-Approved Volume,PRODUCT,N,2024-08-09,99.229686
SI Market + Oral,TRx (Adjusted),Total Non-Approved Volume,PRODUCT,N,2024-08-16,100.232736
SI Market + Oral,TRx (Adjusted),Total Non-Approved Volume,PRODUCT,N,2024-08-23,95.003451
SI Market + Oral,TRx (Adjusted),Total Non-Approved Volume,PRODUCT,N,2024-08-30,100.91857
SI Market + Oral,TRx (Adjusted),Total Non-Approved Volume,PRODUCT,N,2024-09-06,90.234497
SI Market + Oral,TRx (Adjusted),Total Non-Approved Volume,PRODUCT,N,2024-09-13,116.331787
SI Market + Oral,TRx (Adjusted),Total Non-Approved Volume,PRODUCT,N,2024-09-20,107.149833
SI Market + Oral,TRx (Adjusted),Total Non-Approved Volume,PRODUCT,N,2024-09-27,90.763258
SI Market + Oral,TRx (Adjusted),Total Non-Approved Volume,PRODUCT,N,2024-10-04,84.893417
SI Market + Oral,TRx (Adjusted),Total Non-Approved Volume,PRODUCT,N,2024-10-11,94.6604
SI Market + Oral,TRx (Adjusted),Total Non-Approved Volume,PRODUCT,N,2024-10-18,102.125906
SI Market + Oral,TRx (Adjusted),Total Non-Approved Volume,PRODUCT,N,2024-10-25,102.931961
SI Market + Oral,TRx (Adjusted),Total Non-Approved Volume,PRODUCT,N,2024-11-01,94.502553
SI Market + Oral,TRx (Adjusted),Total Non-Approved Volume,PRODUCT,N,2024-11-08,94.198493
SI Market + Oral,TRx (Adjusted),Total Non-Approved Volume,PRODUCT,N,2024-11-15,96.662161
SI Market + Oral,TRx (Adjusted),Total Non-Approved Volume,PRODUCT,N,2024-11-22,99.089336
SI Market + Oral,TRx (Adjusted),Total Non-Approved Volume,PRODUCT,N,2024-11-29,76.370293
SI Market + Oral,TRx (Adjusted),Total Non-Approved Volume,PRODUCT,N,2024-12-06,110.375014
SI Market + Oral,TRx (Adjusted),Total Non-Approved Volume,PRODUCT,N,2024-12-13,110.015235
SI Market + Oral,TRx (Adjusted),Total Non-Approved Volume,PRODUCT,N,2024-12-20,103.0366
SI Market + Oral,TRx (Adjusted),Total Non-Approved Volume,PRODUCT,N,2024-12-27,70.914569
SI Market + Oral,TRx (Adjusted),Total Non-Approved Volume,PRODUCT,N,2025-01-03,78.875999
SI Market + Oral,TRx (Adjusted),Total Non-Approved Volume,PRODUCT,N,2025-01-10,101.529012
SI Market + Oral,TRx (Adjusted),Total Non-Approved Volume,PRODUCT,N,2025-01-17,93.833911
SI Market + Oral,TRx (Adjusted),Total Non-Approved Volume,PRODUCT,N,2025-01-24,83.643912
SI Market + Oral,TRx (Adjusted),Total Non-Approved Volume,PRODUCT,N,2025-01-31,97.582058
SI Market + Oral,TRx (Adjusted),Total Non-Approved Volume,PRODUCT,N,2025-02-07,94.422813
SI Market + Oral,TRx (Adjusted),Total Non-Approved Volume,PRODUCT,N,2025-02-14,93.668683
SI Market + Oral,TRx (Adjusted),Total Non-Approved Volume,PRODUCT,N,2025-02-21,90.106792
SI Market + Oral,TRx (Adjusted),Total Non-Approved Volume,PRODUCT,N,2025-02-28,100.942287
SI Market + Oral,TRx (Adjusted),Total Non-Approved Volume,PRODUCT,N,2025-03-07,103.067865
SI Market + Oral,TRx (Adjusted),Total Non-Approved Volume,PRODUCT,N,2025-03-14,97.925742
SI Market + Oral,TRx (Adjusted),Total Non-Approved Volume,PRODUCT,N,2025-03-21,101.026515
SI Market + Oral,TRx (Adjusted),Total Non-Approved Volume,PRODUCT,N,2025-03-28,97.605066
SI Market + Oral,TRx (Adjusted),Total Non-Approved Volume,PRODUCT,N,2025-04-04,97.055602
SI Market + Oral,TRx (Adjusted),Total Non-Approved Volume,PRODUCT,N,2025-04-11,103.241842
SI Market + Oral,TRx (Adjusted),Total Non-Approved Volume,PRODUCT,N,2025-04-18,92.096438
SI Market + Oral,TRx (Adjusted),Total Non-Approved Volume,PRODUCT,N,2025-04-25,95.511026
SI Market + Oral,TRx (Adjusted),Total Non-Approved Volume,PRODUCT,N,2025-05-02,97.724719
SI Market + Oral,TRx (Adjusted),Total Non-Approved Volume,PRODUCT,N,2025-05-09,107.304326
SI Market + Oral,TRx (Adjusted),Total Non-Approved Volume,PRODUCT,N,2025-05-16,100.129519
SI Market + Oral,TRx (Adjusted),Total Non-Approved Volume,PRODUCT,N,2025-05-23,100.822494
SI Market + Oral,TRx (Adjusted),Total Non-Approved Volume,PRODUCT,N,2025-05-30,77.571146
SI Market + Oral,TRx (Adjusted),Total Non-Approved Volume,PRODUCT,N,2025-06-06,103.358368
SI Market + Oral,TRx (Adjusted),Total Non-Approved Volume,PRODUCT,N,2025-06-13,100.353841
SI Market + Oral,TRx (Adjusted),Total Non-Approved Volume,PRODUCT,N,2025-06-20,101.106606
SI Market + Oral,TRx (Adjusted),Total Non-Approved Volume,PRODUCT,N,2025-06-27,94.368002
SI Market + Oral,TRx (Adjusted),Total Non-Approved Volume,PRODUCT,N,2025-07-04,83.709131
SI Market + Oral,TRx (Adjusted),Total Non-Approved Volume,PRODUCT,N,2025-07-11,111.108506
SI Market + Oral,TRx (Adjusted),Total Non-Approved Volume,PRODUCT,N,2025-07-18,103.868747
SI Market + Oral,TRx (Adjusted),Total Non-Approved Volume,PRODUCT,N,2025-07-25,98.300683
SI Market + Oral,TRx (Adjusted),Total Non-Approved Volume,PRODUCT,N,2025-08-01,96.990749
SI Market + Oral,TRx (Adjusted),Total Non-Approved Volume,PRODUCT,N,2025-08-08,121.274994
SI Market + Oral,TRx (Adjusted),Total Non-Approved Volume,PRODUCT,N,2025-08-15,97.304442
SI Market + Oral,TRx (Adjusted),Total Non-Approved Volume,PRODUCT,N,2025-08-22,101.854092
SI Market + Oral,TRx (Adjusted),Total Non-Approved Volume,PRODUCT,N,2025-08-29,108.002061
SI Market + Oral,TRx (Adjusted),Total Non-Approved Volume,PRODUCT,N,2025-09-05,99.104897
SI Market + Oral,TRx (Adjusted),Total Non-Approved Volume,PRODUCT,N,2025-09-12,118.900819
SI Market + Oral,TRx (Adjusted),Total Non-Approved Volume,PRODUCT,N,2025-09-19,110.647757
SI Market + Oral,TRx (Adjusted),Total Non-Approved Volume,PRODUCT,N,2025-09-26,103.337517
SI Market + Oral,TRx (Adjusted),Total Non-Approved Volume,PRODUCT,N,2025-10-03,124.302213
SI Market + Oral,TRx (Adjusted),Total Non-Approved Volume,PRODUCT,N,2025-10-10,107.015988
SI Market + Oral,TRx (Adjusted),Total Non-Approved Volume,PRODUCT,N,2025-10-17,90.85598
SI Market + Oral,TRx (Adjusted),Total Non-Approved Volume,PRODUCT,N,2025-10-24,108.888474
SI Market + Oral,TRx (Adjusted),Total Non-Approved Volume,PRODUCT,N,2025-10-31,116.784952
SI Market + Oral,TRx (Adjusted),Total Non-Approved Volume,PRODUCT,N,2025-11-07,125.014608
SI Market + Oral,TRx (Adjusted),Total Non-Approved Volume,PRODUCT,N,2025-11-14,119.14816
SI Market + Oral,TRx (Adjusted),Total Non-Approved Volume,PRODUCT,N,2025-11-21,126.524405
SI Market + Oral,TRx (Adjusted),Total Non-Approved Volume,PRODUCT,N,2025-11-28,85.399489
SI Market + Oral,TRx (Adjusted),Total Non-Approved Volume,PRODUCT,N,2025-12-05,116.501665
SI Market + Oral,TRx (Adjusted),Total Non-Approved Volume,PRODUCT,N,2025-12-12,116.159836
SI Market + Oral,TRx (Adjusted),Total Non-Approved Volume,PRODUCT,N,2025-12-19,115.46409
SI Market + Oral,TRx (Adjusted),Total Non-Approved Volume,PRODUCT,N,2025-12-26,70.634561
SI Market + Oral,TRx (Adjusted),Total Non-Approved Volume,PRODUCT,N,2026-01-02,80.806775
SI Market + Oral,TRx (Adjusted),Total Non-Approved Volume,PRODUCT,N,2026-01-09,127.335947
SI Market + Oral,TRx (Adjusted),Total Non-Approved Volume,PRODUCT,N,2026-01-16,137.886729
SI Market + Oral,TRx (Adjusted),Total Non-Approved Volume,PRODUCT,N,2026-01-23,112.410635
SI Market + Oral,TRx (Adjusted),Total Non-Approved Volume,PRODUCT,N,2026-01-30,87.177013
SI Market + Oral,TRx (Adjusted),Total Non-Approved Volume,PRODUCT,N,2026-02-06,143.667069
SI Market + Oral,TRx (Adjusted),Total Non-Approved Volume,PRODUCT,N,2026-02-13,130.655291
SI Market + Oral,TRx (Adjusted),Total Non-Approved Volume,PRODUCT,N,2026-02-20,109.645807
SI Market + Oral,TRx (Adjusted),Total Non-Approved Volume,PRODUCT,N,2026-02-27,120.579916
SI Market + Oral,TRx (Adjusted),Total Non-Approved Volume,PRODUCT,N,2026-03-06,115.723348
SI Market + Oral,TRx (Adjusted),Total Non-Approved Volume,PRODUCT,N,2026-03-13,105.431654
SI Market + Oral,TRx (Adjusted),Total Non-Approved Volume,PRODUCT,N,2026-03-20,104.979431
SI Market + Oral,TRx (Adjusted),Total Non-Approved Volume,PRODUCT,N,2026-03-27,123.545909
SI Market + Oral,TRx (Adjusted),Total Non-Approved Volume,PRODUCT,N,2026-04-03,111.330294
SI Market + Oral,TRx (Adjusted),Total Non-Approved Volume,PRODUCT,N,2026-04-10,106.864879
SI Market + Oral,TRx (Adjusted),Total Non-Approved Volume,PRODUCT,N,2026-04-17,107.115065
SI Market + Oral,TRx (Adjusted),Total Non-Approved Volume,PRODUCT,N,2026-04-24,103.178913
SI Market + Oral,TRx (Adjusted),Total Non-Approved Volume,PRODUCT,N,2026-05-01,115.970611
SI Market + Oral,TRx (Adjusted),Total Non-Approved Volume,PRODUCT,N,2026-05-08,118.520375
SI Market + Oral,TRx (Adjusted),ACTEMRA BIOSIMILARS SQ TOTAL,PRODUCT,Y,2024-08-02,0.0
SI Market + Oral,TRx (Adjusted),ACTEMRA BIOSIMILARS SQ TOTAL,PRODUCT,Y,2024-08-09,0.000316
SI Market + Oral,TRx (Adjusted),ACTEMRA BIOSIMILARS SQ TOTAL,PRODUCT,Y,2024-08-16,0.000158
SI Market + Oral,TRx (Adjusted),ACTEMRA BIOSIMILARS SQ TOTAL,PRODUCT,Y,2024-08-23,0.000474
SI Market + Oral,TRx (Adjusted),ACTEMRA BIOSIMILARS SQ TOTAL,PRODUCT,Y,2024-08-30,0.000517
SI Market + Oral,TRx (Adjusted),ACTEMRA BIOSIMILARS SQ TOTAL,PRODUCT,Y,2024-09-06,0.001895
SI Market + Oral,TRx (Adjusted),ACTEMRA BIOSIMILARS SQ TOTAL,PRODUCT,Y,2024-09-13,0.000517
SI Market + Oral,TRx (Adjusted),ACTEMRA BIOSIMILARS SQ TOTAL,PRODUCT,Y,2024-09-20,0.000517
SI Market + Oral,TRx (Adjusted),ACTEMRA BIOSIMILARS SQ TOTAL,PRODUCT,Y,2024-09-27,0.001378
SI Market + Oral,TRx (Adjusted),ACTEMRA BIOSIMILARS SQ TOTAL,PRODUCT,Y,2024-10-04,0.000671
SI Market + Oral,TRx (Adjusted),ACTEMRA BIOSIMILARS SQ TOTAL,PRODUCT,Y,2024-10-11,0.000839
SI Market + Oral,TRx (Adjusted),ACTEMRA BIOSIMILARS SQ TOTAL,PRODUCT,Y,2024-10-18,0.001509
SI Market + Oral,TRx (Adjusted),ACTEMRA BIOSIMILARS SQ TOTAL,PRODUCT,Y,2024-10-25,0.001006
SI Market + Oral,TRx (Adjusted),ACTEMRA BIOSIMILARS SQ TOTAL,PRODUCT,Y,2024-11-01,0.001783
SI Market + Oral,TRx (Adjusted),ACTEMRA BIOSIMILARS SQ TOTAL,PRODUCT,Y,2024-11-08,0.001783
SI Market + Oral,TRx (Adjusted),ACTEMRA BIOSIMILARS SQ TOTAL,PRODUCT,Y,2024-11-15,0.002378
SI Market + Oral,TRx (Adjusted),ACTEMRA BIOSIMILARS SQ TOTAL,PRODUCT,Y,2024-11-22,0.002972
SI Market + Oral,TRx (Adjusted),ACTEMRA BIOSIMILARS SQ TOTAL,PRODUCT,Y,2024-11-29,0.003418
SI Market + Oral,TRx (Adjusted),ACTEMRA BIOSIMILARS SQ TOTAL,PRODUCT,Y,2024-12-06,0.003836
SI Market + Oral,TRx (Adjusted),ACTEMRA BIOSIMILARS SQ TOTAL,PRODUCT,Y,2024-12-13,0.00412
SI Market + Oral,TRx (Adjusted),ACTEMRA BIOSIMILARS SQ TOTAL,PRODUCT,Y,2024-12-20,0.006109
SI Market + Oral,TRx (Adjusted),ACTEMRA BIOSIMILARS SQ TOTAL,PRODUCT,Y,2024-12-27,0.002984
SI Market + Oral,TRx (Adjusted),ACTEMRA BIOSIMILARS SQ TOTAL,PRODUCT,Y,2025-01-03,0.005115
SI Market + Oral,TRx (Adjusted),ACTEMRA BIOSIMILARS SQ TOTAL,PRODUCT,Y,2025-01-10,0.009459
SI Market + Oral,TRx (Adjusted),ACTEMRA BIOSIMILARS SQ TOTAL,PRODUCT,Y,2025-01-17,0.01159
SI Market + Oral,TRx (Adjusted),ACTEMRA BIOSIMILARS SQ TOTAL,PRODUCT,Y,2025-01-24,0.013455
SI Market + Oral,TRx (Adjusted),ACTEMRA BIOSIMILARS SQ TOTAL,PRODUCT,Y,2025-01-31,0.019983
SI Market + Oral,TRx (Adjusted),ACTEMRA BIOSIMILARS SQ TOTAL,PRODUCT,Y,2025-02-07,0.026649
SI Market + Oral,TRx (Adjusted),ACTEMRA BIOSIMILARS SQ TOTAL,PRODUCT,Y,2025-02-14,0.030531
SI Market + Oral,TRx (Adjusted),ACTEMRA BIOSIMILARS SQ TOTAL,PRODUCT,Y,2025-02-21,0.038297
SI Market + Oral,TRx (Adjusted),ACTEMRA BIOSIMILARS SQ TOTAL,PRODUCT,Y,2025-02-28,0.045709
SI Market + Oral,TRx (Adjusted),ACTEMRA BIOSIMILARS SQ TOTAL,PRODUCT,Y,2025-03-07,0.087242
SI Market + Oral,TRx (Adjusted),ACTEMRA BIOSIMILARS SQ TOTAL,PRODUCT,Y,2025-03-14,0.066101
SI Market + Oral,TRx (Adjusted),ACTEMRA BIOSIMILARS SQ TOTAL,PRODUCT,Y,2025-03-21,0.095271
SI Market + Oral,TRx (Adjusted),ACTEMRA BIOSIMILARS SQ TOTAL,PRODUCT,Y,2025-03-28,0.107314
SI Market + Oral,TRx (Adjusted),ACTEMRA BIOSIMILARS SQ TOTAL,PRODUCT,Y,2025-04-04,0.085637
SI Market + Oral,TRx (Adjusted),ACTEMRA BIOSIMILARS SQ TOTAL,PRODUCT,Y,2025-04-11,0.151866
SI Market + Oral,TRx (Adjusted),ACTEMRA BIOSIMILARS SQ TOTAL,PRODUCT,Y,2025-04-18,0.137582
SI Market + Oral,TRx (Adjusted),ACTEMRA BIOSIMILARS SQ TOTAL,PRODUCT,Y,2025-04-25,0.111268
SI Market + Oral,TRx (Adjusted),ACTEMRA BIOSIMILARS SQ TOTAL,PRODUCT,Y,2025-05-02,0.14698
SI Market + Oral,TRx (Adjusted),ACTEMRA BIOSIMILARS SQ TOTAL,PRODUCT,Y,2025-05-09,0.143881
SI Market + Oral,TRx (Adjusted),ACTEMRA BIOSIMILARS SQ TOTAL,PRODUCT,Y,2025-05-16,0.145251
SI Market + Oral,TRx (Adjusted),ACTEMRA BIOSIMILARS SQ TOTAL,PRODUCT,Y,2025-05-23,0.153016
SI Market + Oral,TRx (Adjusted),ACTEMRA BIOSIMILARS SQ TOTAL,PRODUCT,Y,2025-05-30,0.098204
SI Market + Oral,TRx (Adjusted),ACTEMRA BIOSIMILARS SQ TOTAL,PRODUCT,Y,2025-06-06,0.200363
SI Market + Oral,TRx (Adjusted),ACTEMRA BIOSIMILARS SQ TOTAL,PRODUCT,Y,2025-06-13,0.199639
SI Market + Oral,TRx (Adjusted),ACTEMRA BIOSIMILARS SQ TOTAL,PRODUCT,Y,2025-06-20,0.164856
SI Market + Oral,TRx (Adjusted),ACTEMRA BIOSIMILARS SQ TOTAL,PRODUCT,Y,2025-06-27,0.201812
SI Market + Oral,TRx (Adjusted),ACTEMRA BIOSIMILARS SQ TOTAL,PRODUCT,Y,2025-07-04,0.176812
SI Market + Oral,TRx (Adjusted),ACTEMRA BIOSIMILARS SQ TOTAL,PRODUCT,Y,2025-07-11,0.193117
SI Market + Oral,TRx (Adjusted),ACTEMRA BIOSIMILARS SQ TOTAL,PRODUCT,Y,2025-07-18,0.175034
SI Market + Oral,TRx (Adjusted),ACTEMRA BIOSIMILARS SQ TOTAL,PRODUCT,Y,2025-07-25,0.183223
SI Market + Oral,TRx (Adjusted),ACTEMRA BIOSIMILARS SQ TOTAL,PRODUCT,Y,2025-08-01,0.220413
SI Market + Oral,TRx (Adjusted),ACTEMRA BIOSIMILARS SQ TOTAL,PRODUCT,Y,2025-08-08,0.200353
SI Market + Oral,TRx (Adjusted),ACTEMRA BIOSIMILARS SQ TOTAL,PRODUCT,Y,2025-08-15,0.174234
SI Market + Oral,TRx (Adjusted),ACTEMRA BIOSIMILARS SQ TOTAL,PRODUCT,Y,2025-08-22,0.193345
SI Market + Oral,TRx (Adjusted),ACTEMRA BIOSIMILARS SQ TOTAL,PRODUCT,Y,2025-08-29,0.222968
SI Market + Oral,TRx (Adjusted),ACTEMRA BIOSIMILARS SQ TOTAL,PRODUCT,Y,2025-09-05,0.153778
SI Market + Oral,TRx (Adjusted),ACTEMRA BIOSIMILARS SQ TOTAL,PRODUCT,Y,2025-09-12,0.181905
SI Market + Oral,TRx (Adjusted),ACTEMRA BIOSIMILARS SQ TOTAL,PRODUCT,Y,2025-09-19,0.17691
SI Market + Oral,TRx (Adjusted),ACTEMRA BIOSIMILARS SQ TOTAL,PRODUCT,Y,2025-09-26,0.183745
SI Market + Oral,TRx (Adjusted),ACTEMRA BIOSIMILARS SQ TOTAL,PRODUCT,Y,2025-10-03,0.185585
SI Market + Oral,TRx (Adjusted),ACTEMRA BIOSIMILARS SQ TOTAL,PRODUCT,Y,2025-10-10,0.153231
SI Market + Oral,TRx (Adjusted),ACTEMRA BIOSIMILARS SQ TOTAL,PRODUCT,Y,2025-10-17,0.154094
SI Market + Oral,TRx (Adjusted),ACTEMRA BIOSIMILARS SQ TOTAL,PRODUCT,Y,2025-10-24,0.167043
SI Market + Oral,TRx (Adjusted),ACTEMRA BIOSIMILARS SQ TOTAL,PRODUCT,Y,2025-10-31,0.146109
SI Market + Oral,TRx (Adjusted),ACTEMRA BIOSIMILARS SQ TOTAL,PRODUCT,Y,2025-11-07,0.273627
SI Market + Oral,TRx (Adjusted),ACTEMRA BIOSIMILARS SQ TOTAL,PRODUCT,Y,2025-11-14,0.273627
SI Market + Oral,TRx (Adjusted),ACTEMRA BIOSIMILARS SQ TOTAL,PRODUCT,Y,2025-11-21,0.287344
SI Market + Oral,TRx (Adjusted),ACTEMRA BIOSIMILARS SQ TOTAL,PRODUCT,Y,2025-11-28,0.218409
SI Market + Oral,TRx (Adjusted),ACTEMRA BIOSIMILARS SQ TOTAL,PRODUCT,Y,2025-12-05,0.381397
SI Market + Oral,TRx (Adjusted),ACTEMRA BIOSIMILARS SQ TOTAL,PRODUCT,Y,2025-12-12,0.386622
SI Market + Oral,TRx (Adjusted),ACTEMRA BIOSIMILARS SQ TOTAL,PRODUCT,Y,2025-12-19,0.413616
SI Market + Oral,TRx (Adjusted),ACTEMRA BIOSIMILARS SQ TOTAL,PRODUCT,Y,2025-12-26,0.245122
SI Market + Oral,TRx (Adjusted),ACTEMRA BIOSIMILARS SQ TOTAL,PRODUCT,Y,2026-01-02,0.353097
SI Market + Oral,TRx (Adjusted),ACTEMRA BIOSIMILARS SQ TOTAL,PRODUCT,Y,2026-01-09,0.586681
SI Market + Oral,TRx (Adjusted),ACTEMRA BIOSIMILARS SQ TOTAL,PRODUCT,Y,2026-01-16,0.667818
SI Market + Oral,TRx (Adjusted),ACTEMRA BIOSIMILARS SQ TOTAL,PRODUCT,Y,2026-01-23,0.581007
SI Market + Oral,TRx (Adjusted),ACTEMRA BIOSIMILARS SQ TOTAL,PRODUCT,Y,2026-01-30,0.582142
SI Market + Oral,TRx (Adjusted),ACTEMRA BIOSIMILARS SQ TOTAL,PRODUCT,Y,2026-02-06,0.704273
SI Market + Oral,TRx (Adjusted),ACTEMRA BIOSIMILARS SQ TOTAL,PRODUCT,Y,2026-02-13,0.687463
SI Market + Oral,TRx (Adjusted),ACTEMRA BIOSIMILARS SQ TOTAL,PRODUCT,Y,2026-02-20,0.667637
SI Market + Oral,TRx (Adjusted),ACTEMRA BIOSIMILARS SQ TOTAL,PRODUCT,Y,2026-02-27,0.727116
SI Market + Oral,TRx (Adjusted),ACTEMRA BIOSIMILARS SQ TOTAL,PRODUCT,Y,2026-03-06,0.694743
SI Market + Oral,TRx (Adjusted),ACTEMRA BIOSIMILARS SQ TOTAL,PRODUCT,Y,2026-03-13,0.689647
SI Market + Oral,TRx (Adjusted),ACTEMRA BIOSIMILARS SQ TOTAL,PRODUCT,Y,2026-03-20,0.65044
SI Market + Oral,TRx (Adjusted),ACTEMRA BIOSIMILARS SQ TOTAL,PRODUCT,Y,2026-03-27,0.727677
SI Market + Oral,TRx (Adjusted),ACTEMRA BIOSIMILARS SQ TOTAL,PRODUCT,Y,2026-04-03,0.784135
SI Market + Oral,TRx (Adjusted),ACTEMRA BIOSIMILARS SQ TOTAL,PRODUCT,Y,2026-04-10,0.736695
SI Market + Oral,TRx (Adjusted),ACTEMRA BIOSIMILARS SQ TOTAL,PRODUCT,Y,2026-04-17,0.721448
SI Market + Oral,TRx (Adjusted),ACTEMRA BIOSIMILARS SQ TOTAL,PRODUCT,Y,2026-04-24,0.732295
SI Market + Oral,TRx (Adjusted),ACTEMRA BIOSIMILARS SQ TOTAL,PRODUCT,Y,2026-05-01,0.792673
SI Market + Oral,TRx (Adjusted),ACTEMRA BIOSIMILARS SQ TOTAL,PRODUCT,Y,2026-05-08,0.784484
SI Market + Oral,TRx (Adjusted),ACTEMRA SQ,PRODUCT,Y,2024-05-03,0.811534
SI Market + Oral,TRx (Adjusted),ACTEMRA SQ,PRODUCT,Y,2024-05-10,0.832841
SI Market + Oral,TRx (Adjusted),ACTEMRA SQ,PRODUCT,Y,2024-05-17,0.823441
SI Market + Oral,TRx (Adjusted),ACTEMRA SQ,PRODUCT,Y,2024-05-24,0.861459
SI Market + Oral,TRx (Adjusted),ACTEMRA SQ,PRODUCT,Y,2024-05-31,0.658155
SI Market + Oral,TRx (Adjusted),ACTEMRA SQ,PRODUCT,Y,2024-06-07,0.779885
SI Market + Oral,TRx (Adjusted),ACTEMRA SQ,PRODUCT,Y,2024-06-14,0.770833
SI Market + Oral,TRx (Adjusted),ACTEMRA SQ,PRODUCT,Y,2024-06-21,0.711723
SI Market + Oral,TRx (Adjusted),ACTEMRA SQ,PRODUCT,Y,2024-06-28,0.7531
SI Market + Oral,TRx (Adjusted),ACTEMRA SQ,PRODUCT,Y,2024-07-05,0.450294
SI Market + Oral,TRx (Adjusted),ACTEMRA SQ,PRODUCT,Y,2024-07-12,0.720409
SI Market + Oral,TRx (Adjusted),ACTEMRA SQ,PRODUCT,Y,2024-07-19,0.6459
SI Market + Oral,TRx (Adjusted),ACTEMRA SQ,PRODUCT,Y,2024-07-26,0.626
SI Market + Oral,TRx (Adjusted),ACTEMRA SQ,PRODUCT,Y,2024-08-02,0.531029
SI Market + Oral,TRx (Adjusted),ACTEMRA SQ,PRODUCT,Y,2024-08-09,0.552651
SI Market + Oral,TRx (Adjusted),ACTEMRA SQ,PRODUCT,Y,2024-08-16,0.525298
SI Market + Oral,TRx (Adjusted),ACTEMRA SQ,PRODUCT,Y,2024-08-23,0.553693
SI Market + Oral,TRx (Adjusted),ACTEMRA SQ,PRODUCT,Y,2024-08-30,0.572885
SI Market + Oral,TRx (Adjusted),ACTEMRA SQ,PRODUCT,Y,2024-09-06,0.470733
SI Market + Oral,TRx (Adjusted),ACTEMRA SQ,PRODUCT,Y,2024-09-13,0.548192
SI Market + Oral,TRx (Adjusted),ACTEMRA SQ,PRODUCT,Y,2024-09-20,0.545983
SI Market + Oral,TRx (Adjusted),ACTEMRA SQ,PRODUCT,Y,2024-09-27,0.51765
SI Market + Oral,TRx (Adjusted),ACTEMRA SQ,PRODUCT,Y,2024-10-04,0.533439
SI Market + Oral,TRx (Adjusted),ACTEMRA SQ,PRODUCT,Y,2024-10-11,0.498554
SI Market + Oral,TRx (Adjusted),ACTEMRA SQ,PRODUCT,Y,2024-10-18,0.541847
SI Market + Oral,TRx (Adjusted),ACTEMRA SQ,PRODUCT,Y,2024-10-25,0.536075
SI Market + Oral,TRx (Adjusted),ACTEMRA SQ,PRODUCT,Y,2024-11-01,0.566685
SI Market + Oral,TRx (Adjusted),ACTEMRA SQ,PRODUCT,Y,2024-11-08,0.537208
SI Market + Oral,TRx (Adjusted),ACTEMRA SQ,PRODUCT,Y,2024-11-15,0.559154
SI Market + Oral,TRx (Adjusted),ACTEMRA SQ,PRODUCT,Y,2024-11-22,0.578372
SI Market + Oral,TRx (Adjusted),ACTEMRA SQ,PRODUCT,Y,2024-11-29,0.427091
SI Market + Oral,TRx (Adjusted),ACTEMRA SQ,PRODUCT,Y,2024-12-06,0.610997
SI Market + Oral,TRx (Adjusted),ACTEMRA SQ,PRODUCT,Y,2024-12-13,0.556322
SI Market + Oral,TRx (Adjusted),ACTEMRA SQ,PRODUCT,Y,2024-12-20,0.584415
SI Market + Oral,TRx (Adjusted),ACTEMRA SQ,PRODUCT,Y,2024-12-27,0.430091
SI Market + Oral,TRx (Adjusted),ACTEMRA SQ,PRODUCT,Y,2025-01-03,0.473176
SI Market + Oral,TRx (Adjusted),ACTEMRA SQ,PRODUCT,Y,2025-01-10,0.499474
SI Market + Oral,TRx (Adjusted),ACTEMRA SQ,PRODUCT,Y,2025-01-17,0.53918
SI Market + Oral,TRx (Adjusted),ACTEMRA SQ,PRODUCT,Y,2025-01-24,0.442549
SI Market + Oral,TRx (Adjusted),ACTEMRA SQ,PRODUCT,Y,2025-01-31,0.535582
SI Market + Oral,TRx (Adjusted),ACTEMRA SQ,PRODUCT,Y,2025-02-07,0.697758
SI Market + Oral,TRx (Adjusted),ACTEMRA SQ,PRODUCT,Y,2025-02-14,0.663721
SI Market + Oral,TRx (Adjusted),ACTEMRA SQ,PRODUCT,Y,2025-02-21,0.63993
SI Market + Oral,TRx (Adjusted),ACTEMRA SQ,PRODUCT,Y,2025-02-28,0.734573
SI Market + Oral,TRx (Adjusted),ACTEMRA SQ,PRODUCT,Y,2025-03-07,1.033078
SI Market + Oral,TRx (Adjusted),ACTEMRA SQ,PRODUCT,Y,2025-03-14,1.03151
SI Market + Oral,TRx (Adjusted),ACTEMRA SQ,PRODUCT,Y,2025-03-21,1.022358
SI Market + Oral,TRx (Adjusted),ACTEMRA SQ,PRODUCT,Y,2025-03-28,1.047198
SI Market + Oral,TRx (Adjusted),ACTEMRA SQ,PRODUCT,Y,2025-04-04,0.947577
SI Market + Oral,TRx (Adjusted),ACTEMRA SQ,PRODUCT,Y,2025-04-11,1.481586
SI Market + Oral,TRx (Adjusted),ACTEMRA SQ,PRODUCT,Y,2025-04-18,1.392313
SI Market + Oral,TRx (Adjusted),ACTEMRA SQ,PRODUCT,Y,2025-04-25,1.385885
SI Market + Oral,TRx (Adjusted),ACTEMRA SQ,PRODUCT,Y,2025-05-02,1.43695
SI Market + Oral,TRx (Adjusted),ACTEMRA SQ,PRODUCT,Y,2025-05-09,1.606752
SI Market + Oral,TRx (Adjusted),ACTEMRA SQ,PRODUCT,Y,2025-05-16,1.573468
SI Market + Oral,TRx (Adjusted),ACTEMRA SQ,PRODUCT,Y,2025-05-23,1.627752
SI Market + Oral,TRx (Adjusted),ACTEMRA SQ,PRODUCT,Y,2025-05-30,1.431614
SI Market + Oral,TRx (Adjusted),ACTEMRA SQ,PRODUCT,Y,2025-06-06,1.475619
SI Market + Oral,TRx (Adjusted),ACTEMRA SQ,PRODUCT,Y,2025-06-13,1.422893
SI Market + Oral,TRx (Adjusted),ACTEMRA SQ,PRODUCT,Y,2025-06-20,1.386798
SI Market + Oral,TRx (Adjusted),ACTEMRA SQ,PRODUCT,Y,2025-06-27,1.452617
SI Market + Oral,TRx (Adjusted),ACTEMRA SQ,PRODUCT,Y,2025-07-04,1.166694
SI Market + Oral,TRx (Adjusted),ACTEMRA SQ,PRODUCT,Y,2025-07-11,1.455246
SI Market + Oral,TRx (Adjusted),ACTEMRA SQ,PRODUCT,Y,2025-07-18,1.350134
SI Market + Oral,TRx (Adjusted),ACTEMRA SQ,PRODUCT,Y,2025-07-25,1.356662
SI Market + Oral,TRx (Adjusted),ACTEMRA SQ,PRODUCT,Y,2025-08-01,1.361885
SI Market + Oral,TRx (Adjusted),ACTEMRA SQ,PRODUCT,Y,2025-08-08,1.286892
SI Market + Oral,TRx (Adjusted),ACTEMRA SQ,PRODUCT,Y,2025-08-15,1.266803
SI Market + Oral,TRx (Adjusted),ACTEMRA SQ,PRODUCT,Y,2025-08-22,1.228148
SI Market + Oral,TRx (Adjusted),ACTEMRA SQ,PRODUCT,Y,2025-08-29,1.358115
SI Market + Oral,TRx (Adjusted),ACTEMRA SQ,PRODUCT,Y,2025-09-05,0.957518
SI Market + Oral,TRx (Adjusted),ACTEMRA SQ,PRODUCT,Y,2025-09-12,1.115631
SI Market + Oral,TRx (Adjusted),ACTEMRA SQ,PRODUCT,Y,2025-09-19,1.050214
SI Market + Oral,TRx (Adjusted),ACTEMRA SQ,PRODUCT,Y,2025-09-26,1.057539
SI Market + Oral,TRx (Adjusted),ACTEMRA SQ,PRODUCT,Y,2025-10-03,1.089616
SI Market + Oral,TRx (Adjusted),ACTEMRA SQ,PRODUCT,Y,2025-10-10,0.872338
SI Market + Oral,TRx (Adjusted),ACTEMRA SQ,PRODUCT,Y,2025-10-17,0.851288
SI Market + Oral,TRx (Adjusted),ACTEMRA SQ,PRODUCT,Y,2025-10-24,0.892149
SI Market + Oral,TRx (Adjusted),ACTEMRA SQ,PRODUCT,Y,2025-10-31,0.882244
SI Market + Oral,TRx (Adjusted),ACTEMRA SQ,PRODUCT,Y,2025-11-07,1.418643
SI Market + Oral,TRx (Adjusted),ACTEMRA SQ,PRODUCT,Y,2025-11-14,1.422005
SI Market + Oral,TRx (Adjusted),ACTEMRA SQ,PRODUCT,Y,2025-11-21,1.465371
SI Market + Oral,TRx (Adjusted),ACTEMRA SQ,PRODUCT,Y,2025-11-28,1.030029
SI Market + Oral,TRx (Adjusted),ACTEMRA SQ,PRODUCT,Y,2025-12-05,1.981964
SI Market + Oral,TRx (Adjusted),ACTEMRA SQ,PRODUCT,Y,2025-12-12,1.832208
SI Market + Oral,TRx (Adjusted),ACTEMRA SQ,PRODUCT,Y,2025-12-19,1.872366
SI Market + Oral,TRx (Adjusted),ACTEMRA SQ,PRODUCT,Y,2025-12-26,1.226073
SI Market + Oral,TRx (Adjusted),ACTEMRA SQ,PRODUCT,Y,2026-01-02,1.505088
SI Market + Oral,TRx (Adjusted),ACTEMRA SQ,PRODUCT,Y,2026-01-09,2.3909
SI Market + Oral,TRx (Adjusted),ACTEMRA SQ,PRODUCT,Y,2026-01-16,1.963974
SI Market + Oral,TRx (Adjusted),ACTEMRA SQ,PRODUCT,Y,2026-01-23,1.651393
SI Market + Oral,TRx (Adjusted),ACTEMRA SQ,PRODUCT,Y,2026-01-30,1.600254
SI Market + Oral,TRx (Adjusted),ACTEMRA SQ,PRODUCT,Y,2026-02-06,1.544114
SI Market + Oral,TRx (Adjusted),ACTEMRA SQ,PRODUCT,Y,2026-02-13,1.477853
SI Market + Oral,TRx (Adjusted),ACTEMRA SQ,PRODUCT,Y,2026-02-20,1.413877
SI Market + Oral,TRx (Adjusted),ACTEMRA SQ,PRODUCT,Y,2026-02-27,1.389657
SI Market + Oral,TRx (Adjusted),ACTEMRA SQ,PRODUCT,Y,2026-03-06,1.26691
SI Market + Oral,TRx (Adjusted),ACTEMRA SQ,PRODUCT,Y,2026-03-13,1.196104
SI Market + Oral,TRx (Adjusted),ACTEMRA SQ,PRODUCT,Y,2026-03-20,1.218506
SI Market + Oral,TRx (Adjusted),ACTEMRA SQ,PRODUCT,Y,2026-03-27,1.298913
SI Market + Oral,TRx (Adjusted),ACTEMRA SQ,PRODUCT,Y,2026-04-03,1.26611
SI Market + Oral,TRx (Adjusted),ACTEMRA SQ,PRODUCT,Y,2026-04-10,1.210906
SI Market + Oral,TRx (Adjusted),ACTEMRA SQ,PRODUCT,Y,2026-04-17,1.105296
SI Market + Oral,TRx (Adjusted),ACTEMRA SQ,PRODUCT,Y,2026-04-24,1.26531
SI Market + Oral,TRx (Adjusted),ACTEMRA SQ,PRODUCT,Y,2026-05-01,1.26291
SI Market + Oral,TRx (Adjusted),ACTEMRA SQ,PRODUCT,Y,2026-05-08,1.226907
SI Market + Oral,TRx (Adjusted),BIMZELX,PRODUCT,Y,2024-05-03,0.931447
SI Market + Oral,TRx (Adjusted),BIMZELX,PRODUCT,Y,2024-05-10,0.947004
SI Market + Oral,TRx (Adjusted),BIMZELX,PRODUCT,Y,2024-05-17,0.992701
SI Market + Oral,TRx (Adjusted),BIMZELX,PRODUCT,Y,2024-05-24,0.980061
SI Market + Oral,TRx (Adjusted),BIMZELX,PRODUCT,Y,2024-05-31,0.0
SI Market + Oral,TRx (Adjusted),BIMZELX,PRODUCT,Y,2024-06-07,0.0
SI Market + Oral,TRx (Adjusted),BIMZELX,PRODUCT,Y,2024-06-14,0.0
SI Market + Oral,TRx (Adjusted),BIMZELX,PRODUCT,Y,2024-06-21,0.0
SI Market + Oral,TRx (Adjusted),BIMZELX,PRODUCT,Y,2024-06-28,0.0
SI Market + Oral,TRx (Adjusted),BIMZELX,PRODUCT,Y,2024-07-05,0.0
SI Market + Oral,TRx (Adjusted),BIMZELX,PRODUCT,Y,2024-07-12,0.0
SI Market + Oral,TRx (Adjusted),BIMZELX,PRODUCT,Y,2024-07-19,0.0
SI Market + Oral,TRx (Adjusted),BIMZELX,PRODUCT,Y,2024-07-26,0.0
SI Market + Oral,TRx (Adjusted),BIMZELX,PRODUCT,Y,2024-08-02,0.0
SI Market + Oral,TRx (Adjusted),BIMZELX,PRODUCT,Y,2024-08-09,0.0
SI Market + Oral,TRx (Adjusted),BIMZELX,PRODUCT,Y,2024-08-16,0.0
SI Market + Oral,TRx (Adjusted),BIMZELX,PRODUCT,Y,2024-08-23,0.0
SI Market + Oral,TRx (Adjusted),BIMZELX,PRODUCT,Y,2024-08-30,0.0
SI Market + Oral,TRx (Adjusted),BIMZELX,PRODUCT,Y,2024-09-06,0.0
SI Market + Oral,TRx (Adjusted),BIMZELX,PRODUCT,Y,2024-09-13,0.0
SI Market + Oral,TRx (Adjusted),BIMZELX,PRODUCT,Y,2024-09-20,0.0
SI Market + Oral,TRx (Adjusted),BIMZELX,PRODUCT,Y,2024-09-27,0.0
SI Market + Oral,TRx (Adjusted),BIMZELX,PRODUCT,Y,2024-10-04,0.0
SI Market + Oral,TRx (Adjusted),BIMZELX,PRODUCT,Y,2024-10-11,0.0
SI Market + Oral,TRx (Adjusted),BIMZELX,PRODUCT,Y,2024-10-18,0.0
SI Market + Oral,TRx (Adjusted),BIMZELX,PRODUCT,Y,2024-10-25,0.0
SI Market + Oral,TRx (Adjusted),BIMZELX,PRODUCT,Y,2024-11-01,0.0
SI Market + Oral,TRx (Adjusted),BIMZELX,PRODUCT,Y,2024-11-08,0.0
SI Market + Oral,TRx (Adjusted),BIMZELX,PRODUCT,Y,2024-11-15,0.0
SI Market + Oral,TRx (Adjusted),BIMZELX,PRODUCT,Y,2024-11-22,0.0
SI Market + Oral,TRx (Adjusted),BIMZELX,PRODUCT,Y,2024-11-29,0.0
SI Market + Oral,TRx (Adjusted),BIMZELX,PRODUCT,Y,2024-12-06,0.0
SI Market + Oral,TRx (Adjusted),BIMZELX,PRODUCT,Y,2024-12-13,0.0
SI Market + Oral,TRx (Adjusted),BIMZELX,PRODUCT,Y,2024-12-20,0.0
SI Market + Oral,TRx (Adjusted),BIMZELX,PRODUCT,Y,2024-12-27,0.0
SI Market + Oral,TRx (Adjusted),BIMZELX,PRODUCT,Y,2025-01-03,0.0
SI Market + Oral,TRx (Adjusted),BIMZELX,PRODUCT,Y,2025-01-10,0.0
SI Market + Oral,TRx (Adjusted),BIMZELX,PRODUCT,Y,2025-01-17,0.0
SI Market + Oral,TRx (Adjusted),BIMZELX,PRODUCT,Y,2025-01-24,0.0
SI Market + Oral,TRx (Adjusted),BIMZELX,PRODUCT,Y,2025-01-31,0.0
SI Market + Oral,TRx (Adjusted),BIMZELX,PRODUCT,Y,2025-02-07,0.0
SI Market + Oral,TRx (Adjusted),BIMZELX,PRODUCT,Y,2025-02-14,0.0
SI Market + Oral,TRx (Adjusted),BIMZELX,PRODUCT,Y,2025-02-21,0.0
SI Market + Oral,TRx (Adjusted),BIMZELX,PRODUCT,Y,2025-02-28,0.0
SI Market + Oral,TRx (Adjusted),BIMZELX,PRODUCT,Y,2025-03-07,0.0
SI Market + Oral,TRx (Adjusted),BIMZELX,PRODUCT,Y,2025-03-14,0.0
SI Market + Oral,TRx (Adjusted),BIMZELX,PRODUCT,Y,2025-03-21,0.0
SI Market + Oral,TRx (Adjusted),BIMZELX,PRODUCT,Y,2025-03-28,0.0
SI Market + Oral,TRx (Adjusted),BIMZELX,PRODUCT,Y,2025-04-04,0.0
SI Market + Oral,TRx (Adjusted),BIMZELX,PRODUCT,Y,2025-04-11,0.0
SI Market + Oral,TRx (Adjusted),BIMZELX,PRODUCT,Y,2025-04-18,0.0
SI Market + Oral,TRx (Adjusted),BIMZELX,PRODUCT,Y,2025-04-25,0.0
SI Market + Oral,TRx (Adjusted),BIMZELX,PRODUCT,Y,2025-05-02,0.0
SI Market + Oral,TRx (Adjusted),BIMZELX,PRODUCT,Y,2025-05-09,0.0
SI Market + Oral,TRx (Adjusted),BIMZELX,PRODUCT,Y,2025-05-16,0.0
SI Market + Oral,TRx (Adjusted),BIMZELX,PRODUCT,Y,2025-05-23,0.0
SI Market + Oral,TRx (Adjusted),BIMZELX,PRODUCT,Y,2025-05-30,0.0
SI Market + Oral,TRx (Adjusted),BIMZELX,PRODUCT,Y,2025-06-06,0.0
SI Market + Oral,TRx (Adjusted),BIMZELX,PRODUCT,Y,2025-06-13,0.0
SI Market + Oral,TRx (Adjusted),BIMZELX,PRODUCT,Y,2025-06-20,0.0
SI Market + Oral,TRx (Adjusted),BIMZELX,PRODUCT,Y,2025-06-27,0.0
SI Market + Oral,TRx (Adjusted),BIMZELX,PRODUCT,Y,2025-07-04,0.0
SI Market + Oral,TRx (Adjusted),BIMZELX,PRODUCT,Y,2025-07-11,0.351129
SI Market + Oral,TRx (Adjusted),BIMZELX,PRODUCT,Y,2025-07-18,0.33339
SI Market + Oral,TRx (Adjusted),BIMZELX,PRODUCT,Y,2025-07-25,0.331507
SI Market + Oral,TRx (Adjusted),BIMZELX,PRODUCT,Y,2025-08-01,0.329624
SI Market + Oral,TRx (Adjusted),BIMZELX,PRODUCT,Y,2025-08-08,0.547512
SI Market + Oral,TRx (Adjusted),BIMZELX,PRODUCT,Y,2025-08-15,0.54471
SI Market + Oral,TRx (Adjusted),BIMZELX,PRODUCT,Y,2025-08-22,0.54413
SI Market + Oral,TRx (Adjusted),BIMZELX,PRODUCT,Y,2025-08-29,0.61699
SI Market + Oral,TRx (Adjusted),BIMZELX,PRODUCT,Y,2025-09-05,0.69562
SI Market + Oral,TRx (Adjusted),BIMZELX,PRODUCT,Y,2025-09-12,0.877391
SI Market + Oral,TRx (Adjusted),BIMZELX,PRODUCT,Y,2025-09-19,0.889976
SI Market + Oral,TRx (Adjusted),BIMZELX,PRODUCT,Y,2025-09-26,0.870813
SI Market + Oral,TRx (Adjusted),BIMZELX,PRODUCT,Y,2025-10-03,0.862518
SI Market + Oral,TRx (Adjusted),BIMZELX,PRODUCT,Y,2025-10-10,0.835239
SI Market + Oral,TRx (Adjusted),BIMZELX,PRODUCT,Y,2025-10-17,0.790073
SI Market + Oral,TRx (Adjusted),BIMZELX,PRODUCT,Y,2025-10-24,0.792514
SI Market + Oral,TRx (Adjusted),BIMZELX,PRODUCT,Y,2025-10-31,0.854635
SI Market + Oral,TRx (Adjusted),BIMZELX,PRODUCT,Y,2025-11-07,1.011696
SI Market + Oral,TRx (Adjusted),BIMZELX,PRODUCT,Y,2025-11-14,1.020374
SI Market + Oral,TRx (Adjusted),BIMZELX,PRODUCT,Y,2025-11-21,1.070464
SI Market + Oral,TRx (Adjusted),BIMZELX,PRODUCT,Y,2025-11-28,0.694561
SI Market + Oral,TRx (Adjusted),BIMZELX,PRODUCT,Y,2025-12-05,1.024886
SI Market + Oral,TRx (Adjusted),BIMZELX,PRODUCT,Y,2025-12-12,0.987095
SI Market + Oral,TRx (Adjusted),BIMZELX,PRODUCT,Y,2025-12-19,1.043341
SI Market + Oral,TRx (Adjusted),BIMZELX,PRODUCT,Y,2025-12-26,0.672027
SI Market + Oral,TRx (Adjusted),BIMZELX,PRODUCT,Y,2026-01-02,0.771923
SI Market + Oral,TRx (Adjusted),BIMZELX,PRODUCT,Y,2026-01-09,1.966917
SI Market + Oral,TRx (Adjusted),BIMZELX,PRODUCT,Y,2026-01-16,1.901494
SI Market + Oral,TRx (Adjusted),BIMZELX,PRODUCT,Y,2026-01-23,1.473012
SI Market + Oral,TRx (Adjusted),BIMZELX,PRODUCT,Y,2026-01-30,1.459534
SI Market + Oral,TRx (Adjusted),BIMZELX,PRODUCT,Y,2026-02-06,3.036086
SI Market + Oral,TRx (Adjusted),BIMZELX,PRODUCT,Y,2026-02-13,2.889943
SI Market + Oral,TRx (Adjusted),BIMZELX,PRODUCT,Y,2026-02-20,2.60408
SI Market + Oral,TRx (Adjusted),BIMZELX,PRODUCT,Y,2026-02-27,2.740186
SI Market + Oral,TRx (Adjusted),BIMZELX,PRODUCT,Y,2026-03-06,4.356147
SI Market + Oral,TRx (Adjusted),BIMZELX,PRODUCT,Y,2026-03-13,4.123996
SI Market + Oral,TRx (Adjusted),BIMZELX,PRODUCT,Y,2026-03-20,3.71939
SI Market + Oral,TRx (Adjusted),BIMZELX,PRODUCT,Y,2026-03-27,4.363885
SI Market + Oral,TRx (Adjusted),BIMZELX,PRODUCT,Y,2026-04-03,4.331274
SI Market + Oral,TRx (Adjusted),BIMZELX,PRODUCT,Y,2026-04-10,4.159371
SI Market + Oral,TRx (Adjusted),BIMZELX,PRODUCT,Y,2026-04-17,4.147764
SI Market + Oral,TRx (Adjusted),BIMZELX,PRODUCT,Y,2026-04-24,4.337354
SI Market + Oral,TRx (Adjusted),BIMZELX,PRODUCT,Y,2026-05-01,4.811605
SI Market + Oral,TRx (Adjusted),BIMZELX,PRODUCT,Y,2026-05-08,4.819896
SI Market + Oral,TRx (Adjusted),COSENTYX SQ,PRODUCT,Y,2024-05-03,3.281578
SI Market + Oral,TRx (Adjusted),COSENTYX SQ,PRODUCT,Y,2024-05-10,3.193042
SI Market + Oral,TRx (Adjusted),COSENTYX SQ,PRODUCT,Y,2024-05-17,3.313074
SI Market + Oral,TRx (Adjusted),COSENTYX SQ,PRODUCT,Y,2024-05-24,3.310578
SI Market + Oral,TRx (Adjusted),COSENTYX SQ,PRODUCT,Y,2024-05-31,4.049031
SI Market + Oral,TRx (Adjusted),COSENTYX SQ,PRODUCT,Y,2024-06-07,4.984642
SI Market + Oral,TRx (Adjusted),COSENTYX SQ,PRODUCT,Y,2024-06-14,4.912504
SI Market + Oral,TRx (Adjusted),COSENTYX SQ,PRODUCT,Y,2024-06-21,4.769867
SI Market + Oral,TRx (Adjusted),COSENTYX SQ,PRODUCT,Y,2024-06-28,4.880807
SI Market + Oral,TRx (Adjusted),COSENTYX SQ,PRODUCT,Y,2024-07-05,4.332845
SI Market + Oral,TRx (Adjusted),COSENTYX SQ,PRODUCT,Y,2024-07-12,6.627818
SI Market + Oral,TRx (Adjusted),COSENTYX SQ,PRODUCT,Y,2024-07-19,6.270733
SI Market + Oral,TRx (Adjusted),COSENTYX SQ,PRODUCT,Y,2024-07-26,5.980415
SI Market + Oral,TRx (Adjusted),COSENTYX SQ,PRODUCT,Y,2024-08-02,6.009991
SI Market + Oral,TRx (Adjusted),COSENTYX SQ,PRODUCT,Y,2024-08-09,6.399102
SI Market + Oral,TRx (Adjusted),COSENTYX SQ,PRODUCT,Y,2024-08-16,6.396318
SI Market + Oral,TRx (Adjusted),COSENTYX SQ,PRODUCT,Y,2024-08-23,6.420333
SI Market + Oral,TRx (Adjusted),COSENTYX SQ,PRODUCT,Y,2024-08-30,5.992806
SI Market + Oral,TRx (Adjusted),COSENTYX SQ,PRODUCT,Y,2024-09-06,5.004532
SI Market + Oral,TRx (Adjusted),COSENTYX SQ,PRODUCT,Y,2024-09-13,5.469875
SI Market + Oral,TRx (Adjusted),COSENTYX SQ,PRODUCT,Y,2024-09-20,5.695891
SI Market + Oral,TRx (Adjusted),COSENTYX SQ,PRODUCT,Y,2024-09-27,5.576691
SI Market + Oral,TRx (Adjusted),COSENTYX SQ,PRODUCT,Y,2024-10-04,4.96322
SI Market + Oral,TRx (Adjusted),COSENTYX SQ,PRODUCT,Y,2024-10-11,4.546589
SI Market + Oral,TRx (Adjusted),COSENTYX SQ,PRODUCT,Y,2024-10-18,5.139622
SI Market + Oral,TRx (Adjusted),COSENTYX SQ,PRODUCT,Y,2024-10-25,5.004695
SI Market + Oral,TRx (Adjusted),COSENTYX SQ,PRODUCT,Y,2024-11-01,4.76697
SI Market + Oral,TRx (Adjusted),COSENTYX SQ,PRODUCT,Y,2024-11-08,4.588749
SI Market + Oral,TRx (Adjusted),COSENTYX SQ,PRODUCT,Y,2024-11-15,4.789722
SI Market + Oral,TRx (Adjusted),COSENTYX SQ,PRODUCT,Y,2024-11-22,5.049343
SI Market + Oral,TRx (Adjusted),COSENTYX SQ,PRODUCT,Y,2024-11-29,3.476195
SI Market + Oral,TRx (Adjusted),COSENTYX SQ,PRODUCT,Y,2024-12-06,5.30695
SI Market + Oral,TRx (Adjusted),COSENTYX SQ,PRODUCT,Y,2024-12-13,4.862599
SI Market + Oral,TRx (Adjusted),COSENTYX SQ,PRODUCT,Y,2024-12-20,5.059015
SI Market + Oral,TRx (Adjusted),COSENTYX SQ,PRODUCT,Y,2024-12-27,3.581064
SI Market + Oral,TRx (Adjusted),COSENTYX SQ,PRODUCT,Y,2025-01-03,4.043497
SI Market + Oral,TRx (Adjusted),COSENTYX SQ,PRODUCT,Y,2025-01-10,3.630164
SI Market + Oral,TRx (Adjusted),COSENTYX SQ,PRODUCT,Y,2025-01-17,3.998409
SI Market + Oral,TRx (Adjusted),COSENTYX SQ,PRODUCT,Y,2025-01-24,3.279416
SI Market + Oral,TRx (Adjusted),COSENTYX SQ,PRODUCT,Y,2025-01-31,3.939881
SI Market + Oral,TRx (Adjusted),COSENTYX SQ,PRODUCT,Y,2025-02-07,3.204139
SI Market + Oral,TRx (Adjusted),COSENTYX SQ,PRODUCT,Y,2025-02-14,3.178024
SI Market + Oral,TRx (Adjusted),COSENTYX SQ,PRODUCT,Y,2025-02-21,3.010409
SI Market + Oral,TRx (Adjusted),COSENTYX SQ,PRODUCT,Y,2025-02-28,3.436956
SI Market + Oral,TRx (Adjusted),COSENTYX SQ,PRODUCT,Y,2025-03-07,2.281782
SI Market + Oral,TRx (Adjusted),COSENTYX SQ,PRODUCT,Y,2025-03-14,2.261614
SI Market + Oral,TRx (Adjusted),COSENTYX SQ,PRODUCT,Y,2025-03-21,2.286437
SI Market + Oral,TRx (Adjusted),COSENTYX SQ,PRODUCT,Y,2025-03-28,2.35995
SI Market + Oral,TRx (Adjusted),COSENTYX SQ,PRODUCT,Y,2025-04-04,2.082365
SI Market + Oral,TRx (Adjusted),COSENTYX SQ,PRODUCT,Y,2025-04-11,2.183372
SI Market + Oral,TRx (Adjusted),COSENTYX SQ,PRODUCT,Y,2025-04-18,2.166818
SI Market + Oral,TRx (Adjusted),COSENTYX SQ,PRODUCT,Y,2025-04-25,2.23236
SI Market + Oral,TRx (Adjusted),COSENTYX SQ,PRODUCT,Y,2025-05-02,2.199026
SI Market + Oral,TRx (Adjusted),COSENTYX SQ,PRODUCT,Y,2025-05-09,2.081249
SI Market + Oral,TRx (Adjusted),COSENTYX SQ,PRODUCT,Y,2025-05-16,2.093429
SI Market + Oral,TRx (Adjusted),COSENTYX SQ,PRODUCT,Y,2025-05-23,2.181038
SI Market + Oral,TRx (Adjusted),COSENTYX SQ,PRODUCT,Y,2025-05-30,1.861586
SI Market + Oral,TRx (Adjusted),COSENTYX SQ,PRODUCT,Y,2025-06-06,2.678419
SI Market + Oral,TRx (Adjusted),COSENTYX SQ,PRODUCT,Y,2025-06-13,2.576554
SI Market + Oral,TRx (Adjusted),COSENTYX SQ,PRODUCT,Y,2025-06-20,2.571828
SI Market + Oral,TRx (Adjusted),COSENTYX SQ,PRODUCT,Y,2025-06-27,2.753768
SI Market + Oral,TRx (Adjusted),COSENTYX SQ,PRODUCT,Y,2025-07-04,2.182352
SI Market + Oral,TRx (Adjusted),COSENTYX SQ,PRODUCT,Y,2025-07-11,2.369676
SI Market + Oral,TRx (Adjusted),COSENTYX SQ,PRODUCT,Y,2025-07-18,2.346601
SI Market + Oral,TRx (Adjusted),COSENTYX SQ,PRODUCT,Y,2025-07-25,2.294682
SI Market + Oral,TRx (Adjusted),COSENTYX SQ,PRODUCT,Y,2025-08-01,2.21692
SI Market + Oral,TRx (Adjusted),COSENTYX SQ,PRODUCT,Y,2025-08-08,1.865045
SI Market + Oral,TRx (Adjusted),COSENTYX SQ,PRODUCT,Y,2025-08-15,1.897982
SI Market + Oral,TRx (Adjusted),COSENTYX SQ,PRODUCT,Y,2025-08-22,1.875238
SI Market + Oral,TRx (Adjusted),COSENTYX SQ,PRODUCT,Y,2025-08-29,2.007835
SI Market + Oral,TRx (Adjusted),COSENTYX SQ,PRODUCT,Y,2025-09-05,0.947561
SI Market + Oral,TRx (Adjusted),COSENTYX SQ,PRODUCT,Y,2025-09-12,1.133038
SI Market + Oral,TRx (Adjusted),COSENTYX SQ,PRODUCT,Y,2025-09-19,1.116711
SI Market + Oral,TRx (Adjusted),COSENTYX SQ,PRODUCT,Y,2025-09-26,1.073778
SI Market + Oral,TRx (Adjusted),COSENTYX SQ,PRODUCT,Y,2025-10-03,1.123088
SI Market + Oral,TRx (Adjusted),COSENTYX SQ,PRODUCT,Y,2025-10-10,0.983017
SI Market + Oral,TRx (Adjusted),COSENTYX SQ,PRODUCT,Y,2025-10-17,0.953401
SI Market + Oral,TRx (Adjusted),COSENTYX SQ,PRODUCT,Y,2025-10-24,0.96269
SI Market + Oral,TRx (Adjusted),COSENTYX SQ,PRODUCT,Y,2025-10-31,0.983552
SI Market + Oral,TRx (Adjusted),COSENTYX SQ,PRODUCT,Y,2025-11-07,0.67855
SI Market + Oral,TRx (Adjusted),COSENTYX SQ,PRODUCT,Y,2025-11-14,0.674244
SI Market + Oral,TRx (Adjusted),COSENTYX SQ,PRODUCT,Y,2025-11-21,0.695602
SI Market + Oral,TRx (Adjusted),COSENTYX SQ,PRODUCT,Y,2025-11-28,0.519854
SI Market + Oral,TRx (Adjusted),COSENTYX SQ,PRODUCT,Y,2025-12-05,0.368693
SI Market + Oral,TRx (Adjusted),COSENTYX SQ,PRODUCT,Y,2025-12-12,0.345614
SI Market + Oral,TRx (Adjusted),COSENTYX SQ,PRODUCT,Y,2025-12-19,0.355397
SI Market + Oral,TRx (Adjusted),COSENTYX SQ,PRODUCT,Y,2025-12-26,0.232087
SI Market + Oral,TRx (Adjusted),COSENTYX SQ,PRODUCT,Y,2026-01-02,0.272173
SI Market + Oral,TRx (Adjusted),COSENTYX SQ,PRODUCT,Y,2026-01-09,0.0
SI Market + Oral,TRx (Adjusted),COSENTYX SQ,PRODUCT,Y,2026-01-16,0.0
SI Market + Oral,TRx (Adjusted),COSENTYX SQ,PRODUCT,Y,2026-01-23,0.0
SI Market + Oral,TRx (Adjusted),COSENTYX SQ,PRODUCT,Y,2026-01-30,0.0
SI Market + Oral,TRx (Adjusted),COSENTYX SQ,PRODUCT,Y,2026-02-06,0.360094
SI Market + Oral,TRx (Adjusted),COSENTYX SQ,PRODUCT,Y,2026-02-13,0.346196
SI Market + Oral,TRx (Adjusted),COSENTYX SQ,PRODUCT,Y,2026-02-20,0.32356
SI Market + Oral,TRx (Adjusted),COSENTYX SQ,PRODUCT,Y,2026-02-27,0.342185
SI Market + Oral,TRx (Adjusted),COSENTYX SQ,PRODUCT,Y,2026-03-06,0.757201
SI Market + Oral,TRx (Adjusted),COSENTYX SQ,PRODUCT,Y,2026-03-13,0.724881
SI Market + Oral,TRx (Adjusted),COSENTYX SQ,PRODUCT,Y,2026-03-20,0.707377
SI Market + Oral,TRx (Adjusted),COSENTYX SQ,PRODUCT,Y,2026-03-27,0.759029
SI Market + Oral,TRx (Adjusted),COSENTYX SQ,PRODUCT,Y,2026-04-03,0.774629
SI Market + Oral,TRx (Adjusted),COSENTYX SQ,PRODUCT,Y,2026-04-10,0.712602
SI Market + Oral,TRx (Adjusted),COSENTYX SQ,PRODUCT,Y,2026-04-17,0.693307
SI Market + Oral,TRx (Adjusted),COSENTYX SQ,PRODUCT,Y,2026-04-24,0.733651
SI Market + Oral,TRx (Adjusted),COSENTYX SQ,PRODUCT,Y,2026-05-01,0.78549
SI Market + Oral,TRx (Adjusted),COSENTYX SQ,PRODUCT,Y,2026-05-08,0.783773
SI Market + Oral,TRx (Adjusted),ENBREL,PRODUCT,Y,2024-05-03,18.42742
SI Market + Oral,TRx (Adjusted),ENBREL,PRODUCT,Y,2024-05-10,18.653783
SI Market + Oral,TRx (Adjusted),ENBREL,PRODUCT,Y,2024-05-17,18.770304
SI Market + Oral,TRx (Adjusted),ENBREL,PRODUCT,Y,2024-05-24,19.475369
SI Market + Oral,TRx (Adjusted),ENBREL,PRODUCT,Y,2024-05-31,17.85215
SI Market + Oral,TRx (Adjusted),ENBREL,PRODUCT,Y,2024-06-07,21.274993
SI Market + Oral,TRx (Adjusted),ENBREL,PRODUCT,Y,2024-06-14,20.051878
SI Market + Oral,TRx (Adjusted),ENBREL,PRODUCT,Y,2024-06-21,19.641826
SI Market + Oral,TRx (Adjusted),ENBREL,PRODUCT,Y,2024-06-28,20.572269
SI Market + Oral,TRx (Adjusted),ENBREL,PRODUCT,Y,2024-07-05,15.945437
SI Market + Oral,TRx (Adjusted),ENBREL,PRODUCT,Y,2024-07-12,22.877712
SI Market + Oral,TRx (Adjusted),ENBREL,PRODUCT,Y,2024-07-19,21.213004
SI Market + Oral,TRx (Adjusted),ENBREL,PRODUCT,Y,2024-07-26,20.767959
SI Market + Oral,TRx (Adjusted),ENBREL,PRODUCT,Y,2024-08-02,20.731563
SI Market + Oral,TRx (Adjusted),ENBREL,PRODUCT,Y,2024-08-09,20.940773
SI Market + Oral,TRx (Adjusted),ENBREL,PRODUCT,Y,2024-08-16,20.79169
SI Market + Oral,TRx (Adjusted),ENBREL,PRODUCT,Y,2024-08-23,21.267767
SI Market + Oral,TRx (Adjusted),ENBREL,PRODUCT,Y,2024-08-30,21.364927
SI Market + Oral,TRx (Adjusted),ENBREL,PRODUCT,Y,2024-09-06,18.109615
SI Market + Oral,TRx (Adjusted),ENBREL,PRODUCT,Y,2024-09-13,20.501843
SI Market + Oral,TRx (Adjusted),ENBREL,PRODUCT,Y,2024-09-20,20.622292
SI Market + Oral,TRx (Adjusted),ENBREL,PRODUCT,Y,2024-09-27,20.443612
SI Market + Oral,TRx (Adjusted),ENBREL,PRODUCT,Y,2024-10-04,20.542336
SI Market + Oral,TRx (Adjusted),ENBREL,PRODUCT,Y,2024-10-11,19.291906
SI Market + Oral,TRx (Adjusted),ENBREL,PRODUCT,Y,2024-10-18,20.339812
SI Market + Oral,TRx (Adjusted),ENBREL,PRODUCT,Y,2024-10-25,20.419594
SI Market + Oral,TRx (Adjusted),ENBREL,PRODUCT,Y,2024-11-01,20.315448
SI Market + Oral,TRx (Adjusted),ENBREL,PRODUCT,Y,2024-11-08,19.842146
SI Market + Oral,TRx (Adjusted),ENBREL,PRODUCT,Y,2024-11-15,20.086407
SI Market + Oral,TRx (Adjusted),ENBREL,PRODUCT,Y,2024-11-22,21.087036
SI Market + Oral,TRx (Adjusted),ENBREL,PRODUCT,Y,2024-11-29,15.070322
SI Market + Oral,TRx (Adjusted),ENBREL,PRODUCT,Y,2024-12-06,22.212791
SI Market + Oral,TRx (Adjusted),ENBREL,PRODUCT,Y,2024-12-13,20.649399
SI Market + Oral,TRx (Adjusted),ENBREL,PRODUCT,Y,2024-12-20,20.722184
SI Market + Oral,TRx (Adjusted),ENBREL,PRODUCT,Y,2024-12-27,15.457156
SI Market + Oral,TRx (Adjusted),ENBREL,PRODUCT,Y,2025-01-03,17.458743
SI Market + Oral,TRx (Adjusted),ENBREL,PRODUCT,Y,2025-01-10,18.721098
SI Market + Oral,TRx (Adjusted),ENBREL,PRODUCT,Y,2025-01-17,19.341608
SI Market + Oral,TRx (Adjusted),ENBREL,PRODUCT,Y,2025-01-24,16.525101
SI Market + Oral,TRx (Adjusted),ENBREL,PRODUCT,Y,2025-01-31,19.70289
SI Market + Oral,TRx (Adjusted),ENBREL,PRODUCT,Y,2025-02-07,19.268265
SI Market + Oral,TRx (Adjusted),ENBREL,PRODUCT,Y,2025-02-14,19.22603
SI Market + Oral,TRx (Adjusted),ENBREL,PRODUCT,Y,2025-02-21,18.462781
SI Market + Oral,TRx (Adjusted),ENBREL,PRODUCT,Y,2025-02-28,20.576045
SI Market + Oral,TRx (Adjusted),ENBREL,PRODUCT,Y,2025-03-07,18.80314
SI Market + Oral,TRx (Adjusted),ENBREL,PRODUCT,Y,2025-03-14,18.382718
SI Market + Oral,TRx (Adjusted),ENBREL,PRODUCT,Y,2025-03-21,18.538646
SI Market + Oral,TRx (Adjusted),ENBREL,PRODUCT,Y,2025-03-28,19.507001
SI Market + Oral,TRx (Adjusted),ENBREL,PRODUCT,Y,2025-04-04,17.935337
SI Market + Oral,TRx (Adjusted),ENBREL,PRODUCT,Y,2025-04-11,18.796859
SI Market + Oral,TRx (Adjusted),ENBREL,PRODUCT,Y,2025-04-18,18.391787
SI Market + Oral,TRx (Adjusted),ENBREL,PRODUCT,Y,2025-04-25,18.362302
SI Market + Oral,TRx (Adjusted),ENBREL,PRODUCT,Y,2025-05-02,18.434611
SI Market + Oral,TRx (Adjusted),ENBREL,PRODUCT,Y,2025-05-09,18.065219
SI Market + Oral,TRx (Adjusted),ENBREL,PRODUCT,Y,2025-05-16,17.91295
SI Market + Oral,TRx (Adjusted),ENBREL,PRODUCT,Y,2025-05-23,18.725052
SI Market + Oral,TRx (Adjusted),ENBREL,PRODUCT,Y,2025-05-30,15.982176
SI Market + Oral,TRx (Adjusted),ENBREL,PRODUCT,Y,2025-06-06,18.999345
SI Market + Oral,TRx (Adjusted),ENBREL,PRODUCT,Y,2025-06-13,18.095543
SI Market + Oral,TRx (Adjusted),ENBREL,PRODUCT,Y,2025-06-20,17.797187
SI Market + Oral,TRx (Adjusted),ENBREL,PRODUCT,Y,2025-06-27,18.713757
SI Market + Oral,TRx (Adjusted),ENBREL,PRODUCT,Y,2025-07-04,14.76592
SI Market + Oral,TRx (Adjusted),ENBREL,PRODUCT,Y,2025-07-11,21.159179
SI Market + Oral,TRx (Adjusted),ENBREL,PRODUCT,Y,2025-07-18,20.048354
SI Market + Oral,TRx (Adjusted),ENBREL,PRODUCT,Y,2025-07-25,19.889975
SI Market + Oral,TRx (Adjusted),ENBREL,PRODUCT,Y,2025-08-01,19.05541
SI Market + Oral,TRx (Adjusted),ENBREL,PRODUCT,Y,2025-08-08,22.290778
SI Market + Oral,TRx (Adjusted),ENBREL,PRODUCT,Y,2025-08-15,22.493577
SI Market + Oral,TRx (Adjusted),ENBREL,PRODUCT,Y,2025-08-22,22.629591
SI Market + Oral,TRx (Adjusted),ENBREL,PRODUCT,Y,2025-08-29,23.203781
SI Market + Oral,TRx (Adjusted),ENBREL,PRODUCT,Y,2025-09-05,21.577892
SI Market + Oral,TRx (Adjusted),ENBREL,PRODUCT,Y,2025-09-12,25.144926
SI Market + Oral,TRx (Adjusted),ENBREL,PRODUCT,Y,2025-09-19,24.683518
SI Market + Oral,TRx (Adjusted),ENBREL,PRODUCT,Y,2025-09-26,23.945267
SI Market + Oral,TRx (Adjusted),ENBREL,PRODUCT,Y,2025-10-03,24.763377
SI Market + Oral,TRx (Adjusted),ENBREL,PRODUCT,Y,2025-10-10,25.867937
SI Market + Oral,TRx (Adjusted),ENBREL,PRODUCT,Y,2025-10-17,25.637156
SI Market + Oral,TRx (Adjusted),ENBREL,PRODUCT,Y,2025-10-24,25.72556
SI Market + Oral,TRx (Adjusted),ENBREL,PRODUCT,Y,2025-10-31,25.415681
SI Market + Oral,TRx (Adjusted),ENBREL,PRODUCT,Y,2025-11-07,27.235925
SI Market + Oral,TRx (Adjusted),ENBREL,PRODUCT,Y,2025-11-14,26.737808
SI Market + Oral,TRx (Adjusted),ENBREL,PRODUCT,Y,2025-11-21,27.773186
SI Market + Oral,TRx (Adjusted),ENBREL,PRODUCT,Y,2025-11-28,20.448228
SI Market + Oral,TRx (Adjusted),ENBREL,PRODUCT,Y,2025-12-05,28.805374
SI Market + Oral,TRx (Adjusted),ENBREL,PRODUCT,Y,2025-12-12,27.071205
SI Market + Oral,TRx (Adjusted),ENBREL,PRODUCT,Y,2025-12-19,27.539646
SI Market + Oral,TRx (Adjusted),ENBREL,PRODUCT,Y,2025-12-26,18.738577
SI Market + Oral,TRx (Adjusted),ENBREL,PRODUCT,Y,2026-01-02,21.400258
SI Market + Oral,TRx (Adjusted),ENBREL,PRODUCT,Y,2026-01-09,32.856227
SI Market + Oral,TRx (Adjusted),ENBREL,PRODUCT,Y,2026-01-16,29.133129
SI Market + Oral,TRx (Adjusted),ENBREL,PRODUCT,Y,2026-01-23,23.474408
SI Market + Oral,TRx (Adjusted),ENBREL,PRODUCT,Y,2026-01-30,23.209239
SI Market + Oral,TRx (Adjusted),ENBREL,PRODUCT,Y,2026-02-06,31.603766
SI Market + Oral,TRx (Adjusted),ENBREL,PRODUCT,Y,2026-02-13,30.500214
SI Market + Oral,TRx (Adjusted),ENBREL,PRODUCT,Y,2026-02-20,28.238156
SI Market + Oral,TRx (Adjusted),ENBREL,PRODUCT,Y,2026-02-27,28.908811
SI Market + Oral,TRx (Adjusted),ENBREL,PRODUCT,Y,2026-03-06,33.099312
SI Market + Oral,TRx (Adjusted),ENBREL,PRODUCT,Y,2026-03-13,32.208237
SI Market + Oral,TRx (Adjusted),ENBREL,PRODUCT,Y,2026-03-20,31.062911
SI Market + Oral,TRx (Adjusted),ENBREL,PRODUCT,Y,2026-03-27,32.520053
SI Market + Oral,TRx (Adjusted),ENBREL,PRODUCT,Y,2026-04-03,34.064744
SI Market + Oral,TRx (Adjusted),ENBREL,PRODUCT,Y,2026-04-10,31.306368
SI Market + Oral,TRx (Adjusted),ENBREL,PRODUCT,Y,2026-04-17,30.579596
SI Market + Oral,TRx (Adjusted),ENBREL,PRODUCT,Y,2026-04-24,31.842452
SI Market + Oral,TRx (Adjusted),ENBREL,PRODUCT,Y,2026-05-01,34.673985
SI Market + Oral,TRx (Adjusted),ENBREL,PRODUCT,Y,2026-05-08,34.707566
SI Market + Oral,TRx (Adjusted),ILUMYA,PRODUCT,Y,2024-05-03,26.97905
SI Market + Oral,TRx (Adjusted),ILUMYA,PRODUCT,Y,2024-05-10,27.978274
SI Market + Oral,TRx (Adjusted),ILUMYA,PRODUCT,Y,2024-05-17,31.225753
SI Market + Oral,TRx (Adjusted),ILUMYA,PRODUCT,Y,2024-05-24,23.23196
SI Market + Oral,TRx (Adjusted),ILUMYA,PRODUCT,Y,2024-05-31,28.332896
SI Market + Oral,TRx (Adjusted),ILUMYA,PRODUCT,Y,2024-06-07,40.433404
SI Market + Oral,TRx (Adjusted),ILUMYA,PRODUCT,Y,2024-06-14,34.825851
SI Market + Oral,TRx (Adjusted),ILUMYA,PRODUCT,Y,2024-06-21,34.530717
SI Market + Oral,TRx (Adjusted),ILUMYA,PRODUCT,Y,2024-06-28,38.957732
SI Market + Oral,TRx (Adjusted),ILUMYA,PRODUCT,Y,2024-07-05,27.766057
SI Market + Oral,TRx (Adjusted),ILUMYA,PRODUCT,Y,2024-07-12,43.384464
SI Market + Oral,TRx (Adjusted),ILUMYA,PRODUCT,Y,2024-07-19,32.625117
SI Market + Oral,TRx (Adjusted),ILUMYA,PRODUCT,Y,2024-07-26,36.790026
SI Market + Oral,TRx (Adjusted),ILUMYA,PRODUCT,Y,2024-08-02,57.693727
SI Market + Oral,TRx (Adjusted),ILUMYA,PRODUCT,Y,2024-08-09,46.876153
SI Market + Oral,TRx (Adjusted),ILUMYA,PRODUCT,Y,2024-08-16,48.879407
SI Market + Oral,TRx (Adjusted),ILUMYA,PRODUCT,Y,2024-08-23,42.068343
SI Market + Oral,TRx (Adjusted),ILUMYA,PRODUCT,Y,2024-08-30,45.372097
SI Market + Oral,TRx (Adjusted),ILUMYA,PRODUCT,Y,2024-09-06,42.962959
SI Market + Oral,TRx (Adjusted),ILUMYA,PRODUCT,Y,2024-09-13,63.039108
SI Market + Oral,TRx (Adjusted),ILUMYA,PRODUCT,Y,2024-09-20,52.197988
SI Market + Oral,TRx (Adjusted),ILUMYA,PRODUCT,Y,2024-09-27,37.74316
SI Market + Oral,TRx (Adjusted),ILUMYA,PRODUCT,Y,2024-10-04,30.984441
SI Market + Oral,TRx (Adjusted),ILUMYA,PRODUCT,Y,2024-10-11,43.765523
SI Market + Oral,TRx (Adjusted),ILUMYA,PRODUCT,Y,2024-10-18,47.638578
SI Market + Oral,TRx (Adjusted),ILUMYA,PRODUCT,Y,2024-10-25,49.575105
SI Market + Oral,TRx (Adjusted),ILUMYA,PRODUCT,Y,2024-11-01,49.317018
SI Market + Oral,TRx (Adjusted),ILUMYA,PRODUCT,Y,2024-11-08,49.317018
SI Market + Oral,TRx (Adjusted),ILUMYA,PRODUCT,Y,2024-11-15,50.592458
SI Market + Oral,TRx (Adjusted),ILUMYA,PRODUCT,Y,2024-11-22,51.442752
SI Market + Oral,TRx (Adjusted),ILUMYA,PRODUCT,Y,2024-11-29,41.664377
SI Market + Oral,TRx (Adjusted),ILUMYA,PRODUCT,Y,2024-12-06,49.431054
SI Market + Oral,TRx (Adjusted),ILUMYA,PRODUCT,Y,2024-12-13,53.608327
SI Market + Oral,TRx (Adjusted),ILUMYA,PRODUCT,Y,2024-12-20,44.905676
SI Market + Oral,TRx (Adjusted),ILUMYA,PRODUCT,Y,2024-12-27,29.240906
SI Market + Oral,TRx (Adjusted),ILUMYA,PRODUCT,Y,2025-01-03,32.721966
SI Market + Oral,TRx (Adjusted),ILUMYA,PRODUCT,Y,2025-01-10,53.121381
SI Market + Oral,TRx (Adjusted),ILUMYA,PRODUCT,Y,2025-01-17,42.038503
SI Market + Oral,TRx (Adjusted),ILUMYA,PRODUCT,Y,2025-01-24,39.745493
SI Market + Oral,TRx (Adjusted),ILUMYA,PRODUCT,Y,2025-01-31,44.71368
SI Market + Oral,TRx (Adjusted),ILUMYA,PRODUCT,Y,2025-02-07,49.100054
SI Market + Oral,TRx (Adjusted),ILUMYA,PRODUCT,Y,2025-02-14,48.725244
SI Market + Oral,TRx (Adjusted),ILUMYA,PRODUCT,Y,2025-02-21,47.226006
SI Market + Oral,TRx (Adjusted),ILUMYA,PRODUCT,Y,2025-02-28,52.47334
SI Market + Oral,TRx (Adjusted),ILUMYA,PRODUCT,Y,2025-03-07,49.599866
SI Market + Oral,TRx (Adjusted),ILUMYA,PRODUCT,Y,2025-03-14,45.164106
SI Market + Oral,TRx (Adjusted),ILUMYA,PRODUCT,Y,2025-03-21,49.599866
SI Market + Oral,TRx (Adjusted),ILUMYA,PRODUCT,Y,2025-03-28,44.357604
SI Market + Oral,TRx (Adjusted),ILUMYA,PRODUCT,Y,2025-04-04,47.18036
SI Market + Oral,TRx (Adjusted),ILUMYA,PRODUCT,Y,2025-04-11,52.635481
SI Market + Oral,TRx (Adjusted),ILUMYA,PRODUCT,Y,2025-04-18,42.337235
SI Market + Oral,TRx (Adjusted),ILUMYA,PRODUCT,Y,2025-04-25,46.151401
SI Market + Oral,TRx (Adjusted),ILUMYA,PRODUCT,Y,2025-05-02,47.677067
SI Market + Oral,TRx (Adjusted),ILUMYA,PRODUCT,Y,2025-05-09,60.322955
SI Market + Oral,TRx (Adjusted),ILUMYA,PRODUCT,Y,2025-05-16,53.226137
SI Market + Oral,TRx (Adjusted),ILUMYA,PRODUCT,Y,2025-05-23,52.043334
SI Market + Oral,TRx (Adjusted),ILUMYA,PRODUCT,Y,2025-05-30,36.272626
SI Market + Oral,TRx (Adjusted),ILUMYA,PRODUCT,Y,2025-06-06,51.038321
SI Market + Oral,TRx (Adjusted),ILUMYA,PRODUCT,Y,2025-06-13,50.613002
SI Market + Oral,TRx (Adjusted),ILUMYA,PRODUCT,Y,2025-06-20,51.88896
SI Market + Oral,TRx (Adjusted),ILUMYA,PRODUCT,Y,2025-06-27,42.957253
SI Market + Oral,TRx (Adjusted),ILUMYA,PRODUCT,Y,2025-07-04,42.957253
SI Market + Oral,TRx (Adjusted),ILUMYA,PRODUCT,Y,2025-07-11,55.356991
SI Market + Oral,TRx (Adjusted),ILUMYA,PRODUCT,Y,2025-07-18,50.879587
SI Market + Oral,TRx (Adjusted),ILUMYA,PRODUCT,Y,2025-07-25,45.995146
SI Market + Oral,TRx (Adjusted),ILUMYA,PRODUCT,Y,2025-08-01,45.58811
SI Market + Oral,TRx (Adjusted),ILUMYA,PRODUCT,Y,2025-08-08,69.336183
SI Market + Oral,TRx (Adjusted),ILUMYA,PRODUCT,Y,2025-08-15,45.21925
SI Market + Oral,TRx (Adjusted),ILUMYA,PRODUCT,Y,2025-08-22,49.525845
SI Market + Oral,TRx (Adjusted),ILUMYA,PRODUCT,Y,2025-08-29,52.971121
SI Market + Oral,TRx (Adjusted),ILUMYA,PRODUCT,Y,2025-09-05,48.443682
SI Market + Oral,TRx (Adjusted),ILUMYA,PRODUCT,Y,2025-09-12,57.966799
SI Market + Oral,TRx (Adjusted),ILUMYA,PRODUCT,Y,2025-09-19,50.927973
SI Market + Oral,TRx (Adjusted),ILUMYA,PRODUCT,Y,2025-09-26,45.131293
SI Market + Oral,TRx (Adjusted),ILUMYA,PRODUCT,Y,2025-10-03,64.177528
SI Market + Oral,TRx (Adjusted),ILUMYA,PRODUCT,Y,2025-10-10,49.124442
SI Market + Oral,TRx (Adjusted),ILUMYA,PRODUCT,Y,2025-10-17,34.102918
SI Market + Oral,TRx (Adjusted),ILUMYA,PRODUCT,Y,2025-10-24,51.560364
SI Market + Oral,TRx (Adjusted),ILUMYA,PRODUCT,Y,2025-10-31,60.086094
SI Market + Oral,TRx (Adjusted),ILUMYA,PRODUCT,Y,2025-11-07,59.807181
SI Market + Oral,TRx (Adjusted),ILUMYA,PRODUCT,Y,2025-11-14,53.381616
SI Market + Oral,TRx (Adjusted),ILUMYA,PRODUCT,Y,2025-11-21,59.807181
SI Market + Oral,TRx (Adjusted),ILUMYA,PRODUCT,Y,2025-11-28,38.059116
SI Market + Oral,TRx (Adjusted),ILUMYA,PRODUCT,Y,2025-12-05,52.834905
SI Market + Oral,TRx (Adjusted),ILUMYA,PRODUCT,Y,2025-12-12,54.763186
SI Market + Oral,TRx (Adjusted),ILUMYA,PRODUCT,Y,2025-12-19,53.220561
SI Market + Oral,TRx (Adjusted),ILUMYA,PRODUCT,Y,2025-12-26,28.924218
SI Market + Oral,TRx (Adjusted),ILUMYA,PRODUCT,Y,2026-01-02,33.166437
SI Market + Oral,TRx (Adjusted),ILUMYA,PRODUCT,Y,2026-01-09,53.701608
SI Market + Oral,TRx (Adjusted),ILUMYA,PRODUCT,Y,2026-01-16,70.995346
SI Market + Oral,TRx (Adjusted),ILUMYA,PRODUCT,Y,2026-01-23,55.9771
SI Market + Oral,TRx (Adjusted),ILUMYA,PRODUCT,Y,2026-01-30,34.132378
SI Market + Oral,TRx (Adjusted),ILUMYA,PRODUCT,Y,2026-02-06,70.036663
SI Market + Oral,TRx (Adjusted),ILUMYA,PRODUCT,Y,2026-02-13,60.668702
SI Market + Oral,TRx (Adjusted),ILUMYA,PRODUCT,Y,2026-02-20,42.824966
SI Market + Oral,TRx (Adjusted),ILUMYA,PRODUCT,Y,2026-02-27,51.746834
SI Market + Oral,TRx (Adjusted),ILUMYA,PRODUCT,Y,2026-03-06,51.232328
SI Market + Oral,TRx (Adjusted),ILUMYA,PRODUCT,Y,2026-03-13,42.693606
SI Market + Oral,TRx (Adjusted),ILUMYA,PRODUCT,Y,2026-03-20,44.40135
SI Market + Oral,TRx (Adjusted),ILUMYA,PRODUCT,Y,2026-03-27,59.771049
SI Market + Oral,TRx (Adjusted),ILUMYA,PRODUCT,Y,2026-04-03,45.255222
SI Market + Oral,TRx (Adjusted),ILUMYA,PRODUCT,Y,2026-04-10,44.40135
SI Market + Oral,TRx (Adjusted),ILUMYA,PRODUCT,Y,2026-04-17,46.962967
SI Market + Oral,TRx (Adjusted),ILUMYA,PRODUCT,Y,2026-04-24,40.558926
SI Market + Oral,TRx (Adjusted),ILUMYA,PRODUCT,Y,2026-05-01,48.243775
SI Market + Oral,TRx (Adjusted),ILUMYA,PRODUCT,Y,2026-05-08,50.378455
SI Market + Oral,TRx (Adjusted),KEVZARA,PRODUCT,Y,2024-05-03,0.101397
SI Market + Oral,TRx (Adjusted),KEVZARA,PRODUCT,Y,2024-05-10,0.101646
SI Market + Oral,TRx (Adjusted),KEVZARA,PRODUCT,Y,2024-05-17,0.107328
SI Market + Oral,TRx (Adjusted),KEVZARA,PRODUCT,Y,2024-05-24,0.112323
SI Market + Oral,TRx (Adjusted),KEVZARA,PRODUCT,Y,2024-05-31,0.098247
SI Market + Oral,TRx (Adjusted),KEVZARA,PRODUCT,Y,2024-06-07,0.111309
SI Market + Oral,TRx (Adjusted),KEVZARA,PRODUCT,Y,2024-06-14,0.112382
SI Market + Oral,TRx (Adjusted),KEVZARA,PRODUCT,Y,2024-06-21,0.108154
SI Market + Oral,TRx (Adjusted),KEVZARA,PRODUCT,Y,2024-06-28,0.114148
SI Market + Oral,TRx (Adjusted),KEVZARA,PRODUCT,Y,2024-07-05,0.157982
SI Market + Oral,TRx (Adjusted),KEVZARA,PRODUCT,Y,2024-07-12,0.232582
SI Market + Oral,TRx (Adjusted),KEVZARA,PRODUCT,Y,2024-07-19,0.216699
SI Market + Oral,TRx (Adjusted),KEVZARA,PRODUCT,Y,2024-07-26,0.215135
SI Market + Oral,TRx (Adjusted),KEVZARA,PRODUCT,Y,2024-08-02,0.299592
SI Market + Oral,TRx (Adjusted),KEVZARA,PRODUCT,Y,2024-08-09,0.31487
SI Market + Oral,TRx (Adjusted),KEVZARA,PRODUCT,Y,2024-08-16,0.328041
SI Market + Oral,TRx (Adjusted),KEVZARA,PRODUCT,Y,2024-08-23,0.317855
SI Market + Oral,TRx (Adjusted),KEVZARA,PRODUCT,Y,2024-08-30,0.206628
SI Market + Oral,TRx (Adjusted),KEVZARA,PRODUCT,Y,2024-09-06,0.184551
SI Market + Oral,TRx (Adjusted),KEVZARA,PRODUCT,Y,2024-09-13,0.222266
SI Market + Oral,TRx (Adjusted),KEVZARA,PRODUCT,Y,2024-09-20,0.205823
SI Market + Oral,TRx (Adjusted),KEVZARA,PRODUCT,Y,2024-09-27,0.201454
SI Market + Oral,TRx (Adjusted),KEVZARA,PRODUCT,Y,2024-10-04,0.103734
SI Market + Oral,TRx (Adjusted),KEVZARA,PRODUCT,Y,2024-10-11,0.098906
SI Market + Oral,TRx (Adjusted),KEVZARA,PRODUCT,Y,2024-10-18,0.101993
SI Market + Oral,TRx (Adjusted),KEVZARA,PRODUCT,Y,2024-10-25,0.104968
SI Market + Oral,TRx (Adjusted),KEVZARA,PRODUCT,Y,2024-11-01,0.0
SI Market + Oral,TRx (Adjusted),KEVZARA,PRODUCT,Y,2024-11-08,0.0
SI Market + Oral,TRx (Adjusted),KEVZARA,PRODUCT,Y,2024-11-15,0.0
SI Market + Oral,TRx (Adjusted),KEVZARA,PRODUCT,Y,2024-11-22,0.0
SI Market + Oral,TRx (Adjusted),KEVZARA,PRODUCT,Y,2024-11-29,0.0
SI Market + Oral,TRx (Adjusted),KEVZARA,PRODUCT,Y,2024-12-06,0.0
SI Market + Oral,TRx (Adjusted),KEVZARA,PRODUCT,Y,2024-12-13,0.0
SI Market + Oral,TRx (Adjusted),KEVZARA,PRODUCT,Y,2024-12-20,0.0
SI Market + Oral,TRx (Adjusted),KEVZARA,PRODUCT,Y,2024-12-27,0.0
SI Market + Oral,TRx (Adjusted),KEVZARA,PRODUCT,Y,2025-01-03,0.0
SI Market + Oral,TRx (Adjusted),KEVZARA,PRODUCT,Y,2025-01-10,0.0
SI Market + Oral,TRx (Adjusted),KEVZARA,PRODUCT,Y,2025-01-17,0.0
SI Market + Oral,TRx (Adjusted),KEVZARA,PRODUCT,Y,2025-01-24,0.0
SI Market + Oral,TRx (Adjusted),KEVZARA,PRODUCT,Y,2025-01-31,0.0
SI Market + Oral,TRx (Adjusted),KEVZARA,PRODUCT,Y,2025-02-07,0.0
SI Market + Oral,TRx (Adjusted),KEVZARA,PRODUCT,Y,2025-02-14,0.0
SI Market + Oral,TRx (Adjusted),KEVZARA,PRODUCT,Y,2025-02-21,0.0
SI Market + Oral,TRx (Adjusted),KEVZARA,PRODUCT,Y,2025-02-28,0.0
SI Market + Oral,TRx (Adjusted),KEVZARA,PRODUCT,Y,2025-03-07,0.0
SI Market + Oral,TRx (Adjusted),KEVZARA,PRODUCT,Y,2025-03-14,0.0
SI Market + Oral,TRx (Adjusted),KEVZARA,PRODUCT,Y,2025-03-21,0.0
SI Market + Oral,TRx (Adjusted),KEVZARA,PRODUCT,Y,2025-03-28,0.0
SI Market + Oral,TRx (Adjusted),KEVZARA,PRODUCT,Y,2025-04-04,0.0
SI Market + Oral,TRx (Adjusted),KEVZARA,PRODUCT,Y,2025-04-11,0.0
SI Market + Oral,TRx (Adjusted),KEVZARA,PRODUCT,Y,2025-04-18,0.0
SI Market + Oral,TRx (Adjusted),KEVZARA,PRODUCT,Y,2025-04-25,0.0
SI Market + Oral,TRx (Adjusted),KEVZARA,PRODUCT,Y,2025-05-02,0.0
SI Market + Oral,TRx (Adjusted),KEVZARA,PRODUCT,Y,2025-05-09,0.130703
SI Market + Oral,TRx (Adjusted),KEVZARA,PRODUCT,Y,2025-05-16,0.127288
SI Market + Oral,TRx (Adjusted),KEVZARA,PRODUCT,Y,2025-05-23,0.126935
SI Market + Oral,TRx (Adjusted),KEVZARA,PRODUCT,Y,2025-05-30,0.108448
SI Market + Oral,TRx (Adjusted),KEVZARA,PRODUCT,Y,2025-06-06,0.266784
SI Market + Oral,TRx (Adjusted),KEVZARA,PRODUCT,Y,2025-06-13,0.258073
SI Market + Oral,TRx (Adjusted),KEVZARA,PRODUCT,Y,2025-06-20,0.241232
SI Market + Oral,TRx (Adjusted),KEVZARA,PRODUCT,Y,2025-06-27,0.28107
SI Market + Oral,TRx (Adjusted),KEVZARA,PRODUCT,Y,2025-07-04,0.211499
SI Market + Oral,TRx (Adjusted),KEVZARA,PRODUCT,Y,2025-07-11,0.541031
SI Market + Oral,TRx (Adjusted),KEVZARA,PRODUCT,Y,2025-07-18,0.510836
SI Market + Oral,TRx (Adjusted),KEVZARA,PRODUCT,Y,2025-07-25,0.541933
SI Market + Oral,TRx (Adjusted),KEVZARA,PRODUCT,Y,2025-08-01,0.525934
SI Market + Oral,TRx (Adjusted),KEVZARA,PRODUCT,Y,2025-08-08,0.518702
SI Market + Oral,TRx (Adjusted),KEVZARA,PRODUCT,Y,2025-08-15,0.523566
SI Market + Oral,TRx (Adjusted),KEVZARA,PRODUCT,Y,2025-08-22,0.533294
SI Market + Oral,TRx (Adjusted),KEVZARA,PRODUCT,Y,2025-08-29,0.561374
SI Market + Oral,TRx (Adjusted),KEVZARA,PRODUCT,Y,2025-09-05,0.557177
SI Market + Oral,TRx (Adjusted),KEVZARA,PRODUCT,Y,2025-09-12,0.645703
SI Market + Oral,TRx (Adjusted),KEVZARA,PRODUCT,Y,2025-09-19,0.668237
SI Market + Oral,TRx (Adjusted),KEVZARA,PRODUCT,Y,2025-09-26,0.617536
SI Market + Oral,TRx (Adjusted),KEVZARA,PRODUCT,Y,2025-10-03,0.660189
SI Market + Oral,TRx (Adjusted),KEVZARA,PRODUCT,Y,2025-10-10,0.638862
SI Market + Oral,TRx (Adjusted),KEVZARA,PRODUCT,Y,2025-10-17,0.618889
SI Market + Oral,TRx (Adjusted),KEVZARA,PRODUCT,Y,2025-10-24,0.627299
SI Market + Oral,TRx (Adjusted),KEVZARA,PRODUCT,Y,2025-10-31,0.62651
SI Market + Oral,TRx (Adjusted),KEVZARA,PRODUCT,Y,2025-11-07,0.551723
SI Market + Oral,TRx (Adjusted),KEVZARA,PRODUCT,Y,2025-11-14,0.546375
SI Market + Oral,TRx (Adjusted),KEVZARA,PRODUCT,Y,2025-11-21,0.555734
SI Market + Oral,TRx (Adjusted),KEVZARA,PRODUCT,Y,2025-11-28,0.403765
SI Market + Oral,TRx (Adjusted),KEVZARA,PRODUCT,Y,2025-12-05,1.175618
SI Market + Oral,TRx (Adjusted),KEVZARA,PRODUCT,Y,2025-12-12,1.139564
SI Market + Oral,TRx (Adjusted),KEVZARA,PRODUCT,Y,2025-12-19,1.112094
SI Market + Oral,TRx (Adjusted),KEVZARA,PRODUCT,Y,2025-12-26,0.802201
SI Market + Oral,TRx (Adjusted),KEVZARA,PRODUCT,Y,2026-01-02,0.930966
SI Market + Oral,TRx (Adjusted),KEVZARA,PRODUCT,Y,2026-01-09,0.926763
SI Market + Oral,TRx (Adjusted),KEVZARA,PRODUCT,Y,2026-01-16,0.831504
SI Market + Oral,TRx (Adjusted),KEVZARA,PRODUCT,Y,2026-01-23,0.66646
SI Market + Oral,TRx (Adjusted),KEVZARA,PRODUCT,Y,2026-01-30,0.673438
SI Market + Oral,TRx (Adjusted),KEVZARA,PRODUCT,Y,2026-02-06,1.35502
SI Market + Oral,TRx (Adjusted),KEVZARA,PRODUCT,Y,2026-02-13,1.308389
SI Market + Oral,TRx (Adjusted),KEVZARA,PRODUCT,Y,2026-02-20,1.19398
SI Market + Oral,TRx (Adjusted),KEVZARA,PRODUCT,Y,2026-02-27,1.287785
SI Market + Oral,TRx (Adjusted),KEVZARA,PRODUCT,Y,2026-03-06,0.947623
SI Market + Oral,TRx (Adjusted),KEVZARA,PRODUCT,Y,2026-03-13,0.88816
SI Market + Oral,TRx (Adjusted),KEVZARA,PRODUCT,Y,2026-03-20,0.904825
SI Market + Oral,TRx (Adjusted),KEVZARA,PRODUCT,Y,2026-03-27,0.972999
SI Market + Oral,TRx (Adjusted),KEVZARA,PRODUCT,Y,2026-04-03,0.963152
SI Market + Oral,TRx (Adjusted),KEVZARA,PRODUCT,Y,2026-04-10,0.932094
SI Market + Oral,TRx (Adjusted),KEVZARA,PRODUCT,Y,2026-04-17,0.877555
SI Market + Oral,TRx (Adjusted),KEVZARA,PRODUCT,Y,2026-04-24,0.968454
SI Market + Oral,TRx (Adjusted),KEVZARA,PRODUCT,Y,2026-05-01,0.967318
SI Market + Oral,TRx (Adjusted),KEVZARA,PRODUCT,Y,2026-05-08,0.972242
SI Market + Oral,TRx (Adjusted),KINERET,PRODUCT,Y,2024-05-03,1.211628
SI Market + Oral,TRx (Adjusted),KINERET,PRODUCT,Y,2024-05-10,1.279697
SI Market + Oral,TRx (Adjusted),KINERET,PRODUCT,Y,2024-05-17,1.391331
SI Market + Oral,TRx (Adjusted),KINERET,PRODUCT,Y,2024-05-24,1.404944
SI Market + Oral,TRx (Adjusted),KINERET,PRODUCT,Y,2024-05-31,1.160704
SI Market + Oral,TRx (Adjusted),KINERET,PRODUCT,Y,2024-06-07,1.390426
SI Market + Oral,TRx (Adjusted),KINERET,PRODUCT,Y,2024-06-14,1.55365
SI Market + Oral,TRx (Adjusted),KINERET,PRODUCT,Y,2024-06-21,1.450879
SI Market + Oral,TRx (Adjusted),KINERET,PRODUCT,Y,2024-06-28,1.499242
SI Market + Oral,TRx (Adjusted),KINERET,PRODUCT,Y,2024-07-05,1.272626
SI Market + Oral,TRx (Adjusted),KINERET,PRODUCT,Y,2024-07-12,1.930997
SI Market + Oral,TRx (Adjusted),KINERET,PRODUCT,Y,2024-07-19,1.527151
SI Market + Oral,TRx (Adjusted),KINERET,PRODUCT,Y,2024-07-26,1.798644
SI Market + Oral,TRx (Adjusted),KINERET,PRODUCT,Y,2024-08-02,1.483789
SI Market + Oral,TRx (Adjusted),KINERET,PRODUCT,Y,2024-08-09,1.630831
SI Market + Oral,TRx (Adjusted),KINERET,PRODUCT,Y,2024-08-16,1.570677
SI Market + Oral,TRx (Adjusted),KINERET,PRODUCT,Y,2024-08-23,1.747796
SI Market + Oral,TRx (Adjusted),KINERET,PRODUCT,Y,2024-08-30,1.885216
SI Market + Oral,TRx (Adjusted),KINERET,PRODUCT,Y,2024-09-06,1.668267
SI Market + Oral,TRx (Adjusted),KINERET,PRODUCT,Y,2024-09-13,1.701932
SI Market + Oral,TRx (Adjusted),KINERET,PRODUCT,Y,2024-09-20,2.023615
SI Market + Oral,TRx (Adjusted),KINERET,PRODUCT,Y,2024-09-27,1.563533
SI Market + Oral,TRx (Adjusted),KINERET,PRODUCT,Y,2024-10-04,1.667576
SI Market + Oral,TRx (Adjusted),KINERET,PRODUCT,Y,2024-10-11,1.750559
SI Market + Oral,TRx (Adjusted),KINERET,PRODUCT,Y,2024-10-18,1.869108
SI Market + Oral,TRx (Adjusted),KINERET,PRODUCT,Y,2024-10-25,1.343545
SI Market + Oral,TRx (Adjusted),KINERET,PRODUCT,Y,2024-11-01,1.033836
SI Market + Oral,TRx (Adjusted),KINERET,PRODUCT,Y,2024-11-08,1.893919
SI Market + Oral,TRx (Adjusted),KINERET,PRODUCT,Y,2024-11-15,2.045953
SI Market + Oral,TRx (Adjusted),KINERET,PRODUCT,Y,2024-11-22,2.07636
SI Market + Oral,TRx (Adjusted),KINERET,PRODUCT,Y,2024-11-29,1.668038
SI Market + Oral,TRx (Adjusted),KINERET,PRODUCT,Y,2024-12-06,2.427698
SI Market + Oral,TRx (Adjusted),KINERET,PRODUCT,Y,2024-12-13,2.040557
SI Market + Oral,TRx (Adjusted),KINERET,PRODUCT,Y,2024-12-20,2.230095
SI Market + Oral,TRx (Adjusted),KINERET,PRODUCT,Y,2024-12-27,1.584859
SI Market + Oral,TRx (Adjusted),KINERET,PRODUCT,Y,2025-01-03,1.774397
SI Market + Oral,TRx (Adjusted),KINERET,PRODUCT,Y,2025-01-10,1.622527
SI Market + Oral,TRx (Adjusted),KINERET,PRODUCT,Y,2025-01-17,1.766075
SI Market + Oral,TRx (Adjusted),KINERET,PRODUCT,Y,2025-01-24,1.683427
SI Market + Oral,TRx (Adjusted),KINERET,PRODUCT,Y,2025-01-31,2.000972
SI Market + Oral,TRx (Adjusted),KINERET,PRODUCT,Y,2025-02-07,1.982876
SI Market + Oral,TRx (Adjusted),KINERET,PRODUCT,Y,2025-02-14,2.24514
SI Market + Oral,TRx (Adjusted),KINERET,PRODUCT,Y,2025-02-21,1.55769
SI Market + Oral,TRx (Adjusted),KINERET,PRODUCT,Y,2025-02-28,2.435878
SI Market + Oral,TRx (Adjusted),KINERET,PRODUCT,Y,2025-03-07,1.69542
SI Market + Oral,TRx (Adjusted),KINERET,PRODUCT,Y,2025-03-14,1.603941
SI Market + Oral,TRx (Adjusted),KINERET,PRODUCT,Y,2025-03-21,1.603941
SI Market + Oral,TRx (Adjusted),KINERET,PRODUCT,Y,2025-03-28,1.552102
SI Market + Oral,TRx (Adjusted),KINERET,PRODUCT,Y,2025-04-04,1.637483
SI Market + Oral,TRx (Adjusted),KINERET,PRODUCT,Y,2025-04-11,1.113966
SI Market + Oral,TRx (Adjusted),KINERET,PRODUCT,Y,2025-04-18,1.156724
SI Market + Oral,TRx (Adjusted),KINERET,PRODUCT,Y,2025-04-25,1.23774
SI Market + Oral,TRx (Adjusted),KINERET,PRODUCT,Y,2025-05-02,1.147722
SI Market + Oral,TRx (Adjusted),KINERET,PRODUCT,Y,2025-05-09,0.814835
SI Market + Oral,TRx (Adjusted),KINERET,PRODUCT,Y,2025-05-16,0.901773
SI Market + Oral,TRx (Adjusted),KINERET,PRODUCT,Y,2025-05-23,0.951209
SI Market + Oral,TRx (Adjusted),KINERET,PRODUCT,Y,2025-05-30,0.789265
SI Market + Oral,TRx (Adjusted),KINERET,PRODUCT,Y,2025-06-06,0.940454
SI Market + Oral,TRx (Adjusted),KINERET,PRODUCT,Y,2025-06-13,1.013927
SI Market + Oral,TRx (Adjusted),KINERET,PRODUCT,Y,2025-06-20,0.944128
SI Market + Oral,TRx (Adjusted),KINERET,PRODUCT,Y,2025-06-27,0.991885
SI Market + Oral,TRx (Adjusted),KINERET,PRODUCT,Y,2025-07-04,0.802692
SI Market + Oral,TRx (Adjusted),KINERET,PRODUCT,Y,2025-07-11,0.878784
SI Market + Oral,TRx (Adjusted),KINERET,PRODUCT,Y,2025-07-18,0.768013
SI Market + Oral,TRx (Adjusted),KINERET,PRODUCT,Y,2025-07-25,0.70155
SI Market + Oral,TRx (Adjusted),KINERET,PRODUCT,Y,2025-08-01,0.751766
SI Market + Oral,TRx (Adjusted),KINERET,PRODUCT,Y,2025-08-08,0.549384
SI Market + Oral,TRx (Adjusted),KINERET,PRODUCT,Y,2025-08-15,0.553259
SI Market + Oral,TRx (Adjusted),KINERET,PRODUCT,Y,2025-08-22,0.529036
SI Market + Oral,TRx (Adjusted),KINERET,PRODUCT,Y,2025-08-29,0.488341
SI Market + Oral,TRx (Adjusted),KINERET,PRODUCT,Y,2025-09-05,0.195856
SI Market + Oral,TRx (Adjusted),KINERET,PRODUCT,Y,2025-09-12,0.268342
SI Market + Oral,TRx (Adjusted),KINERET,PRODUCT,Y,2025-09-19,0.259701
SI Market + Oral,TRx (Adjusted),KINERET,PRODUCT,Y,2025-09-26,0.24482
SI Market + Oral,TRx (Adjusted),KINERET,PRODUCT,Y,2025-10-03,0.270742
SI Market + Oral,TRx (Adjusted),KINERET,PRODUCT,Y,2025-10-10,0.387591
SI Market + Oral,TRx (Adjusted),KINERET,PRODUCT,Y,2025-10-17,0.354867
SI Market + Oral,TRx (Adjusted),KINERET,PRODUCT,Y,2025-10-24,0.399953
SI Market + Oral,TRx (Adjusted),KINERET,PRODUCT,Y,2025-10-31,0.374502
SI Market + Oral,TRx (Adjusted),KINERET,PRODUCT,Y,2025-11-07,0.83887
SI Market + Oral,TRx (Adjusted),KINERET,PRODUCT,Y,2025-11-14,0.835847
SI Market + Oral,TRx (Adjusted),KINERET,PRODUCT,Y,2025-11-21,0.823755
SI Market + Oral,TRx (Adjusted),KINERET,PRODUCT,Y,2025-11-28,0.612148
SI Market + Oral,TRx (Adjusted),KINERET,PRODUCT,Y,2025-12-05,1.814699
SI Market + Oral,TRx (Adjusted),KINERET,PRODUCT,Y,2025-12-12,1.518588
SI Market + Oral,TRx (Adjusted),KINERET,PRODUCT,Y,2025-12-19,1.513155
SI Market + Oral,TRx (Adjusted),KINERET,PRODUCT,Y,2025-12-26,0.958965
SI Market + Oral,TRx (Adjusted),KINERET,PRODUCT,Y,2026-01-02,1.456106
SI Market + Oral,TRx (Adjusted),KINERET,PRODUCT,Y,2026-01-09,1.439388
SI Market + Oral,TRx (Adjusted),KINERET,PRODUCT,Y,2026-01-16,0.979322
SI Market + Oral,TRx (Adjusted),KINERET,PRODUCT,Y,2026-01-23,1.259128
SI Market + Oral,TRx (Adjusted),KINERET,PRODUCT,Y,2026-01-30,1.014297
SI Market + Oral,TRx (Adjusted),KINERET,PRODUCT,Y,2026-02-06,1.62767
SI Market + Oral,TRx (Adjusted),KINERET,PRODUCT,Y,2026-02-13,1.238183
SI Market + Oral,TRx (Adjusted),KINERET,PRODUCT,Y,2026-02-20,1.242992
SI Market + Oral,TRx (Adjusted),KINERET,PRODUCT,Y,2026-02-27,1.252609
SI Market + Oral,TRx (Adjusted),KINERET,PRODUCT,Y,2026-03-06,0.757497
SI Market + Oral,TRx (Adjusted),KINERET,PRODUCT,Y,2026-03-13,0.745056
SI Market + Oral,TRx (Adjusted),KINERET,PRODUCT,Y,2026-03-20,0.757497
SI Market + Oral,TRx (Adjusted),KINERET,PRODUCT,Y,2026-03-27,0.821082
SI Market + Oral,TRx (Adjusted),KINERET,PRODUCT,Y,2026-04-03,0.692529
SI Market + Oral,TRx (Adjusted),KINERET,PRODUCT,Y,2026-04-10,0.798966
SI Market + Oral,TRx (Adjusted),KINERET,PRODUCT,Y,2026-04-17,0.797583
SI Market + Oral,TRx (Adjusted),KINERET,PRODUCT,Y,2026-04-24,0.75335
SI Market + Oral,TRx (Adjusted),KINERET,PRODUCT,Y,2026-05-01,0.815553
SI Market + Oral,TRx (Adjusted),KINERET,PRODUCT,Y,2026-05-08,0.796201
SI Market + Oral,TRx (Adjusted),OLUMIANT,PRODUCT,Y,2024-05-03,2.230206
SI Market + Oral,TRx (Adjusted),OLUMIANT,PRODUCT,Y,2024-05-10,2.247399
SI Market + Oral,TRx (Adjusted),OLUMIANT,PRODUCT,Y,2024-05-17,2.384945
SI Market + Oral,TRx (Adjusted),OLUMIANT,PRODUCT,Y,2024-05-24,2.296523
SI Market + Oral,TRx (Adjusted),OLUMIANT,PRODUCT,Y,2024-05-31,1.770135
SI Market + Oral,TRx (Adjusted),OLUMIANT,PRODUCT,Y,2024-06-07,2.186512
SI Market + Oral,TRx (Adjusted),OLUMIANT,PRODUCT,Y,2024-06-14,1.990068
SI Market + Oral,TRx (Adjusted),OLUMIANT,PRODUCT,Y,2024-06-21,2.01142
SI Market + Oral,TRx (Adjusted),OLUMIANT,PRODUCT,Y,2024-06-28,2.002879
SI Market + Oral,TRx (Adjusted),OLUMIANT,PRODUCT,Y,2024-07-05,1.463791
SI Market + Oral,TRx (Adjusted),OLUMIANT,PRODUCT,Y,2024-07-12,1.892446
SI Market + Oral,TRx (Adjusted),OLUMIANT,PRODUCT,Y,2024-07-19,1.748313
SI Market + Oral,TRx (Adjusted),OLUMIANT,PRODUCT,Y,2024-07-26,1.768904
SI Market + Oral,TRx (Adjusted),OLUMIANT,PRODUCT,Y,2024-08-02,1.580524
SI Market + Oral,TRx (Adjusted),OLUMIANT,PRODUCT,Y,2024-08-09,1.541175
SI Market + Oral,TRx (Adjusted),OLUMIANT,PRODUCT,Y,2024-08-16,1.513303
SI Market + Oral,TRx (Adjusted),OLUMIANT,PRODUCT,Y,2024-08-23,1.59692
SI Market + Oral,TRx (Adjusted),OLUMIANT,PRODUCT,Y,2024-08-30,1.552451
SI Market + Oral,TRx (Adjusted),OLUMIANT,PRODUCT,Y,2024-09-06,1.572081
SI Market + Oral,TRx (Adjusted),OLUMIANT,PRODUCT,Y,2024-09-13,1.519733
SI Market + Oral,TRx (Adjusted),OLUMIANT,PRODUCT,Y,2024-09-20,1.67187
SI Market + Oral,TRx (Adjusted),OLUMIANT,PRODUCT,Y,2024-09-27,1.542635
SI Market + Oral,TRx (Adjusted),OLUMIANT,PRODUCT,Y,2024-10-04,1.405056
SI Market + Oral,TRx (Adjusted),OLUMIANT,PRODUCT,Y,2024-10-11,1.304914
SI Market + Oral,TRx (Adjusted),OLUMIANT,PRODUCT,Y,2024-10-18,1.559119
SI Market + Oral,TRx (Adjusted),OLUMIANT,PRODUCT,Y,2024-10-25,1.403515
SI Market + Oral,TRx (Adjusted),OLUMIANT,PRODUCT,Y,2024-11-01,1.450546
SI Market + Oral,TRx (Adjusted),OLUMIANT,PRODUCT,Y,2024-11-08,1.410805
SI Market + Oral,TRx (Adjusted),OLUMIANT,PRODUCT,Y,2024-11-15,1.427619
SI Market + Oral,TRx (Adjusted),OLUMIANT,PRODUCT,Y,2024-11-22,1.461246
SI Market + Oral,TRx (Adjusted),OLUMIANT,PRODUCT,Y,2024-11-29,1.175416
SI Market + Oral,TRx (Adjusted),OLUMIANT,PRODUCT,Y,2024-12-06,1.525374
SI Market + Oral,TRx (Adjusted),OLUMIANT,PRODUCT,Y,2024-12-13,1.37556
SI Market + Oral,TRx (Adjusted),OLUMIANT,PRODUCT,Y,2024-12-20,1.416418
SI Market + Oral,TRx (Adjusted),OLUMIANT,PRODUCT,Y,2024-12-27,1.088039
SI Market + Oral,TRx (Adjusted),OLUMIANT,PRODUCT,Y,2025-01-03,1.224233
SI Market + Oral,TRx (Adjusted),OLUMIANT,PRODUCT,Y,2025-01-10,0.906422
SI Market + Oral,TRx (Adjusted),OLUMIANT,PRODUCT,Y,2025-01-17,1.066379
SI Market + Oral,TRx (Adjusted),OLUMIANT,PRODUCT,Y,2025-01-24,0.9658
SI Market + Oral,TRx (Adjusted),OLUMIANT,PRODUCT,Y,2025-01-31,1.119698
SI Market + Oral,TRx (Adjusted),OLUMIANT,PRODUCT,Y,2025-02-07,0.756479
SI Market + Oral,TRx (Adjusted),OLUMIANT,PRODUCT,Y,2025-02-14,0.727243
SI Market + Oral,TRx (Adjusted),OLUMIANT,PRODUCT,Y,2025-02-21,0.768356
SI Market + Oral,TRx (Adjusted),OLUMIANT,PRODUCT,Y,2025-02-28,0.810383
SI Market + Oral,TRx (Adjusted),OLUMIANT,PRODUCT,Y,2025-03-07,0.503058
SI Market + Oral,TRx (Adjusted),OLUMIANT,PRODUCT,Y,2025-03-14,0.48663
SI Market + Oral,TRx (Adjusted),OLUMIANT,PRODUCT,Y,2025-03-21,0.498526
SI Market + Oral,TRx (Adjusted),OLUMIANT,PRODUCT,Y,2025-03-28,0.503058
SI Market + Oral,TRx (Adjusted),OLUMIANT,PRODUCT,Y,2025-04-04,0.508157
SI Market + Oral,TRx (Adjusted),OLUMIANT,PRODUCT,Y,2025-04-11,0.496886
SI Market + Oral,TRx (Adjusted),OLUMIANT,PRODUCT,Y,2025-04-18,0.519284
SI Market + Oral,TRx (Adjusted),OLUMIANT,PRODUCT,Y,2025-04-25,0.528126
SI Market + Oral,TRx (Adjusted),OLUMIANT,PRODUCT,Y,2025-05-02,0.492171
SI Market + Oral,TRx (Adjusted),OLUMIANT,PRODUCT,Y,2025-05-09,0.582521
SI Market + Oral,TRx (Adjusted),OLUMIANT,PRODUCT,Y,2025-05-16,0.535323
SI Market + Oral,TRx (Adjusted),OLUMIANT,PRODUCT,Y,2025-05-23,0.573826
SI Market + Oral,TRx (Adjusted),OLUMIANT,PRODUCT,Y,2025-05-30,0.494335
SI Market + Oral,TRx (Adjusted),OLUMIANT,PRODUCT,Y,2025-06-06,0.610776
SI Market + Oral,TRx (Adjusted),OLUMIANT,PRODUCT,Y,2025-06-13,0.57433
SI Market + Oral,TRx (Adjusted),OLUMIANT,PRODUCT,Y,2025-06-20,0.613289
SI Market + Oral,TRx (Adjusted),OLUMIANT,PRODUCT,Y,2025-06-27,0.559249
SI Market + Oral,TRx (Adjusted),OLUMIANT,PRODUCT,Y,2025-07-04,0.511493
SI Market + Oral,TRx (Adjusted),OLUMIANT,PRODUCT,Y,2025-07-11,0.581144
SI Market + Oral,TRx (Adjusted),OLUMIANT,PRODUCT,Y,2025-07-18,0.601899
SI Market + Oral,TRx (Adjusted),OLUMIANT,PRODUCT,Y,2025-07-25,0.583586
SI Market + Oral,TRx (Adjusted),OLUMIANT,PRODUCT,Y,2025-08-01,0.558558
SI Market + Oral,TRx (Adjusted),OLUMIANT,PRODUCT,Y,2025-08-08,0.527359
SI Market + Oral,TRx (Adjusted),OLUMIANT,PRODUCT,Y,2025-08-15,0.561998
SI Market + Oral,TRx (Adjusted),OLUMIANT,PRODUCT,Y,2025-08-22,0.551248
SI Market + Oral,TRx (Adjusted),OLUMIANT,PRODUCT,Y,2025-08-29,0.607388
SI Market + Oral,TRx (Adjusted),OLUMIANT,PRODUCT,Y,2025-09-05,0.472105
SI Market + Oral,TRx (Adjusted),OLUMIANT,PRODUCT,Y,2025-09-12,0.560842
SI Market + Oral,TRx (Adjusted),OLUMIANT,PRODUCT,Y,2025-09-19,0.569542
SI Market + Oral,TRx (Adjusted),OLUMIANT,PRODUCT,Y,2025-09-26,0.534743
SI Market + Oral,TRx (Adjusted),OLUMIANT,PRODUCT,Y,2025-10-03,0.508644
SI Market + Oral,TRx (Adjusted),OLUMIANT,PRODUCT,Y,2025-10-10,0.517342
SI Market + Oral,TRx (Adjusted),OLUMIANT,PRODUCT,Y,2025-10-17,0.551561
SI Market + Oral,TRx (Adjusted),OLUMIANT,PRODUCT,Y,2025-10-24,0.520822
SI Market + Oral,TRx (Adjusted),OLUMIANT,PRODUCT,Y,2025-10-31,0.498783
SI Market + Oral,TRx (Adjusted),OLUMIANT,PRODUCT,Y,2025-11-07,0.350457
SI Market + Oral,TRx (Adjusted),OLUMIANT,PRODUCT,Y,2025-11-14,0.383558
SI Market + Oral,TRx (Adjusted),OLUMIANT,PRODUCT,Y,2025-11-21,0.384385
SI Market + Oral,TRx (Adjusted),OLUMIANT,PRODUCT,Y,2025-11-28,0.292944
SI Market + Oral,TRx (Adjusted),OLUMIANT,PRODUCT,Y,2025-12-05,0.195686
SI Market + Oral,TRx (Adjusted),OLUMIANT,PRODUCT,Y,2025-12-12,0.193607
SI Market + Oral,TRx (Adjusted),OLUMIANT,PRODUCT,Y,2025-12-19,0.202549
SI Market + Oral,TRx (Adjusted),OLUMIANT,PRODUCT,Y,2025-12-26,0.14037
SI Market + Oral,TRx (Adjusted),OLUMIANT,PRODUCT,Y,2026-01-02,0.171772
SI Market + Oral,TRx (Adjusted),OLUMIANT,PRODUCT,Y,2026-01-09,0.0
SI Market + Oral,TRx (Adjusted),OLUMIANT,PRODUCT,Y,2026-01-16,0.0
SI Market + Oral,TRx (Adjusted),OLUMIANT,PRODUCT,Y,2026-01-23,0.0
SI Market + Oral,TRx (Adjusted),OLUMIANT,PRODUCT,Y,2026-01-30,0.0
SI Market + Oral,TRx (Adjusted),OLUMIANT,PRODUCT,Y,2026-02-06,0.0
SI Market + Oral,TRx (Adjusted),OLUMIANT,PRODUCT,Y,2026-02-13,0.0
SI Market + Oral,TRx (Adjusted),OLUMIANT,PRODUCT,Y,2026-02-20,0.0
SI Market + Oral,TRx (Adjusted),OLUMIANT,PRODUCT,Y,2026-02-27,0.0
SI Market + Oral,TRx (Adjusted),OLUMIANT,PRODUCT,Y,2026-03-06,0.0
SI Market + Oral,TRx (Adjusted),OLUMIANT,PRODUCT,Y,2026-03-13,0.0
SI Market + Oral,TRx (Adjusted),OLUMIANT,PRODUCT,Y,2026-03-20,0.0
SI Market + Oral,TRx (Adjusted),OLUMIANT,PRODUCT,Y,2026-03-27,0.0
SI Market + Oral,TRx (Adjusted),OLUMIANT,PRODUCT,Y,2026-04-03,0.0
SI Market + Oral,TRx (Adjusted),OLUMIANT,PRODUCT,Y,2026-04-10,0.0
SI Market + Oral,TRx (Adjusted),OLUMIANT,PRODUCT,Y,2026-04-17,0.0
SI Market + Oral,TRx (Adjusted),OLUMIANT,PRODUCT,Y,2026-04-24,0.0
SI Market + Oral,TRx (Adjusted),OLUMIANT,PRODUCT,Y,2026-05-01,0.0
SI Market + Oral,TRx (Adjusted),OLUMIANT,PRODUCT,Y,2026-05-08,0.0
SI Market + Oral,TRx (Adjusted),ORENCIA SQ,PRODUCT,Y,2024-05-03,0.876653
SI Market + Oral,TRx (Adjusted),ORENCIA SQ,PRODUCT,Y,2024-05-10,0.900366
SI Market + Oral,TRx (Adjusted),ORENCIA SQ,PRODUCT,Y,2024-05-17,0.901267
SI Market + Oral,TRx (Adjusted),ORENCIA SQ,PRODUCT,Y,2024-05-24,0.962352
SI Market + Oral,TRx (Adjusted),ORENCIA SQ,PRODUCT,Y,2024-05-31,0.983277
SI Market + Oral,TRx (Adjusted),ORENCIA SQ,PRODUCT,Y,2024-06-07,1.220221
SI Market + Oral,TRx (Adjusted),ORENCIA SQ,PRODUCT,Y,2024-06-14,1.143233
SI Market + Oral,TRx (Adjusted),ORENCIA SQ,PRODUCT,Y,2024-06-21,1.116511
SI Market + Oral,TRx (Adjusted),ORENCIA SQ,PRODUCT,Y,2024-06-28,1.13744
SI Market + Oral,TRx (Adjusted),ORENCIA SQ,PRODUCT,Y,2024-07-05,1.16237
SI Market + Oral,TRx (Adjusted),ORENCIA SQ,PRODUCT,Y,2024-07-12,1.63353
SI Market + Oral,TRx (Adjusted),ORENCIA SQ,PRODUCT,Y,2024-07-19,1.528801
SI Market + Oral,TRx (Adjusted),ORENCIA SQ,PRODUCT,Y,2024-07-26,1.514596
SI Market + Oral,TRx (Adjusted),ORENCIA SQ,PRODUCT,Y,2024-08-02,1.826653
SI Market + Oral,TRx (Adjusted),ORENCIA SQ,PRODUCT,Y,2024-08-09,1.897733
SI Market + Oral,TRx (Adjusted),ORENCIA SQ,PRODUCT,Y,2024-08-16,1.953495
SI Market + Oral,TRx (Adjusted),ORENCIA SQ,PRODUCT,Y,2024-08-23,1.962687
SI Market + Oral,TRx (Adjusted),ORENCIA SQ,PRODUCT,Y,2024-08-30,2.325313
SI Market + Oral,TRx (Adjusted),ORENCIA SQ,PRODUCT,Y,2024-09-06,2.006929
SI Market + Oral,TRx (Adjusted),ORENCIA SQ,PRODUCT,Y,2024-09-13,2.408981
SI Market + Oral,TRx (Adjusted),ORENCIA SQ,PRODUCT,Y,2024-09-20,2.350857
SI Market + Oral,TRx (Adjusted),ORENCIA SQ,PRODUCT,Y,2024-09-27,2.270891
SI Market + Oral,TRx (Adjusted),ORENCIA SQ,PRODUCT,Y,2024-10-04,2.582176
SI Market + Oral,TRx (Adjusted),ORENCIA SQ,PRODUCT,Y,2024-10-11,2.541073
SI Market + Oral,TRx (Adjusted),ORENCIA SQ,PRODUCT,Y,2024-10-18,2.633861
SI Market + Oral,TRx (Adjusted),ORENCIA SQ,PRODUCT,Y,2024-10-25,2.639151
SI Market + Oral,TRx (Adjusted),ORENCIA SQ,PRODUCT,Y,2024-11-01,2.882575
SI Market + Oral,TRx (Adjusted),ORENCIA SQ,PRODUCT,Y,2024-11-08,2.825189
SI Market + Oral,TRx (Adjusted),ORENCIA SQ,PRODUCT,Y,2024-11-15,2.876395
SI Market + Oral,TRx (Adjusted),ORENCIA SQ,PRODUCT,Y,2024-11-22,2.997349
SI Market + Oral,TRx (Adjusted),ORENCIA SQ,PRODUCT,Y,2024-11-29,2.174071
SI Market + Oral,TRx (Adjusted),ORENCIA SQ,PRODUCT,Y,2024-12-06,3.156148
SI Market + Oral,TRx (Adjusted),ORENCIA SQ,PRODUCT,Y,2024-12-13,2.913897
SI Market + Oral,TRx (Adjusted),ORENCIA SQ,PRODUCT,Y,2024-12-20,3.033946
SI Market + Oral,TRx (Adjusted),ORENCIA SQ,PRODUCT,Y,2024-12-27,2.207367
SI Market + Oral,TRx (Adjusted),ORENCIA SQ,PRODUCT,Y,2025-01-03,2.503404
SI Market + Oral,TRx (Adjusted),ORENCIA SQ,PRODUCT,Y,2025-01-10,2.347708
SI Market + Oral,TRx (Adjusted),ORENCIA SQ,PRODUCT,Y,2025-01-17,2.644797
SI Market + Oral,TRx (Adjusted),ORENCIA SQ,PRODUCT,Y,2025-01-24,2.119208
SI Market + Oral,TRx (Adjusted),ORENCIA SQ,PRODUCT,Y,2025-01-31,2.581303
SI Market + Oral,TRx (Adjusted),ORENCIA SQ,PRODUCT,Y,2025-02-07,2.296306
SI Market + Oral,TRx (Adjusted),ORENCIA SQ,PRODUCT,Y,2025-02-14,2.30456
SI Market + Oral,TRx (Adjusted),ORENCIA SQ,PRODUCT,Y,2025-02-21,2.200492
SI Market + Oral,TRx (Adjusted),ORENCIA SQ,PRODUCT,Y,2025-02-28,2.353723
SI Market + Oral,TRx (Adjusted),ORENCIA SQ,PRODUCT,Y,2025-03-07,2.158131
SI Market + Oral,TRx (Adjusted),ORENCIA SQ,PRODUCT,Y,2025-03-14,2.171771
SI Market + Oral,TRx (Adjusted),ORENCIA SQ,PRODUCT,Y,2025-03-21,2.134097
SI Market + Oral,TRx (Adjusted),ORENCIA SQ,PRODUCT,Y,2025-03-28,2.121106
SI Market + Oral,TRx (Adjusted),ORENCIA SQ,PRODUCT,Y,2025-04-04,2.056476
SI Market + Oral,TRx (Adjusted),ORENCIA SQ,PRODUCT,Y,2025-04-11,2.222906
SI Market + Oral,TRx (Adjusted),ORENCIA SQ,PRODUCT,Y,2025-04-18,2.19668
SI Market + Oral,TRx (Adjusted),ORENCIA SQ,PRODUCT,Y,2025-04-25,2.108522
SI Market + Oral,TRx (Adjusted),ORENCIA SQ,PRODUCT,Y,2025-05-02,2.148019
SI Market + Oral,TRx (Adjusted),ORENCIA SQ,PRODUCT,Y,2025-05-09,2.101449
SI Market + Oral,TRx (Adjusted),ORENCIA SQ,PRODUCT,Y,2025-05-16,2.072482
SI Market + Oral,TRx (Adjusted),ORENCIA SQ,PRODUCT,Y,2025-05-23,2.112797
SI Market + Oral,TRx (Adjusted),ORENCIA SQ,PRODUCT,Y,2025-05-30,1.865234
SI Market + Oral,TRx (Adjusted),ORENCIA SQ,PRODUCT,Y,2025-06-06,2.198367
SI Market + Oral,TRx (Adjusted),ORENCIA SQ,PRODUCT,Y,2025-06-13,2.066618
SI Market + Oral,TRx (Adjusted),ORENCIA SQ,PRODUCT,Y,2025-06-20,2.038555
SI Market + Oral,TRx (Adjusted),ORENCIA SQ,PRODUCT,Y,2025-06-27,2.134265
SI Market + Oral,TRx (Adjusted),ORENCIA SQ,PRODUCT,Y,2025-07-04,1.718637
SI Market + Oral,TRx (Adjusted),ORENCIA SQ,PRODUCT,Y,2025-07-11,2.508778
SI Market + Oral,TRx (Adjusted),ORENCIA SQ,PRODUCT,Y,2025-07-18,2.372862
SI Market + Oral,TRx (Adjusted),ORENCIA SQ,PRODUCT,Y,2025-07-25,2.378376
SI Market + Oral,TRx (Adjusted),ORENCIA SQ,PRODUCT,Y,2025-08-01,2.327124
SI Market + Oral,TRx (Adjusted),ORENCIA SQ,PRODUCT,Y,2025-08-08,2.800249
SI Market + Oral,TRx (Adjusted),ORENCIA SQ,PRODUCT,Y,2025-08-15,2.80448
SI Market + Oral,TRx (Adjusted),ORENCIA SQ,PRODUCT,Y,2025-08-22,2.837944
SI Market + Oral,TRx (Adjusted),ORENCIA SQ,PRODUCT,Y,2025-08-29,2.939492
SI Market + Oral,TRx (Adjusted),ORENCIA SQ,PRODUCT,Y,2025-09-05,2.592251
SI Market + Oral,TRx (Adjusted),ORENCIA SQ,PRODUCT,Y,2025-09-12,3.097814
SI Market + Oral,TRx (Adjusted),ORENCIA SQ,PRODUCT,Y,2025-09-19,3.096988
SI Market + Oral,TRx (Adjusted),ORENCIA SQ,PRODUCT,Y,2025-09-26,2.917727
SI Market + Oral,TRx (Adjusted),ORENCIA SQ,PRODUCT,Y,2025-10-03,3.03751
SI Market + Oral,TRx (Adjusted),ORENCIA SQ,PRODUCT,Y,2025-10-10,2.933715
SI Market + Oral,TRx (Adjusted),ORENCIA SQ,PRODUCT,Y,2025-10-17,2.728441
SI Market + Oral,TRx (Adjusted),ORENCIA SQ,PRODUCT,Y,2025-10-24,2.924259
SI Market + Oral,TRx (Adjusted),ORENCIA SQ,PRODUCT,Y,2025-10-31,2.949475
SI Market + Oral,TRx (Adjusted),ORENCIA SQ,PRODUCT,Y,2025-11-07,2.533368
SI Market + Oral,TRx (Adjusted),ORENCIA SQ,PRODUCT,Y,2025-11-14,2.437476
SI Market + Oral,TRx (Adjusted),ORENCIA SQ,PRODUCT,Y,2025-11-21,2.531679
SI Market + Oral,TRx (Adjusted),ORENCIA SQ,PRODUCT,Y,2025-11-28,1.943498
SI Market + Oral,TRx (Adjusted),ORENCIA SQ,PRODUCT,Y,2025-12-05,2.215033
SI Market + Oral,TRx (Adjusted),ORENCIA SQ,PRODUCT,Y,2025-12-12,2.09404
SI Market + Oral,TRx (Adjusted),ORENCIA SQ,PRODUCT,Y,2025-12-19,2.022133
SI Market + Oral,TRx (Adjusted),ORENCIA SQ,PRODUCT,Y,2025-12-26,1.52383
SI Market + Oral,TRx (Adjusted),ORENCIA SQ,PRODUCT,Y,2026-01-02,1.725221
SI Market + Oral,TRx (Adjusted),ORENCIA SQ,PRODUCT,Y,2026-01-09,2.495432
SI Market + Oral,TRx (Adjusted),ORENCIA SQ,PRODUCT,Y,2026-01-16,2.241882
SI Market + Oral,TRx (Adjusted),ORENCIA SQ,PRODUCT,Y,2026-01-23,1.799532
SI Market + Oral,TRx (Adjusted),ORENCIA SQ,PRODUCT,Y,2026-01-30,1.822291
SI Market + Oral,TRx (Adjusted),ORENCIA SQ,PRODUCT,Y,2026-02-06,2.370913
SI Market + Oral,TRx (Adjusted),ORENCIA SQ,PRODUCT,Y,2026-02-13,2.174398
SI Market + Oral,TRx (Adjusted),ORENCIA SQ,PRODUCT,Y,2026-02-20,2.1238
SI Market + Oral,TRx (Adjusted),ORENCIA SQ,PRODUCT,Y,2026-02-27,2.109764
SI Market + Oral,TRx (Adjusted),ORENCIA SQ,PRODUCT,Y,2026-03-06,2.384819
SI Market + Oral,TRx (Adjusted),ORENCIA SQ,PRODUCT,Y,2026-03-13,2.258905
SI Market + Oral,TRx (Adjusted),ORENCIA SQ,PRODUCT,Y,2026-03-20,2.205383
SI Market + Oral,TRx (Adjusted),ORENCIA SQ,PRODUCT,Y,2026-03-27,2.383447
SI Market + Oral,TRx (Adjusted),ORENCIA SQ,PRODUCT,Y,2026-04-03,2.482257
SI Market + Oral,TRx (Adjusted),ORENCIA SQ,PRODUCT,Y,2026-04-10,2.260621
SI Market + Oral,TRx (Adjusted),ORENCIA SQ,PRODUCT,Y,2026-04-17,2.139853
SI Market + Oral,TRx (Adjusted),ORENCIA SQ,PRODUCT,Y,2026-04-24,2.353941
SI Market + Oral,TRx (Adjusted),ORENCIA SQ,PRODUCT,Y,2026-05-01,2.582439
SI Market + Oral,TRx (Adjusted),ORENCIA SQ,PRODUCT,Y,2026-05-08,2.532005
SI Market + Oral,TRx (Adjusted),OTEZLA,PRODUCT,Y,2024-05-03,6.513874
SI Market + Oral,TRx (Adjusted),OTEZLA,PRODUCT,Y,2024-05-10,6.740416
SI Market + Oral,TRx (Adjusted),OTEZLA,PRODUCT,Y,2024-05-17,6.764407
SI Market + Oral,TRx (Adjusted),OTEZLA,PRODUCT,Y,2024-05-24,6.665295
SI Market + Oral,TRx (Adjusted),OTEZLA,PRODUCT,Y,2024-05-31,4.837783
SI Market + Oral,TRx (Adjusted),OTEZLA,PRODUCT,Y,2024-06-07,5.647633
SI Market + Oral,TRx (Adjusted),OTEZLA,PRODUCT,Y,2024-06-14,5.237148
SI Market + Oral,TRx (Adjusted),OTEZLA,PRODUCT,Y,2024-06-21,5.176919
SI Market + Oral,TRx (Adjusted),OTEZLA,PRODUCT,Y,2024-06-28,5.264329
SI Market + Oral,TRx (Adjusted),OTEZLA,PRODUCT,Y,2024-07-05,3.289148
SI Market + Oral,TRx (Adjusted),OTEZLA,PRODUCT,Y,2024-07-12,3.932535
SI Market + Oral,TRx (Adjusted),OTEZLA,PRODUCT,Y,2024-07-19,3.641945
SI Market + Oral,TRx (Adjusted),OTEZLA,PRODUCT,Y,2024-07-26,3.94167
SI Market + Oral,TRx (Adjusted),OTEZLA,PRODUCT,Y,2024-08-02,2.92294
SI Market + Oral,TRx (Adjusted),OTEZLA,PRODUCT,Y,2024-08-09,3.020573
SI Market + Oral,TRx (Adjusted),OTEZLA,PRODUCT,Y,2024-08-16,3.094909
SI Market + Oral,TRx (Adjusted),OTEZLA,PRODUCT,Y,2024-08-23,3.049382
SI Market + Oral,TRx (Adjusted),OTEZLA,PRODUCT,Y,2024-08-30,3.04429
SI Market + Oral,TRx (Adjusted),OTEZLA,PRODUCT,Y,2024-09-06,2.678567
SI Market + Oral,TRx (Adjusted),OTEZLA,PRODUCT,Y,2024-09-13,2.90402
SI Market + Oral,TRx (Adjusted),OTEZLA,PRODUCT,Y,2024-09-20,2.990052
SI Market + Oral,TRx (Adjusted),OTEZLA,PRODUCT,Y,2024-09-27,2.999234
SI Market + Oral,TRx (Adjusted),OTEZLA,PRODUCT,Y,2024-10-04,3.047892
SI Market + Oral,TRx (Adjusted),OTEZLA,PRODUCT,Y,2024-10-11,2.830509
SI Market + Oral,TRx (Adjusted),OTEZLA,PRODUCT,Y,2024-10-18,3.063244
SI Market + Oral,TRx (Adjusted),OTEZLA,PRODUCT,Y,2024-10-25,3.133902
SI Market + Oral,TRx (Adjusted),OTEZLA,PRODUCT,Y,2024-11-01,3.280368
SI Market + Oral,TRx (Adjusted),OTEZLA,PRODUCT,Y,2024-11-08,3.117559
SI Market + Oral,TRx (Adjusted),OTEZLA,PRODUCT,Y,2024-11-15,3.287937
SI Market + Oral,TRx (Adjusted),OTEZLA,PRODUCT,Y,2024-11-22,3.350329
SI Market + Oral,TRx (Adjusted),OTEZLA,PRODUCT,Y,2024-11-29,2.800062
SI Market + Oral,TRx (Adjusted),OTEZLA,PRODUCT,Y,2024-12-06,3.309465
SI Market + Oral,TRx (Adjusted),OTEZLA,PRODUCT,Y,2024-12-13,3.31898
SI Market + Oral,TRx (Adjusted),OTEZLA,PRODUCT,Y,2024-12-20,3.363625
SI Market + Oral,TRx (Adjusted),OTEZLA,PRODUCT,Y,2024-12-27,2.716078
SI Market + Oral,TRx (Adjusted),OTEZLA,PRODUCT,Y,2025-01-03,2.742243
SI Market + Oral,TRx (Adjusted),OTEZLA,PRODUCT,Y,2025-01-10,2.840119
SI Market + Oral,TRx (Adjusted),OTEZLA,PRODUCT,Y,2025-01-17,3.119497
SI Market + Oral,TRx (Adjusted),OTEZLA,PRODUCT,Y,2025-01-24,2.797124
SI Market + Oral,TRx (Adjusted),OTEZLA,PRODUCT,Y,2025-01-31,3.168262
SI Market + Oral,TRx (Adjusted),OTEZLA,PRODUCT,Y,2025-02-07,3.29727
SI Market + Oral,TRx (Adjusted),OTEZLA,PRODUCT,Y,2025-02-14,3.413044
SI Market + Oral,TRx (Adjusted),OTEZLA,PRODUCT,Y,2025-02-21,3.290295
SI Market + Oral,TRx (Adjusted),OTEZLA,PRODUCT,Y,2025-02-28,3.448712
SI Market + Oral,TRx (Adjusted),OTEZLA,PRODUCT,Y,2025-03-07,4.094881
SI Market + Oral,TRx (Adjusted),OTEZLA,PRODUCT,Y,2025-03-14,4.120649
SI Market + Oral,TRx (Adjusted),OTEZLA,PRODUCT,Y,2025-03-21,4.141644
SI Market + Oral,TRx (Adjusted),OTEZLA,PRODUCT,Y,2025-03-28,4.05122
SI Market + Oral,TRx (Adjusted),OTEZLA,PRODUCT,Y,2025-04-04,4.054321
SI Market + Oral,TRx (Adjusted),OTEZLA,PRODUCT,Y,2025-04-11,4.45254
SI Market + Oral,TRx (Adjusted),OTEZLA,PRODUCT,Y,2025-04-18,4.526918
SI Market + Oral,TRx (Adjusted),OTEZLA,PRODUCT,Y,2025-04-25,4.458501
SI Market + Oral,TRx (Adjusted),OTEZLA,PRODUCT,Y,2025-05-02,4.545836
SI Market + Oral,TRx (Adjusted),OTEZLA,PRODUCT,Y,2025-05-09,4.502306
SI Market + Oral,TRx (Adjusted),OTEZLA,PRODUCT,Y,2025-05-16,4.535998
SI Market + Oral,TRx (Adjusted),OTEZLA,PRODUCT,Y,2025-05-23,4.548343
SI Market + Oral,TRx (Adjusted),OTEZLA,PRODUCT,Y,2025-05-30,4.013909
SI Market + Oral,TRx (Adjusted),OTEZLA,PRODUCT,Y,2025-06-06,4.083649
SI Market + Oral,TRx (Adjusted),OTEZLA,PRODUCT,Y,2025-06-13,3.753147
SI Market + Oral,TRx (Adjusted),OTEZLA,PRODUCT,Y,2025-06-20,3.782606
SI Market + Oral,TRx (Adjusted),OTEZLA,PRODUCT,Y,2025-06-27,3.70713
SI Market + Oral,TRx (Adjusted),OTEZLA,PRODUCT,Y,2025-07-04,3.592089
SI Market + Oral,TRx (Adjusted),OTEZLA,PRODUCT,Y,2025-07-11,3.393846
SI Market + Oral,TRx (Adjusted),OTEZLA,PRODUCT,Y,2025-07-18,3.65847
SI Market + Oral,TRx (Adjusted),OTEZLA,PRODUCT,Y,2025-07-25,3.498127
SI Market + Oral,TRx (Adjusted),OTEZLA,PRODUCT,Y,2025-08-01,3.48519
SI Market + Oral,TRx (Adjusted),OTEZLA,PRODUCT,Y,2025-08-08,3.409644
SI Market + Oral,TRx (Adjusted),OTEZLA,PRODUCT,Y,2025-08-15,3.382463
SI Market + Oral,TRx (Adjusted),OTEZLA,PRODUCT,Y,2025-08-22,3.531675
SI Market + Oral,TRx (Adjusted),OTEZLA,PRODUCT,Y,2025-08-29,3.349199
SI Market + Oral,TRx (Adjusted),OTEZLA,PRODUCT,Y,2025-09-05,3.466678
SI Market + Oral,TRx (Adjusted),OTEZLA,PRODUCT,Y,2025-09-12,3.993367
SI Market + Oral,TRx (Adjusted),OTEZLA,PRODUCT,Y,2025-09-19,3.838597
SI Market + Oral,TRx (Adjusted),OTEZLA,PRODUCT,Y,2025-09-26,3.871609
SI Market + Oral,TRx (Adjusted),OTEZLA,PRODUCT,Y,2025-10-03,3.670322
SI Market + Oral,TRx (Adjusted),OTEZLA,PRODUCT,Y,2025-10-10,4.275535
SI Market + Oral,TRx (Adjusted),OTEZLA,PRODUCT,Y,2025-10-17,4.184551
SI Market + Oral,TRx (Adjusted),OTEZLA,PRODUCT,Y,2025-10-24,4.185758
SI Market + Oral,TRx (Adjusted),OTEZLA,PRODUCT,Y,2025-10-31,4.272157
SI Market + Oral,TRx (Adjusted),OTEZLA,PRODUCT,Y,2025-11-07,5.650181
SI Market + Oral,TRx (Adjusted),OTEZLA,PRODUCT,Y,2025-11-14,5.67531
SI Market + Oral,TRx (Adjusted),OTEZLA,PRODUCT,Y,2025-11-21,5.80668
SI Market + Oral,TRx (Adjusted),OTEZLA,PRODUCT,Y,2025-11-28,4.599221
SI Market + Oral,TRx (Adjusted),OTEZLA,PRODUCT,Y,2025-12-05,7.001713
SI Market + Oral,TRx (Adjusted),OTEZLA,PRODUCT,Y,2025-12-12,7.034435
SI Market + Oral,TRx (Adjusted),OTEZLA,PRODUCT,Y,2025-12-19,7.254356
SI Market + Oral,TRx (Adjusted),OTEZLA,PRODUCT,Y,2025-12-26,4.978666
SI Market + Oral,TRx (Adjusted),OTEZLA,PRODUCT,Y,2026-01-02,5.715669
SI Market + Oral,TRx (Adjusted),OTEZLA,PRODUCT,Y,2026-01-09,7.410916
SI Market + Oral,TRx (Adjusted),OTEZLA,PRODUCT,Y,2026-01-16,6.715743
SI Market + Oral,TRx (Adjusted),OTEZLA,PRODUCT,Y,2026-01-23,6.520123
SI Market + Oral,TRx (Adjusted),OTEZLA,PRODUCT,Y,2026-01-30,5.672573
SI Market + Oral,TRx (Adjusted),OTEZLA,PRODUCT,Y,2026-02-06,6.826613
SI Market + Oral,TRx (Adjusted),OTEZLA,PRODUCT,Y,2026-02-13,6.942013
SI Market + Oral,TRx (Adjusted),OTEZLA,PRODUCT,Y,2026-02-20,6.699755
SI Market + Oral,TRx (Adjusted),OTEZLA,PRODUCT,Y,2026-02-27,6.58681
SI Market + Oral,TRx (Adjusted),OTEZLA,PRODUCT,Y,2026-03-06,6.421811
SI Market + Oral,TRx (Adjusted),OTEZLA,PRODUCT,Y,2026-03-13,6.479265
SI Market + Oral,TRx (Adjusted),OTEZLA,PRODUCT,Y,2026-03-20,6.572723
SI Market + Oral,TRx (Adjusted),OTEZLA,PRODUCT,Y,2026-03-27,6.75849
SI Market + Oral,TRx (Adjusted),OTEZLA,PRODUCT,Y,2026-04-03,6.710995
SI Market + Oral,TRx (Adjusted),OTEZLA,PRODUCT,Y,2026-04-10,6.619069
SI Market + Oral,TRx (Adjusted),OTEZLA,PRODUCT,Y,2026-04-17,6.226467
SI Market + Oral,TRx (Adjusted),OTEZLA,PRODUCT,Y,2026-04-24,6.627496
SI Market + Oral,TRx (Adjusted),OTEZLA,PRODUCT,Y,2026-05-01,6.91285
SI Market + Oral,TRx (Adjusted),OTEZLA,PRODUCT,Y,2026-05-08,6.820924
SI Market + Oral,TRx (Adjusted),SILIQ,PRODUCT,Y,2024-05-03,0.326492
SI Market + Oral,TRx (Adjusted),SILIQ,PRODUCT,Y,2024-05-10,0.345073
SI Market + Oral,TRx (Adjusted),SILIQ,PRODUCT,Y,2024-05-17,0.238897
SI Market + Oral,TRx (Adjusted),SILIQ,PRODUCT,Y,2024-05-24,0.35569
SI Market + Oral,TRx (Adjusted),SILIQ,PRODUCT,Y,2024-05-31,0.285654
SI Market + Oral,TRx (Adjusted),SILIQ,PRODUCT,Y,2024-06-07,0.343842
SI Market + Oral,TRx (Adjusted),SILIQ,PRODUCT,Y,2024-06-14,0.290944
SI Market + Oral,TRx (Adjusted),SILIQ,PRODUCT,Y,2024-06-21,0.306813
SI Market + Oral,TRx (Adjusted),SILIQ,PRODUCT,Y,2024-06-28,0.320038
SI Market + Oral,TRx (Adjusted),SILIQ,PRODUCT,Y,2024-07-05,0.306103
SI Market + Oral,TRx (Adjusted),SILIQ,PRODUCT,Y,2024-07-12,0.487498
SI Market + Oral,TRx (Adjusted),SILIQ,PRODUCT,Y,2024-07-19,0.43837
SI Market + Oral,TRx (Adjusted),SILIQ,PRODUCT,Y,2024-07-26,0.468602
SI Market + Oral,TRx (Adjusted),SILIQ,PRODUCT,Y,2024-08-02,0.522986
SI Market + Oral,TRx (Adjusted),SILIQ,PRODUCT,Y,2024-08-09,0.514413
SI Market + Oral,TRx (Adjusted),SILIQ,PRODUCT,Y,2024-08-16,0.364376
SI Market + Oral,TRx (Adjusted),SILIQ,PRODUCT,Y,2024-08-23,0.522986
SI Market + Oral,TRx (Adjusted),SILIQ,PRODUCT,Y,2024-08-30,0.383958
SI Market + Oral,TRx (Adjusted),SILIQ,PRODUCT,Y,2024-09-06,0.402242
SI Market + Oral,TRx (Adjusted),SILIQ,PRODUCT,Y,2024-09-13,0.376645
SI Market + Oral,TRx (Adjusted),SILIQ,PRODUCT,Y,2024-09-20,0.405899
SI Market + Oral,TRx (Adjusted),SILIQ,PRODUCT,Y,2024-09-27,0.420526
SI Market + Oral,TRx (Adjusted),SILIQ,PRODUCT,Y,2024-10-04,0.437505
SI Market + Oral,TRx (Adjusted),SILIQ,PRODUCT,Y,2024-10-11,0.401709
SI Market + Oral,TRx (Adjusted),SILIQ,PRODUCT,Y,2024-10-18,0.477278
SI Market + Oral,TRx (Adjusted),SILIQ,PRODUCT,Y,2024-10-25,0.433528
SI Market + Oral,TRx (Adjusted),SILIQ,PRODUCT,Y,2024-11-01,0.39905
SI Market + Oral,TRx (Adjusted),SILIQ,PRODUCT,Y,2024-11-08,0.376027
SI Market + Oral,TRx (Adjusted),SILIQ,PRODUCT,Y,2024-11-15,0.43742
SI Market + Oral,TRx (Adjusted),SILIQ,PRODUCT,Y,2024-11-22,0.43742
SI Market + Oral,TRx (Adjusted),SILIQ,PRODUCT,Y,2024-11-29,0.318472
SI Market + Oral,TRx (Adjusted),SILIQ,PRODUCT,Y,2024-12-06,0.445359
SI Market + Oral,TRx (Adjusted),SILIQ,PRODUCT,Y,2024-12-13,0.445359
SI Market + Oral,TRx (Adjusted),SILIQ,PRODUCT,Y,2024-12-20,0.404535
SI Market + Oral,TRx (Adjusted),SILIQ,PRODUCT,Y,2024-12-27,0.270927
SI Market + Oral,TRx (Adjusted),SILIQ,PRODUCT,Y,2025-01-03,0.330308
SI Market + Oral,TRx (Adjusted),SILIQ,PRODUCT,Y,2025-01-10,0.147561
SI Market + Oral,TRx (Adjusted),SILIQ,PRODUCT,Y,2025-01-17,0.129116
SI Market + Oral,TRx (Adjusted),SILIQ,PRODUCT,Y,2025-01-24,0.084848
SI Market + Oral,TRx (Adjusted),SILIQ,PRODUCT,Y,2025-01-31,0.11436
SI Market + Oral,TRx (Adjusted),SILIQ,PRODUCT,Y,2025-02-07,0.079128
SI Market + Oral,TRx (Adjusted),SILIQ,PRODUCT,Y,2025-02-14,0.048598
SI Market + Oral,TRx (Adjusted),SILIQ,PRODUCT,Y,2025-02-21,0.051091
SI Market + Oral,TRx (Adjusted),SILIQ,PRODUCT,Y,2025-02-28,0.079128
SI Market + Oral,TRx (Adjusted),SILIQ,PRODUCT,Y,2025-03-07,0.06087
SI Market + Oral,TRx (Adjusted),SILIQ,PRODUCT,Y,2025-03-14,0.060223
SI Market + Oral,TRx (Adjusted),SILIQ,PRODUCT,Y,2025-03-21,0.044681
SI Market + Oral,TRx (Adjusted),SILIQ,PRODUCT,Y,2025-03-28,0.077059
SI Market + Oral,TRx (Adjusted),SILIQ,PRODUCT,Y,2025-04-04,0.053747
SI Market + Oral,TRx (Adjusted),SILIQ,PRODUCT,Y,2025-04-11,0.145577
SI Market + Oral,TRx (Adjusted),SILIQ,PRODUCT,Y,2025-04-18,0.118035
SI Market + Oral,TRx (Adjusted),SILIQ,PRODUCT,Y,2025-04-25,0.114101
SI Market + Oral,TRx (Adjusted),SILIQ,PRODUCT,Y,2025-05-02,0.144266
SI Market + Oral,TRx (Adjusted),SILIQ,PRODUCT,Y,2025-05-09,0.234823
SI Market + Oral,TRx (Adjusted),SILIQ,PRODUCT,Y,2025-05-16,0.234823
SI Market + Oral,TRx (Adjusted),SILIQ,PRODUCT,Y,2025-05-23,0.322881
SI Market + Oral,TRx (Adjusted),SILIQ,PRODUCT,Y,2025-05-30,0.301533
SI Market + Oral,TRx (Adjusted),SILIQ,PRODUCT,Y,2025-06-06,0.310878
SI Market + Oral,TRx (Adjusted),SILIQ,PRODUCT,Y,2025-06-13,0.21864
SI Market + Oral,TRx (Adjusted),SILIQ,PRODUCT,Y,2025-06-20,0.399701
SI Market + Oral,TRx (Adjusted),SILIQ,PRODUCT,Y,2025-06-27,0.362122
SI Market + Oral,TRx (Adjusted),SILIQ,PRODUCT,Y,2025-07-04,0.235721
SI Market + Oral,TRx (Adjusted),SILIQ,PRODUCT,Y,2025-07-11,0.270067
SI Market + Oral,TRx (Adjusted),SILIQ,PRODUCT,Y,2025-07-18,0.261627
SI Market + Oral,TRx (Adjusted),SILIQ,PRODUCT,Y,2025-07-25,0.315078
SI Market + Oral,TRx (Adjusted),SILIQ,PRODUCT,Y,2025-08-01,0.230682
SI Market + Oral,TRx (Adjusted),SILIQ,PRODUCT,Y,2025-08-08,0.123595
SI Market + Oral,TRx (Adjusted),SILIQ,PRODUCT,Y,2025-08-15,0.143952
SI Market + Oral,TRx (Adjusted),SILIQ,PRODUCT,Y,2025-08-22,0.14686
SI Market + Oral,TRx (Adjusted),SILIQ,PRODUCT,Y,2025-08-29,0.141043
SI Market + Oral,TRx (Adjusted),SILIQ,PRODUCT,Y,2025-09-05,0.0
SI Market + Oral,TRx (Adjusted),SILIQ,PRODUCT,Y,2025-09-12,0.0
SI Market + Oral,TRx (Adjusted),SILIQ,PRODUCT,Y,2025-09-19,0.0
SI Market + Oral,TRx (Adjusted),SILIQ,PRODUCT,Y,2025-09-26,0.0
SI Market + Oral,TRx (Adjusted),SILIQ,PRODUCT,Y,2025-10-03,0.0
SI Market + Oral,TRx (Adjusted),SILIQ,PRODUCT,Y,2025-10-10,0.0
SI Market + Oral,TRx (Adjusted),SILIQ,PRODUCT,Y,2025-10-17,0.0
SI Market + Oral,TRx (Adjusted),SILIQ,PRODUCT,Y,2025-10-24,0.0
SI Market + Oral,TRx (Adjusted),SILIQ,PRODUCT,Y,2025-10-31,0.0
SI Market + Oral,TRx (Adjusted),SILIQ,PRODUCT,Y,2025-11-07,0.0
SI Market + Oral,TRx (Adjusted),SILIQ,PRODUCT,Y,2025-11-14,0.0
SI Market + Oral,TRx (Adjusted),SILIQ,PRODUCT,Y,2025-11-21,0.0
SI Market + Oral,TRx (Adjusted),SILIQ,PRODUCT,Y,2025-11-28,0.0
SI Market + Oral,TRx (Adjusted),SILIQ,PRODUCT,Y,2025-12-05,0.0
SI Market + Oral,TRx (Adjusted),SILIQ,PRODUCT,Y,2025-12-12,0.0
SI Market + Oral,TRx (Adjusted),SILIQ,PRODUCT,Y,2025-12-19,0.0
SI Market + Oral,TRx (Adjusted),SILIQ,PRODUCT,Y,2025-12-26,0.0
SI Market + Oral,TRx (Adjusted),SILIQ,PRODUCT,Y,2026-01-02,0.0
SI Market + Oral,TRx (Adjusted),SILIQ,PRODUCT,Y,2026-01-09,0.0
SI Market + Oral,TRx (Adjusted),SILIQ,PRODUCT,Y,2026-01-16,0.0
SI Market + Oral,TRx (Adjusted),SILIQ,PRODUCT,Y,2026-01-23,0.0
SI Market + Oral,TRx (Adjusted),SILIQ,PRODUCT,Y,2026-01-30,0.0
SI Market + Oral,TRx (Adjusted),SILIQ,PRODUCT,Y,2026-02-06,0.0
SI Market + Oral,TRx (Adjusted),SILIQ,PRODUCT,Y,2026-02-13,0.0
SI Market + Oral,TRx (Adjusted),SILIQ,PRODUCT,Y,2026-02-20,0.0
SI Market + Oral,TRx (Adjusted),SILIQ,PRODUCT,Y,2026-02-27,0.0
SI Market + Oral,TRx (Adjusted),SILIQ,PRODUCT,Y,2026-03-06,0.0
SI Market + Oral,TRx (Adjusted),SILIQ,PRODUCT,Y,2026-03-13,0.0
SI Market + Oral,TRx (Adjusted),SILIQ,PRODUCT,Y,2026-03-20,0.0
SI Market + Oral,TRx (Adjusted),SILIQ,PRODUCT,Y,2026-03-27,0.0
SI Market + Oral,TRx (Adjusted),SILIQ,PRODUCT,Y,2026-04-03,0.0
SI Market + Oral,TRx (Adjusted),SILIQ,PRODUCT,Y,2026-04-10,0.0
SI Market + Oral,TRx (Adjusted),SILIQ,PRODUCT,Y,2026-04-17,0.0
SI Market + Oral,TRx (Adjusted),SILIQ,PRODUCT,Y,2026-04-24,0.0
SI Market + Oral,TRx (Adjusted),SILIQ,PRODUCT,Y,2026-05-01,0.0
SI Market + Oral,TRx (Adjusted),SILIQ,PRODUCT,Y,2026-05-08,0.0
SI Market + Oral,TRx (Adjusted),SKYRIZI,PRODUCT,Y,2024-05-03,9.078731
SI Market + Oral,TRx (Adjusted),SKYRIZI,PRODUCT,Y,2024-05-10,9.472609
SI Market + Oral,TRx (Adjusted),SKYRIZI,PRODUCT,Y,2024-05-17,9.461016
SI Market + Oral,TRx (Adjusted),SKYRIZI,PRODUCT,Y,2024-05-24,9.641356
SI Market + Oral,TRx (Adjusted),SKYRIZI,PRODUCT,Y,2024-05-31,10.530117
SI Market + Oral,TRx (Adjusted),SKYRIZI,PRODUCT,Y,2024-06-07,13.815304
SI Market + Oral,TRx (Adjusted),SKYRIZI,PRODUCT,Y,2024-06-14,13.415972
SI Market + Oral,TRx (Adjusted),SKYRIZI,PRODUCT,Y,2024-06-21,13.049128
SI Market + Oral,TRx (Adjusted),SKYRIZI,PRODUCT,Y,2024-06-28,13.110667
SI Market + Oral,TRx (Adjusted),SKYRIZI,PRODUCT,Y,2024-07-05,12.106523
SI Market + Oral,TRx (Adjusted),SKYRIZI,PRODUCT,Y,2024-07-12,18.758097
SI Market + Oral,TRx (Adjusted),SKYRIZI,PRODUCT,Y,2024-07-19,17.16667
SI Market + Oral,TRx (Adjusted),SKYRIZI,PRODUCT,Y,2024-07-26,17.201777
SI Market + Oral,TRx (Adjusted),SKYRIZI,PRODUCT,Y,2024-08-02,10.357111
SI Market + Oral,TRx (Adjusted),SKYRIZI,PRODUCT,Y,2024-08-09,10.492158
SI Market + Oral,TRx (Adjusted),SKYRIZI,PRODUCT,Y,2024-08-16,9.605055
SI Market + Oral,TRx (Adjusted),SKYRIZI,PRODUCT,Y,2024-08-23,10.25119
SI Market + Oral,TRx (Adjusted),SKYRIZI,PRODUCT,Y,2024-08-30,13.137246
SI Market + Oral,TRx (Adjusted),SKYRIZI,PRODUCT,Y,2024-09-06,10.909524
SI Market + Oral,TRx (Adjusted),SKYRIZI,PRODUCT,Y,2024-09-13,12.781022
SI Market + Oral,TRx (Adjusted),SKYRIZI,PRODUCT,Y,2024-09-20,13.334883
SI Market + Oral,TRx (Adjusted),SKYRIZI,PRODUCT,Y,2024-09-27,12.400889
SI Market + Oral,TRx (Adjusted),SKYRIZI,PRODUCT,Y,2024-10-04,14.306161
SI Market + Oral,TRx (Adjusted),SKYRIZI,PRODUCT,Y,2024-10-11,13.432911
SI Market + Oral,TRx (Adjusted),SKYRIZI,PRODUCT,Y,2024-10-18,14.225798
SI Market + Oral,TRx (Adjusted),SKYRIZI,PRODUCT,Y,2024-10-25,13.946537
SI Market + Oral,TRx (Adjusted),SKYRIZI,PRODUCT,Y,2024-11-01,6.052525
SI Market + Oral,TRx (Adjusted),SKYRIZI,PRODUCT,Y,2024-11-08,6.031813
SI Market + Oral,TRx (Adjusted),SKYRIZI,PRODUCT,Y,2024-11-15,6.073618
SI Market + Oral,TRx (Adjusted),SKYRIZI,PRODUCT,Y,2024-11-22,6.050288
SI Market + Oral,TRx (Adjusted),SKYRIZI,PRODUCT,Y,2024-11-29,4.30124
SI Market + Oral,TRx (Adjusted),SKYRIZI,PRODUCT,Y,2024-12-06,16.940015
SI Market + Oral,TRx (Adjusted),SKYRIZI,PRODUCT,Y,2024-12-13,15.66715
SI Market + Oral,TRx (Adjusted),SKYRIZI,PRODUCT,Y,2024-12-20,16.815154
SI Market + Oral,TRx (Adjusted),SKYRIZI,PRODUCT,Y,2024-12-27,11.108135
SI Market + Oral,TRx (Adjusted),SKYRIZI,PRODUCT,Y,2025-01-03,11.820544
SI Market + Oral,TRx (Adjusted),SKYRIZI,PRODUCT,Y,2025-01-10,14.384227
SI Market + Oral,TRx (Adjusted),SKYRIZI,PRODUCT,Y,2025-01-17,15.517792
SI Market + Oral,TRx (Adjusted),SKYRIZI,PRODUCT,Y,2025-01-24,13.060326
SI Market + Oral,TRx (Adjusted),SKYRIZI,PRODUCT,Y,2025-01-31,16.011995
SI Market + Oral,TRx (Adjusted),SKYRIZI,PRODUCT,Y,2025-02-07,10.574249
SI Market + Oral,TRx (Adjusted),SKYRIZI,PRODUCT,Y,2025-02-14,9.936593
SI Market + Oral,TRx (Adjusted),SKYRIZI,PRODUCT,Y,2025-02-21,9.711628
SI Market + Oral,TRx (Adjusted),SKYRIZI,PRODUCT,Y,2025-02-28,11.017596
SI Market + Oral,TRx (Adjusted),SKYRIZI,PRODUCT,Y,2025-03-07,19.879037
SI Market + Oral,TRx (Adjusted),SKYRIZI,PRODUCT,Y,2025-03-14,19.658138
SI Market + Oral,TRx (Adjusted),SKYRIZI,PRODUCT,Y,2025-03-21,18.045459
SI Market + Oral,TRx (Adjusted),SKYRIZI,PRODUCT,Y,2025-03-28,18.909132
SI Market + Oral,TRx (Adjusted),SKYRIZI,PRODUCT,Y,2025-04-04,17.71821
SI Market + Oral,TRx (Adjusted),SKYRIZI,PRODUCT,Y,2025-04-11,16.508773
SI Market + Oral,TRx (Adjusted),SKYRIZI,PRODUCT,Y,2025-04-18,16.12969
SI Market + Oral,TRx (Adjusted),SKYRIZI,PRODUCT,Y,2025-04-25,15.768513
SI Market + Oral,TRx (Adjusted),SKYRIZI,PRODUCT,Y,2025-05-02,16.338908
SI Market + Oral,TRx (Adjusted),SKYRIZI,PRODUCT,Y,2025-05-09,13.29445
SI Market + Oral,TRx (Adjusted),SKYRIZI,PRODUCT,Y,2025-05-16,13.480099
SI Market + Oral,TRx (Adjusted),SKYRIZI,PRODUCT,Y,2025-05-23,14.006886
SI Market + Oral,TRx (Adjusted),SKYRIZI,PRODUCT,Y,2025-05-30,11.255288
SI Market + Oral,TRx (Adjusted),SKYRIZI,PRODUCT,Y,2025-06-06,16.739894
SI Market + Oral,TRx (Adjusted),SKYRIZI,PRODUCT,Y,2025-06-13,15.936894
SI Market + Oral,TRx (Adjusted),SKYRIZI,PRODUCT,Y,2025-06-20,15.69837
SI Market + Oral,TRx (Adjusted),SKYRIZI,PRODUCT,Y,2025-06-27,16.57928
SI Market + Oral,TRx (Adjusted),SKYRIZI,PRODUCT,Y,2025-07-04,12.414667
SI Market + Oral,TRx (Adjusted),SKYRIZI,PRODUCT,Y,2025-07-11,17.780258
SI Market + Oral,TRx (Adjusted),SKYRIZI,PRODUCT,Y,2025-07-18,16.372498
SI Market + Oral,TRx (Adjusted),SKYRIZI,PRODUCT,Y,2025-07-25,16.342279
SI Market + Oral,TRx (Adjusted),SKYRIZI,PRODUCT,Y,2025-08-01,16.466685
SI Market + Oral,TRx (Adjusted),SKYRIZI,PRODUCT,Y,2025-08-08,13.802459
SI Market + Oral,TRx (Adjusted),SKYRIZI,PRODUCT,Y,2025-08-15,13.697238
SI Market + Oral,TRx (Adjusted),SKYRIZI,PRODUCT,Y,2025-08-22,13.67408
SI Market + Oral,TRx (Adjusted),SKYRIZI,PRODUCT,Y,2025-08-29,15.21463
SI Market + Oral,TRx (Adjusted),SKYRIZI,PRODUCT,Y,2025-09-05,15.652454
SI Market + Oral,TRx (Adjusted),SKYRIZI,PRODUCT,Y,2025-09-12,19.896792
SI Market + Oral,TRx (Adjusted),SKYRIZI,PRODUCT,Y,2025-09-19,19.389559
SI Market + Oral,TRx (Adjusted),SKYRIZI,PRODUCT,Y,2025-09-26,19.116154
SI Market + Oral,TRx (Adjusted),SKYRIZI,PRODUCT,Y,2025-10-03,19.985608
SI Market + Oral,TRx (Adjusted),SKYRIZI,PRODUCT,Y,2025-10-10,16.975655
SI Market + Oral,TRx (Adjusted),SKYRIZI,PRODUCT,Y,2025-10-17,16.608978
SI Market + Oral,TRx (Adjusted),SKYRIZI,PRODUCT,Y,2025-10-24,16.753452
SI Market + Oral,TRx (Adjusted),SKYRIZI,PRODUCT,Y,2025-10-31,16.40325
SI Market + Oral,TRx (Adjusted),SKYRIZI,PRODUCT,Y,2025-11-07,22.159684
SI Market + Oral,TRx (Adjusted),SKYRIZI,PRODUCT,Y,2025-11-14,23.22816
SI Market + Oral,TRx (Adjusted),SKYRIZI,PRODUCT,Y,2025-11-21,22.682664
SI Market + Oral,TRx (Adjusted),SKYRIZI,PRODUCT,Y,2025-11-28,14.803357
SI Market + Oral,TRx (Adjusted),SKYRIZI,PRODUCT,Y,2025-12-05,16.295956
SI Market + Oral,TRx (Adjusted),SKYRIZI,PRODUCT,Y,2025-12-12,16.534696
SI Market + Oral,TRx (Adjusted),SKYRIZI,PRODUCT,Y,2025-12-19,16.591221
SI Market + Oral,TRx (Adjusted),SKYRIZI,PRODUCT,Y,2025-12-26,10.790407
SI Market + Oral,TRx (Adjusted),SKYRIZI,PRODUCT,Y,2026-01-02,11.588537
SI Market + Oral,TRx (Adjusted),SKYRIZI,PRODUCT,Y,2026-01-09,21.182348
SI Market + Oral,TRx (Adjusted),SKYRIZI,PRODUCT,Y,2026-01-16,20.343472
SI Market + Oral,TRx (Adjusted),SKYRIZI,PRODUCT,Y,2026-01-23,17.401868
SI Market + Oral,TRx (Adjusted),SKYRIZI,PRODUCT,Y,2026-01-30,15.446506
SI Market + Oral,TRx (Adjusted),SKYRIZI,PRODUCT,Y,2026-02-06,20.930042
SI Market + Oral,TRx (Adjusted),SKYRIZI,PRODUCT,Y,2026-02-13,19.376792
SI Market + Oral,TRx (Adjusted),SKYRIZI,PRODUCT,Y,2026-02-20,19.567396
SI Market + Oral,TRx (Adjusted),SKYRIZI,PRODUCT,Y,2026-02-27,20.623275
SI Market + Oral,TRx (Adjusted),SKYRIZI,PRODUCT,Y,2026-03-06,9.978305
SI Market + Oral,TRx (Adjusted),SKYRIZI,PRODUCT,Y,2026-03-13,9.865615
SI Market + Oral,TRx (Adjusted),SKYRIZI,PRODUCT,Y,2026-03-20,9.421522
SI Market + Oral,TRx (Adjusted),SKYRIZI,PRODUCT,Y,2026-03-27,9.623035
SI Market + Oral,TRx (Adjusted),SKYRIZI,PRODUCT,Y,2026-04-03,10.301169
SI Market + Oral,TRx (Adjusted),SKYRIZI,PRODUCT,Y,2026-04-10,10.299365
SI Market + Oral,TRx (Adjusted),SKYRIZI,PRODUCT,Y,2026-04-17,9.299895
SI Market + Oral,TRx (Adjusted),SKYRIZI,PRODUCT,Y,2026-04-24,9.425537
SI Market + Oral,TRx (Adjusted),SKYRIZI,PRODUCT,Y,2026-05-01,10.319767
SI Market + Oral,TRx (Adjusted),SKYRIZI,PRODUCT,Y,2026-05-08,10.868829
SI Market + Oral,TRx (Adjusted),SOTYKTU,PRODUCT,Y,2024-05-03,0.128405
SI Market + Oral,TRx (Adjusted),SOTYKTU,PRODUCT,Y,2024-05-10,0.137007
SI Market + Oral,TRx (Adjusted),SOTYKTU,PRODUCT,Y,2024-05-17,0.139509
SI Market + Oral,TRx (Adjusted),SOTYKTU,PRODUCT,Y,2024-05-24,0.118551
SI Market + Oral,TRx (Adjusted),SOTYKTU,PRODUCT,Y,2024-05-31,0.212236
SI Market + Oral,TRx (Adjusted),SOTYKTU,PRODUCT,Y,2024-06-07,0.27052
SI Market + Oral,TRx (Adjusted),SOTYKTU,PRODUCT,Y,2024-06-14,0.277879
SI Market + Oral,TRx (Adjusted),SOTYKTU,PRODUCT,Y,2024-06-21,0.257274
SI Market + Oral,TRx (Adjusted),SOTYKTU,PRODUCT,Y,2024-06-28,0.257274
SI Market + Oral,TRx (Adjusted),SOTYKTU,PRODUCT,Y,2024-07-05,0.428928
SI Market + Oral,TRx (Adjusted),SOTYKTU,PRODUCT,Y,2024-07-12,0.53908
SI Market + Oral,TRx (Adjusted),SOTYKTU,PRODUCT,Y,2024-07-19,0.503476
SI Market + Oral,TRx (Adjusted),SOTYKTU,PRODUCT,Y,2024-07-26,0.563002
SI Market + Oral,TRx (Adjusted),SOTYKTU,PRODUCT,Y,2024-08-02,0.634425
SI Market + Oral,TRx (Adjusted),SOTYKTU,PRODUCT,Y,2024-08-09,0.621882
SI Market + Oral,TRx (Adjusted),SOTYKTU,PRODUCT,Y,2024-08-16,0.630464
SI Market + Oral,TRx (Adjusted),SOTYKTU,PRODUCT,Y,2024-08-23,0.656871
SI Market + Oral,TRx (Adjusted),SOTYKTU,PRODUCT,Y,2024-08-30,0.898821
SI Market + Oral,TRx (Adjusted),SOTYKTU,PRODUCT,Y,2024-09-06,0.767761
SI Market + Oral,TRx (Adjusted),SOTYKTU,PRODUCT,Y,2024-09-13,0.939555
SI Market + Oral,TRx (Adjusted),SOTYKTU,PRODUCT,Y,2024-09-20,0.965236
SI Market + Oral,TRx (Adjusted),SOTYKTU,PRODUCT,Y,2024-09-27,0.951067
SI Market + Oral,TRx (Adjusted),SOTYKTU,PRODUCT,Y,2024-10-04,0.983253
SI Market + Oral,TRx (Adjusted),SOTYKTU,PRODUCT,Y,2024-10-11,1.061599
SI Market + Oral,TRx (Adjusted),SOTYKTU,PRODUCT,Y,2024-10-18,1.062579
SI Market + Oral,TRx (Adjusted),SOTYKTU,PRODUCT,Y,2024-10-25,1.036137
SI Market + Oral,TRx (Adjusted),SOTYKTU,PRODUCT,Y,2024-11-01,1.237297
SI Market + Oral,TRx (Adjusted),SOTYKTU,PRODUCT,Y,2024-11-08,1.13976
SI Market + Oral,TRx (Adjusted),SOTYKTU,PRODUCT,Y,2024-11-15,1.264695
SI Market + Oral,TRx (Adjusted),SOTYKTU,PRODUCT,Y,2024-11-22,1.270175
SI Market + Oral,TRx (Adjusted),SOTYKTU,PRODUCT,Y,2024-11-29,1.041127
SI Market + Oral,TRx (Adjusted),SOTYKTU,PRODUCT,Y,2024-12-06,1.302926
SI Market + Oral,TRx (Adjusted),SOTYKTU,PRODUCT,Y,2024-12-13,1.298557
SI Market + Oral,TRx (Adjusted),SOTYKTU,PRODUCT,Y,2024-12-20,1.261424
SI Market + Oral,TRx (Adjusted),SOTYKTU,PRODUCT,Y,2024-12-27,0.994942
SI Market + Oral,TRx (Adjusted),SOTYKTU,PRODUCT,Y,2025-01-03,1.158763
SI Market + Oral,TRx (Adjusted),SOTYKTU,PRODUCT,Y,2025-01-10,1.165788
SI Market + Oral,TRx (Adjusted),SOTYKTU,PRODUCT,Y,2025-01-17,1.18854
SI Market + Oral,TRx (Adjusted),SOTYKTU,PRODUCT,Y,2025-01-24,1.047692
SI Market + Oral,TRx (Adjusted),SOTYKTU,PRODUCT,Y,2025-01-31,1.295801
SI Market + Oral,TRx (Adjusted),SOTYKTU,PRODUCT,Y,2025-02-07,1.235431
SI Market + Oral,TRx (Adjusted),SOTYKTU,PRODUCT,Y,2025-02-14,1.246118
SI Market + Oral,TRx (Adjusted),SOTYKTU,PRODUCT,Y,2025-02-21,1.264286
SI Market + Oral,TRx (Adjusted),SOTYKTU,PRODUCT,Y,2025-02-28,1.34444
SI Market + Oral,TRx (Adjusted),SOTYKTU,PRODUCT,Y,2025-03-07,1.363929
SI Market + Oral,TRx (Adjusted),SOTYKTU,PRODUCT,Y,2025-03-14,1.392676
SI Market + Oral,TRx (Adjusted),SOTYKTU,PRODUCT,Y,2025-03-21,1.488503
SI Market + Oral,TRx (Adjusted),SOTYKTU,PRODUCT,Y,2025-03-28,1.432072
SI Market + Oral,TRx (Adjusted),SOTYKTU,PRODUCT,Y,2025-04-04,1.367123
SI Market + Oral,TRx (Adjusted),SOTYKTU,PRODUCT,Y,2025-04-11,1.486043
SI Market + Oral,TRx (Adjusted),SOTYKTU,PRODUCT,Y,2025-04-18,1.538166
SI Market + Oral,TRx (Adjusted),SOTYKTU,PRODUCT,Y,2025-04-25,1.520083
SI Market + Oral,TRx (Adjusted),SOTYKTU,PRODUCT,Y,2025-05-02,1.510509
SI Market + Oral,TRx (Adjusted),SOTYKTU,PRODUCT,Y,2025-05-09,1.413028
SI Market + Oral,TRx (Adjusted),SOTYKTU,PRODUCT,Y,2025-05-16,1.344489
SI Market + Oral,TRx (Adjusted),SOTYKTU,PRODUCT,Y,2025-05-23,1.405517
SI Market + Oral,TRx (Adjusted),SOTYKTU,PRODUCT,Y,2025-05-30,1.30975
SI Market + Oral,TRx (Adjusted),SOTYKTU,PRODUCT,Y,2025-06-06,1.070615
SI Market + Oral,TRx (Adjusted),SOTYKTU,PRODUCT,Y,2025-06-13,0.988776
SI Market + Oral,TRx (Adjusted),SOTYKTU,PRODUCT,Y,2025-06-20,1.006888
SI Market + Oral,TRx (Adjusted),SOTYKTU,PRODUCT,Y,2025-06-27,0.992131
SI Market + Oral,TRx (Adjusted),SOTYKTU,PRODUCT,Y,2025-07-04,0.901571
SI Market + Oral,TRx (Adjusted),SOTYKTU,PRODUCT,Y,2025-07-11,0.462123
SI Market + Oral,TRx (Adjusted),SOTYKTU,PRODUCT,Y,2025-07-18,0.499143
SI Market + Oral,TRx (Adjusted),SOTYKTU,PRODUCT,Y,2025-07-25,0.469527
SI Market + Oral,TRx (Adjusted),SOTYKTU,PRODUCT,Y,2025-08-01,0.46891
SI Market + Oral,TRx (Adjusted),SOTYKTU,PRODUCT,Y,2025-08-08,0.141966
SI Market + Oral,TRx (Adjusted),SOTYKTU,PRODUCT,Y,2025-08-15,0.150977
SI Market + Oral,TRx (Adjusted),SOTYKTU,PRODUCT,Y,2025-08-22,0.153373
SI Market + Oral,TRx (Adjusted),SOTYKTU,PRODUCT,Y,2025-08-29,0.140528
SI Market + Oral,TRx (Adjusted),SOTYKTU,PRODUCT,Y,2025-09-05,0.0
SI Market + Oral,TRx (Adjusted),SOTYKTU,PRODUCT,Y,2025-09-12,0.0
SI Market + Oral,TRx (Adjusted),SOTYKTU,PRODUCT,Y,2025-09-19,0.0
SI Market + Oral,TRx (Adjusted),SOTYKTU,PRODUCT,Y,2025-09-26,0.0
SI Market + Oral,TRx (Adjusted),SOTYKTU,PRODUCT,Y,2025-10-03,0.0
SI Market + Oral,TRx (Adjusted),SOTYKTU,PRODUCT,Y,2025-10-10,0.0
SI Market + Oral,TRx (Adjusted),SOTYKTU,PRODUCT,Y,2025-10-17,0.0
SI Market + Oral,TRx (Adjusted),SOTYKTU,PRODUCT,Y,2025-10-24,0.0
SI Market + Oral,TRx (Adjusted),SOTYKTU,PRODUCT,Y,2025-10-31,0.0
SI Market + Oral,TRx (Adjusted),SOTYKTU,PRODUCT,Y,2025-11-07,0.0
SI Market + Oral,TRx (Adjusted),SOTYKTU,PRODUCT,Y,2025-11-14,0.0
SI Market + Oral,TRx (Adjusted),SOTYKTU,PRODUCT,Y,2025-11-21,0.0
SI Market + Oral,TRx (Adjusted),SOTYKTU,PRODUCT,Y,2025-11-28,0.0
SI Market + Oral,TRx (Adjusted),SOTYKTU,PRODUCT,Y,2025-12-05,0.0
SI Market + Oral,TRx (Adjusted),SOTYKTU,PRODUCT,Y,2025-12-12,0.0
SI Market + Oral,TRx (Adjusted),SOTYKTU,PRODUCT,Y,2025-12-19,0.0
SI Market + Oral,TRx (Adjusted),SOTYKTU,PRODUCT,Y,2025-12-26,0.0
SI Market + Oral,TRx (Adjusted),SOTYKTU,PRODUCT,Y,2026-01-02,0.0
SI Market + Oral,TRx (Adjusted),SOTYKTU,PRODUCT,Y,2026-01-09,0.0
SI Market + Oral,TRx (Adjusted),SOTYKTU,PRODUCT,Y,2026-01-16,0.0
SI Market + Oral,TRx (Adjusted),SOTYKTU,PRODUCT,Y,2026-01-23,0.0
SI Market + Oral,TRx (Adjusted),SOTYKTU,PRODUCT,Y,2026-01-30,0.0
SI Market + Oral,TRx (Adjusted),SOTYKTU,PRODUCT,Y,2026-02-06,0.0
SI Market + Oral,TRx (Adjusted),SOTYKTU,PRODUCT,Y,2026-02-13,0.0
SI Market + Oral,TRx (Adjusted),SOTYKTU,PRODUCT,Y,2026-02-20,0.0
SI Market + Oral,TRx (Adjusted),SOTYKTU,PRODUCT,Y,2026-02-27,0.0
SI Market + Oral,TRx (Adjusted),SOTYKTU,PRODUCT,Y,2026-03-06,0.0
SI Market + Oral,TRx (Adjusted),SOTYKTU,PRODUCT,Y,2026-03-13,0.0
SI Market + Oral,TRx (Adjusted),SOTYKTU,PRODUCT,Y,2026-03-20,0.0
SI Market + Oral,TRx (Adjusted),SOTYKTU,PRODUCT,Y,2026-03-27,0.0
SI Market + Oral,TRx (Adjusted),SOTYKTU,PRODUCT,Y,2026-04-03,0.0
SI Market + Oral,TRx (Adjusted),SOTYKTU,PRODUCT,Y,2026-04-10,0.0
SI Market + Oral,TRx (Adjusted),SOTYKTU,PRODUCT,Y,2026-04-17,0.0
SI Market + Oral,TRx (Adjusted),SOTYKTU,PRODUCT,Y,2026-04-24,0.0
SI Market + Oral,TRx (Adjusted),SOTYKTU,PRODUCT,Y,2026-05-01,0.0
SI Market + Oral,TRx (Adjusted),SOTYKTU,PRODUCT,Y,2026-05-08,0.0
SI Market + Oral,TRx (Adjusted),TALTZ,PRODUCT,Y,2024-05-03,4.532017
SI Market + Oral,TRx (Adjusted),TALTZ,PRODUCT,Y,2024-05-10,4.488344
SI Market + Oral,TRx (Adjusted),TALTZ,PRODUCT,Y,2024-05-17,4.541999
SI Market + Oral,TRx (Adjusted),TALTZ,PRODUCT,Y,2024-05-24,4.63496
SI Market + Oral,TRx (Adjusted),TALTZ,PRODUCT,Y,2024-05-31,3.768064
SI Market + Oral,TRx (Adjusted),TALTZ,PRODUCT,Y,2024-06-07,4.75673
SI Market + Oral,TRx (Adjusted),TALTZ,PRODUCT,Y,2024-06-14,4.477134
SI Market + Oral,TRx (Adjusted),TALTZ,PRODUCT,Y,2024-06-21,4.335983
SI Market + Oral,TRx (Adjusted),TALTZ,PRODUCT,Y,2024-06-28,4.57886
SI Market + Oral,TRx (Adjusted),TALTZ,PRODUCT,Y,2024-07-05,3.451762
SI Market + Oral,TRx (Adjusted),TALTZ,PRODUCT,Y,2024-07-12,5.272166
SI Market + Oral,TRx (Adjusted),TALTZ,PRODUCT,Y,2024-07-19,5.030021
SI Market + Oral,TRx (Adjusted),TALTZ,PRODUCT,Y,2024-07-26,4.810908
SI Market + Oral,TRx (Adjusted),TALTZ,PRODUCT,Y,2024-08-02,4.496756
SI Market + Oral,TRx (Adjusted),TALTZ,PRODUCT,Y,2024-08-09,4.427056
SI Market + Oral,TRx (Adjusted),TALTZ,PRODUCT,Y,2024-08-16,4.579545
SI Market + Oral,TRx (Adjusted),TALTZ,PRODUCT,Y,2024-08-23,4.587154
SI Market + Oral,TRx (Adjusted),TALTZ,PRODUCT,Y,2024-08-30,4.181415
SI Market + Oral,TRx (Adjusted),TALTZ,PRODUCT,Y,2024-09-06,3.494841
SI Market + Oral,TRx (Adjusted),TALTZ,PRODUCT,Y,2024-09-13,3.918098
SI Market + Oral,TRx (Adjusted),TALTZ,PRODUCT,Y,2024-09-20,4.138927
SI Market + Oral,TRx (Adjusted),TALTZ,PRODUCT,Y,2024-09-27,4.130538
SI Market + Oral,TRx (Adjusted),TALTZ,PRODUCT,Y,2024-10-04,3.335957
SI Market + Oral,TRx (Adjusted),TALTZ,PRODUCT,Y,2024-10-11,3.134809
SI Market + Oral,TRx (Adjusted),TALTZ,PRODUCT,Y,2024-10-18,3.471558
SI Market + Oral,TRx (Adjusted),TALTZ,PRODUCT,Y,2024-10-25,3.354203
SI Market + Oral,TRx (Adjusted),TALTZ,PRODUCT,Y,2024-11-01,3.198452
SI Market + Oral,TRx (Adjusted),TALTZ,PRODUCT,Y,2024-11-08,3.116517
SI Market + Oral,TRx (Adjusted),TALTZ,PRODUCT,Y,2024-11-15,3.218405
SI Market + Oral,TRx (Adjusted),TALTZ,PRODUCT,Y,2024-11-22,3.285694
SI Market + Oral,TRx (Adjusted),TALTZ,PRODUCT,Y,2024-11-29,2.250464
SI Market + Oral,TRx (Adjusted),TALTZ,PRODUCT,Y,2024-12-06,3.702401
SI Market + Oral,TRx (Adjusted),TALTZ,PRODUCT,Y,2024-12-13,3.274408
SI Market + Oral,TRx (Adjusted),TALTZ,PRODUCT,Y,2024-12-20,3.234004
SI Market + Oral,TRx (Adjusted),TALTZ,PRODUCT,Y,2024-12-27,2.232021
SI Market + Oral,TRx (Adjusted),TALTZ,PRODUCT,Y,2025-01-03,2.61961
SI Market + Oral,TRx (Adjusted),TALTZ,PRODUCT,Y,2025-01-10,2.133084
SI Market + Oral,TRx (Adjusted),TALTZ,PRODUCT,Y,2025-01-17,2.472425
SI Market + Oral,TRx (Adjusted),TALTZ,PRODUCT,Y,2025-01-24,1.879473
SI Market + Oral,TRx (Adjusted),TALTZ,PRODUCT,Y,2025-01-31,2.377651
SI Market + Oral,TRx (Adjusted),TALTZ,PRODUCT,Y,2025-02-07,1.904209
SI Market + Oral,TRx (Adjusted),TALTZ,PRODUCT,Y,2025-02-14,1.923837
SI Market + Oral,TRx (Adjusted),TALTZ,PRODUCT,Y,2025-02-21,1.885531
SI Market + Oral,TRx (Adjusted),TALTZ,PRODUCT,Y,2025-02-28,2.185804
SI Market + Oral,TRx (Adjusted),TALTZ,PRODUCT,Y,2025-03-07,1.507431
SI Market + Oral,TRx (Adjusted),TALTZ,PRODUCT,Y,2025-03-14,1.525665
SI Market + Oral,TRx (Adjusted),TALTZ,PRODUCT,Y,2025-03-21,1.527086
SI Market + Oral,TRx (Adjusted),TALTZ,PRODUCT,Y,2025-03-28,1.58025
SI Market + Oral,TRx (Adjusted),TALTZ,PRODUCT,Y,2025-04-04,1.428809
SI Market + Oral,TRx (Adjusted),TALTZ,PRODUCT,Y,2025-04-11,1.565987
SI Market + Oral,TRx (Adjusted),TALTZ,PRODUCT,Y,2025-04-18,1.485206
SI Market + Oral,TRx (Adjusted),TALTZ,PRODUCT,Y,2025-04-25,1.532224
SI Market + Oral,TRx (Adjusted),TALTZ,PRODUCT,Y,2025-05-02,1.502654
SI Market + Oral,TRx (Adjusted),TALTZ,PRODUCT,Y,2025-05-09,2.010155
SI Market + Oral,TRx (Adjusted),TALTZ,PRODUCT,Y,2025-05-16,1.946009
SI Market + Oral,TRx (Adjusted),TALTZ,PRODUCT,Y,2025-05-23,2.043908
SI Market + Oral,TRx (Adjusted),TALTZ,PRODUCT,Y,2025-05-30,1.787178
SI Market + Oral,TRx (Adjusted),TALTZ,PRODUCT,Y,2025-06-06,2.744884
SI Market + Oral,TRx (Adjusted),TALTZ,PRODUCT,Y,2025-06-13,2.635805
SI Market + Oral,TRx (Adjusted),TALTZ,PRODUCT,Y,2025-06-20,2.572208
SI Market + Oral,TRx (Adjusted),TALTZ,PRODUCT,Y,2025-06-27,2.681663
SI Market + Oral,TRx (Adjusted),TALTZ,PRODUCT,Y,2025-07-04,2.071731
SI Market + Oral,TRx (Adjusted),TALTZ,PRODUCT,Y,2025-07-11,3.807137
SI Market + Oral,TRx (Adjusted),TALTZ,PRODUCT,Y,2025-07-18,3.690299
SI Market + Oral,TRx (Adjusted),TALTZ,PRODUCT,Y,2025-07-25,3.419032
SI Market + Oral,TRx (Adjusted),TALTZ,PRODUCT,Y,2025-08-01,3.403538
SI Market + Oral,TRx (Adjusted),TALTZ,PRODUCT,Y,2025-08-08,3.874873
SI Market + Oral,TRx (Adjusted),TALTZ,PRODUCT,Y,2025-08-15,3.889953
SI Market + Oral,TRx (Adjusted),TALTZ,PRODUCT,Y,2025-08-22,3.900285
SI Market + Oral,TRx (Adjusted),TALTZ,PRODUCT,Y,2025-08-29,4.179256
SI Market + Oral,TRx (Adjusted),TALTZ,PRODUCT,Y,2025-09-05,3.392325
SI Market + Oral,TRx (Adjusted),TALTZ,PRODUCT,Y,2025-09-12,4.018269
SI Market + Oral,TRx (Adjusted),TALTZ,PRODUCT,Y,2025-09-19,3.979831
SI Market + Oral,TRx (Adjusted),TALTZ,PRODUCT,Y,2025-09-26,3.772493
SI Market + Oral,TRx (Adjusted),TALTZ,PRODUCT,Y,2025-10-03,3.967486
SI Market + Oral,TRx (Adjusted),TALTZ,PRODUCT,Y,2025-10-10,3.451084
SI Market + Oral,TRx (Adjusted),TALTZ,PRODUCT,Y,2025-10-17,3.319763
SI Market + Oral,TRx (Adjusted),TALTZ,PRODUCT,Y,2025-10-24,3.376611
SI Market + Oral,TRx (Adjusted),TALTZ,PRODUCT,Y,2025-10-31,3.29196
SI Market + Oral,TRx (Adjusted),TALTZ,PRODUCT,Y,2025-11-07,2.504703
SI Market + Oral,TRx (Adjusted),TALTZ,PRODUCT,Y,2025-11-14,2.53176
SI Market + Oral,TRx (Adjusted),TALTZ,PRODUCT,Y,2025-11-21,2.64036
SI Market + Oral,TRx (Adjusted),TALTZ,PRODUCT,Y,2025-11-28,1.774359
SI Market + Oral,TRx (Adjusted),TALTZ,PRODUCT,Y,2025-12-05,2.405741
SI Market + Oral,TRx (Adjusted),TALTZ,PRODUCT,Y,2025-12-12,2.258976
SI Market + Oral,TRx (Adjusted),TALTZ,PRODUCT,Y,2025-12-19,2.323655
SI Market + Oral,TRx (Adjusted),TALTZ,PRODUCT,Y,2025-12-26,1.402018
SI Market + Oral,TRx (Adjusted),TALTZ,PRODUCT,Y,2026-01-02,1.749528
SI Market + Oral,TRx (Adjusted),TALTZ,PRODUCT,Y,2026-01-09,2.378767
SI Market + Oral,TRx (Adjusted),TALTZ,PRODUCT,Y,2026-01-16,2.113045
SI Market + Oral,TRx (Adjusted),TALTZ,PRODUCT,Y,2026-01-23,1.606604
SI Market + Oral,TRx (Adjusted),TALTZ,PRODUCT,Y,2026-01-30,1.564361
SI Market + Oral,TRx (Adjusted),TALTZ,PRODUCT,Y,2026-02-06,3.271815
SI Market + Oral,TRx (Adjusted),TALTZ,PRODUCT,Y,2026-02-13,3.045145
SI Market + Oral,TRx (Adjusted),TALTZ,PRODUCT,Y,2026-02-20,2.745608
SI Market + Oral,TRx (Adjusted),TALTZ,PRODUCT,Y,2026-02-27,2.864884
SI Market + Oral,TRx (Adjusted),TALTZ,PRODUCT,Y,2026-03-06,3.826652
SI Market + Oral,TRx (Adjusted),TALTZ,PRODUCT,Y,2026-03-13,3.558182
SI Market + Oral,TRx (Adjusted),TALTZ,PRODUCT,Y,2026-03-20,3.357507
SI Market + Oral,TRx (Adjusted),TALTZ,PRODUCT,Y,2026-03-27,3.54625
SI Market + Oral,TRx (Adjusted),TALTZ,PRODUCT,Y,2026-04-03,3.704078
SI Market + Oral,TRx (Adjusted),TALTZ,PRODUCT,Y,2026-04-10,3.427472
SI Market + Oral,TRx (Adjusted),TALTZ,PRODUCT,Y,2026-04-17,3.563334
SI Market + Oral,TRx (Adjusted),TALTZ,PRODUCT,Y,2026-04-24,3.580147
SI Market + Oral,TRx (Adjusted),TALTZ,PRODUCT,Y,2026-05-01,3.802246
SI Market + Oral,TRx (Adjusted),TALTZ,PRODUCT,Y,2026-05-08,3.829093
SI Market + Oral,TRx (Adjusted),SI Market + Oral,MARKET_TOTAL,N,2026-05-15,80716.274069
SI Market + Oral,TRx (Adjusted),HUMIRA (Including Citrate Free),PRODUCT,N,2026-05-15,7959.053798
SI Market + Oral,TRx (Adjusted),ADALIMUMAB,PRODUCT,N,2026-05-15,16952.653273
SI Market + Oral,TRx (Adjusted),CIMZIA,PRODUCT,N,2026-05-15,642.845865
SI Market + Oral,TRx (Adjusted),ENTYVIO SQ,PRODUCT,N,2026-05-15,3373.988416
SI Market + Oral,TRx (Adjusted),OMVOH SQ,PRODUCT,N,2026-05-15,383.244223
SI Market + Oral,TRx (Adjusted),RINVOQ,PRODUCT,N,2026-05-15,11067.71936
SI Market + Oral,TRx (Adjusted),SIMPONI SC,PRODUCT,N,2026-05-15,294.604309
SI Market + Oral,TRx (Adjusted),SKYRIZI OBI,PRODUCT,N,2026-05-15,15958.220876
SI Market + Oral,TRx (Adjusted),STELARA BIOSIMILARS TOTAL SQ,PRODUCT,N,2026-05-15,6623.533655
SI Market + Oral,TRx (Adjusted),STELARA SQ,PRODUCT,N,2026-05-15,7662.602535
SI Market + Oral,TRx (Adjusted),TREMFYA,PRODUCT,N,2026-05-15,7166.594876
SI Market + Oral,TRx (Adjusted),VELSIPITY,PRODUCT,N,2026-05-15,321.302519
SI Market + Oral,TRx (Adjusted),XELJANZ,PRODUCT,N,2026-05-15,1189.220409
SI Market + Oral,TRx (Adjusted),ZEPOSIA,PRODUCT,N,2026-05-15,329.174632
SI Market + Oral,TRx (Adjusted),ZYMFENTRA,PRODUCT,N,2026-05-15,670.624541
SI Market + Oral,TRx (Adjusted),Total Non-Approved Volume,PRODUCT,N,2026-05-15,120.890782
SI Market + Oral,TRx (Adjusted),ACTEMRA BIOSIMILARS SQ TOTAL,PRODUCT,Y,2026-05-15,0.800174
SI Market + Oral,TRx (Adjusted),ACTEMRA SQ,PRODUCT,Y,2026-05-15,1.251445
SI Market + Oral,TRx (Adjusted),BIMZELX,PRODUCT,Y,2026-05-15,4.916294
SI Market + Oral,TRx (Adjusted),COSENTYX SQ,PRODUCT,Y,2026-05-15,0.799448
SI Market + Oral,TRx (Adjusted),ENBREL,PRODUCT,Y,2026-05-15,35.401717
SI Market + Oral,TRx (Adjusted),ILUMYA,PRODUCT,Y,2026-05-15,51.386024
SI Market + Oral,TRx (Adjusted),KEVZARA,PRODUCT,Y,2026-05-15,0.991687
SI Market + Oral,TRx (Adjusted),KINERET,PRODUCT,Y,2026-05-15,0.812125
SI Market + Oral,TRx (Adjusted),OLUMIANT,PRODUCT,Y,2026-05-15,0.0
SI Market + Oral,TRx (Adjusted),ORENCIA SQ,PRODUCT,Y,2026-05-15,2.582645
SI Market + Oral,TRx (Adjusted),OTEZLA,PRODUCT,Y,2026-05-15,6.957342
SI Market + Oral,TRx (Adjusted),SILIQ,PRODUCT,Y,2026-05-15,0.0
SI Market + Oral,TRx (Adjusted),SKYRIZI,PRODUCT,Y,2026-05-15,11.086206
SI Market + Oral,TRx (Adjusted),SOTYKTU,PRODUCT,Y,2026-05-15,0.0
SI Market + Oral,TRx (Adjusted),TALTZ,PRODUCT,Y,2026-05-15,3.905675
SI Market + Oral,TRx (Adjusted),SI Market + Oral,MARKET_TOTAL,N,2026-05-22,82330.59955
SI Market + Oral,TRx (Adjusted),HUMIRA (Including Citrate Free),PRODUCT,N,2026-05-22,8118.234874
SI Market + Oral,TRx (Adjusted),ADALIMUMAB,PRODUCT,N,2026-05-22,17291.706339
SI Market + Oral,TRx (Adjusted),CIMZIA,PRODUCT,N,2026-05-22,655.702782
SI Market + Oral,TRx (Adjusted),ENTYVIO SQ,PRODUCT,N,2026-05-22,3441.468184
SI Market + Oral,TRx (Adjusted),OMVOH SQ,PRODUCT,N,2026-05-22,390.909107
SI Market + Oral,TRx (Adjusted),RINVOQ,PRODUCT,N,2026-05-22,11289.073747
SI Market + Oral,TRx (Adjusted),SIMPONI SC,PRODUCT,N,2026-05-22,300.496395
SI Market + Oral,TRx (Adjusted),SKYRIZI OBI,PRODUCT,N,2026-05-22,16277.385293
SI Market + Oral,TRx (Adjusted),STELARA BIOSIMILARS TOTAL SQ,PRODUCT,N,2026-05-22,6756.004328
SI Market + Oral,TRx (Adjusted),STELARA SQ,PRODUCT,N,2026-05-22,7815.854585
SI Market + Oral,TRx (Adjusted),TREMFYA,PRODUCT,N,2026-05-22,7309.926774
SI Market + Oral,TRx (Adjusted),VELSIPITY,PRODUCT,N,2026-05-22,327.72857
SI Market + Oral,TRx (Adjusted),XELJANZ,PRODUCT,N,2026-05-22,1213.004817
SI Market + Oral,TRx (Adjusted),ZEPOSIA,PRODUCT,N,2026-05-22,335.758124
SI Market + Oral,TRx (Adjusted),ZYMFENTRA,PRODUCT,N,2026-05-22,684.037032
SI Market + Oral,TRx (Adjusted),Total Non-Approved Volume,PRODUCT,N,2026-05-22,123.308598
SI Market + Oral,TRx (Adjusted),ACTEMRA BIOSIMILARS SQ TOTAL,PRODUCT,Y,2026-05-22,0.816177
SI Market + Oral,TRx (Adjusted),ACTEMRA SQ,PRODUCT,Y,2026-05-22,1.276474
SI Market + Oral,TRx (Adjusted),BIMZELX,PRODUCT,Y,2026-05-22,5.01462
SI Market + Oral,TRx (Adjusted),COSENTYX SQ,PRODUCT,Y,2026-05-22,0.815437
SI Market + Oral,TRx (Adjusted),ENBREL,PRODUCT,Y,2026-05-22,36.109752
SI Market + Oral,TRx (Adjusted),ILUMYA,PRODUCT,Y,2026-05-22,52.413745
SI Market + Oral,TRx (Adjusted),KEVZARA,PRODUCT,Y,2026-05-22,1.011521
SI Market + Oral,TRx (Adjusted),KINERET,PRODUCT,Y,2026-05-22,0.828368
SI Market + Oral,TRx (Adjusted),OLUMIANT,PRODUCT,Y,2026-05-22,0.0
SI Market + Oral,TRx (Adjusted),ORENCIA SQ,PRODUCT,Y,2026-05-22,2.634298
SI Market + Oral,TRx (Adjusted),OTEZLA,PRODUCT,Y,2026-05-22,7.096489
SI Market + Oral,TRx (Adjusted),SILIQ,PRODUCT,Y,2026-05-22,0.0
SI Market + Oral,TRx (Adjusted),SKYRIZI,PRODUCT,Y,2026-05-22,11.30793
SI Market + Oral,TRx (Adjusted),SOTYKTU,PRODUCT,Y,2026-05-22,0.0
SI Market + Oral,TRx (Adjusted),TALTZ,PRODUCT,Y,2026-05-22,3.983788
SI Market + Oral,TRx (Adjusted),SI Market + Oral,MARKET_TOTAL,N,2026-05-29,83977.211541
SI Market + Oral,TRx (Adjusted),HUMIRA (Including Citrate Free),PRODUCT,N,2026-05-29,8280.599572
SI Market + Oral,TRx (Adjusted),ADALIMUMAB,PRODUCT,N,2026-05-29,17637.540465
SI Market + Oral,TRx (Adjusted),CIMZIA,PRODUCT,N,2026-05-29,668.816838
SI Market + Oral,TRx (Adjusted),ENTYVIO SQ,PRODUCT,N,2026-05-29,3510.297548
SI Market + Oral,TRx (Adjusted),OMVOH SQ,PRODUCT,N,2026-05-29,398.727289
SI Market + Oral,TRx (Adjusted),RINVOQ,PRODUCT,N,2026-05-29,11514.855222
SI Market + Oral,TRx (Adjusted),SIMPONI SC,PRODUCT,N,2026-05-29,306.506323
SI Market + Oral,TRx (Adjusted),SKYRIZI OBI,PRODUCT,N,2026-05-29,16602.932999
SI Market + Oral,TRx (Adjusted),STELARA BIOSIMILARS TOTAL SQ,PRODUCT,N,2026-05-29,6891.124415
SI Market + Oral,TRx (Adjusted),STELARA SQ,PRODUCT,N,2026-05-29,7972.171677
SI Market + Oral,TRx (Adjusted),TREMFYA,PRODUCT,N,2026-05-29,7456.125309
SI Market + Oral,TRx (Adjusted),VELSIPITY,PRODUCT,N,2026-05-29,334.283141
SI Market + Oral,TRx (Adjusted),XELJANZ,PRODUCT,N,2026-05-29,1237.264914
SI Market + Oral,TRx (Adjusted),ZEPOSIA,PRODUCT,N,2026-05-29,342.473287
SI Market + Oral,TRx (Adjusted),ZYMFENTRA,PRODUCT,N,2026-05-29,697.717772
SI Market + Oral,TRx (Adjusted),Total Non-Approved Volume,PRODUCT,N,2026-05-29,125.77477
SI Market + Oral,TRx (Adjusted),ACTEMRA BIOSIMILARS SQ TOTAL,PRODUCT,Y,2026-05-29,0.832501
SI Market + Oral,TRx (Adjusted),ACTEMRA SQ,PRODUCT,Y,2026-05-29,1.302004
SI Market + Oral,TRx (Adjusted),BIMZELX,PRODUCT,Y,2026-05-29,5.114912
SI Market + Oral,TRx (Adjusted),COSENTYX SQ,PRODUCT,Y,2026-05-29,0.831746
SI Market + Oral,TRx (Adjusted),ENBREL,PRODUCT,Y,2026-05-29,36.831947
SI Market + Oral,TRx (Adjusted),ILUMYA,PRODUCT,Y,2026-05-29,53.462019
SI Market + Oral,TRx (Adjusted),KEVZARA,PRODUCT,Y,2026-05-29,1.031751
SI Market + Oral,TRx (Adjusted),KINERET,PRODUCT,Y,2026-05-29,0.844935
SI Market + Oral,TRx (Adjusted),OLUMIANT,PRODUCT,Y,2026-05-29,0.0
SI Market + Oral,TRx (Adjusted),ORENCIA SQ,PRODUCT,Y,2026-05-29,2.686984
SI Market + Oral,TRx (Adjusted),OTEZLA,PRODUCT,Y,2026-05-29,7.238419
SI Market + Oral,TRx (Adjusted),SILIQ,PRODUCT,Y,2026-05-29,0.0
SI Market + Oral,TRx (Adjusted),SKYRIZI,PRODUCT,Y,2026-05-29,11.534088
SI Market + Oral,TRx (Adjusted),SOTYKTU,PRODUCT,Y,2026-05-29,0.0
SI Market + Oral,TRx (Adjusted),TALTZ,PRODUCT,Y,2026-05-29,4.063464
SI Market + Oral,TRx (Adjusted),SI Market + Oral,MARKET_TOTAL,N,2026-06-05,85656.755772
SI Market + Oral,TRx (Adjusted),HUMIRA (Including Citrate Free),PRODUCT,N,2026-06-05,8446.211563
SI Market + Oral,TRx (Adjusted),ADALIMUMAB,PRODUCT,N,2026-06-05,17990.291275
SI Market + Oral,TRx (Adjusted),CIMZIA,PRODUCT,N,2026-06-05,682.193175
SI Market + Oral,TRx (Adjusted),ENTYVIO SQ,PRODUCT,N,2026-06-05,3580.503499
SI Market + Oral,TRx (Adjusted),OMVOH SQ,PRODUCT,N,2026-06-05,406.701835
SI Market + Oral,TRx (Adjusted),RINVOQ,PRODUCT,N,2026-06-05,11745.152327
SI Market + Oral,TRx (Adjusted),SIMPONI SC,PRODUCT,N,2026-06-05,312.63645
SI Market + Oral,TRx (Adjusted),SKYRIZI OBI,PRODUCT,N,2026-06-05,16934.991659
SI Market + Oral,TRx (Adjusted),STELARA BIOSIMILARS TOTAL SQ,PRODUCT,N,2026-06-05,7028.946903
SI Market + Oral,TRx (Adjusted),STELARA SQ,PRODUCT,N,2026-06-05,8131.61511
SI Market + Oral,TRx (Adjusted),TREMFYA,PRODUCT,N,2026-06-05,7605.247815
SI Market + Oral,TRx (Adjusted),VELSIPITY,PRODUCT,N,2026-06-05,340.968804
SI Market + Oral,TRx (Adjusted),XELJANZ,PRODUCT,N,2026-06-05,1262.010212
SI Market + Oral,TRx (Adjusted),ZEPOSIA,PRODUCT,N,2026-06-05,349.322752
SI Market + Oral,TRx (Adjusted),ZYMFENTRA,PRODUCT,N,2026-06-05,711.672128
SI Market + Oral,TRx (Adjusted),Total Non-Approved Volume,PRODUCT,N,2026-06-05,128.290266
SI Market + Oral,TRx (Adjusted),ACTEMRA BIOSIMILARS SQ TOTAL,PRODUCT,Y,2026-06-05,0.849151
SI Market + Oral,TRx (Adjusted),ACTEMRA SQ,PRODUCT,Y,2026-06-05,1.328044
SI Market + Oral,TRx (Adjusted),BIMZELX,PRODUCT,Y,2026-06-05,5.21721
SI Market + Oral,TRx (Adjusted),COSENTYX SQ,PRODUCT,Y,2026-06-05,0.848381
SI Market + Oral,TRx (Adjusted),ENBREL,PRODUCT,Y,2026-06-05,37.568586
SI Market + Oral,TRx (Adjusted),ILUMYA,PRODUCT,Y,2026-06-05,54.53126
SI Market + Oral,TRx (Adjusted),KEVZARA,PRODUCT,Y,2026-06-05,1.052386
SI Market + Oral,TRx (Adjusted),KINERET,PRODUCT,Y,2026-06-05,0.861834
SI Market + Oral,TRx (Adjusted),OLUMIANT,PRODUCT,Y,2026-06-05,0.0
SI Market + Oral,TRx (Adjusted),ORENCIA SQ,PRODUCT,Y,2026-06-05,2.740724
SI Market + Oral,TRx (Adjusted),OTEZLA,PRODUCT,Y,2026-06-05,7.383187
SI Market + Oral,TRx (Adjusted),SILIQ,PRODUCT,Y,2026-06-05,0.0
SI Market + Oral,TRx (Adjusted),SKYRIZI,PRODUCT,Y,2026-06-05,11.76477
SI Market + Oral,TRx (Adjusted),SOTYKTU,PRODUCT,Y,2026-06-05,0.0
SI Market + Oral,TRx (Adjusted),TALTZ,PRODUCT,Y,2026-06-05,4.144733
SI Market + Oral,TRx (Adjusted),SI Market + Oral,MARKET_TOTAL,N,2026-06-12,87369.890887
SI Market + Oral,TRx (Adjusted),HUMIRA (Including Citrate Free),PRODUCT,N,2026-06-12,8615.135794
SI Market + Oral,TRx (Adjusted),ADALIMUMAB,PRODUCT,N,2026-06-12,18350.0971
SI Market + Oral,TRx (Adjusted),CIMZIA,PRODUCT,N,2026-06-12,695.837039
SI Market + Oral,TRx (Adjusted),ENTYVIO SQ,PRODUCT,N,2026-06-12,3652.113569
SI Market + Oral,TRx (Adjusted),OMVOH SQ,PRODUCT,N,2026-06-12,414.835872
SI Market + Oral,TRx (Adjusted),RINVOQ,PRODUCT,N,2026-06-12,11980.055374
SI Market + Oral,TRx (Adjusted),SIMPONI SC,PRODUCT,N,2026-06-12,318.889179
SI Market + Oral,TRx (Adjusted),SKYRIZI OBI,PRODUCT,N,2026-06-12,17273.691492
SI Market + Oral,TRx (Adjusted),STELARA BIOSIMILARS TOTAL SQ,PRODUCT,N,2026-06-12,7169.525841
SI Market + Oral,TRx (Adjusted),STELARA SQ,PRODUCT,N,2026-06-12,8294.247412
SI Market + Oral,TRx (Adjusted),TREMFYA,PRODUCT,N,2026-06-12,7757.352771
SI Market + Oral,TRx (Adjusted),VELSIPITY,PRODUCT,N,2026-06-12,347.78818
SI Market + Oral,TRx (Adjusted),XELJANZ,PRODUCT,N,2026-06-12,1287.250416
SI Market + Oral,TRx (Adjusted),ZEPOSIA,PRODUCT,N,2026-06-12,356.309207
SI Market + Oral,TRx (Adjusted),ZYMFENTRA,PRODUCT,N,2026-06-12,725.905571
SI Market + Oral,TRx (Adjusted),Total Non-Approved Volume,PRODUCT,N,2026-06-12,130.856071
SI Market + Oral,TRx (Adjusted),ACTEMRA BIOSIMILARS SQ TOTAL,PRODUCT,Y,2026-06-12,0.866134
SI Market + Oral,TRx (Adjusted),ACTEMRA SQ,PRODUCT,Y,2026-06-12,1.354605
SI Market + Oral,TRx (Adjusted),BIMZELX,PRODUCT,Y,2026-06-12,5.321554
SI Market + Oral,TRx (Adjusted),COSENTYX SQ,PRODUCT,Y,2026-06-12,0.865349
SI Market + Oral,TRx (Adjusted),ENBREL,PRODUCT,Y,2026-06-12,38.319958
SI Market + Oral,TRx (Adjusted),ILUMYA,PRODUCT,Y,2026-06-12,55.621885
SI Market + Oral,TRx (Adjusted),KEVZARA,PRODUCT,Y,2026-06-12,1.073434
SI Market + Oral,TRx (Adjusted),KINERET,PRODUCT,Y,2026-06-12,0.879071
SI Market + Oral,TRx (Adjusted),OLUMIANT,PRODUCT,Y,2026-06-12,0.0
SI Market + Oral,TRx (Adjusted),ORENCIA SQ,PRODUCT,Y,2026-06-12,2.795538
SI Market + Oral,TRx (Adjusted),OTEZLA,PRODUCT,Y,2026-06-12,7.530851
SI Market + Oral,TRx (Adjusted),SILIQ,PRODUCT,Y,2026-06-12,0.0
SI Market + Oral,TRx (Adjusted),SKYRIZI,PRODUCT,Y,2026-06-12,12.000065
SI Market + Oral,TRx (Adjusted),SOTYKTU,PRODUCT,Y,2026-06-12,0.0
SI Market + Oral,TRx (Adjusted),TALTZ,PRODUCT,Y,2026-06-12,4.227628
SI Market + Oral,TRx (Adjusted),SI Market + Oral,MARKET_TOTAL,N,2026-06-19,89117.288705
SI Market + Oral,TRx (Adjusted),HUMIRA (Including Citrate Free),PRODUCT,N,2026-06-19,8787.43851
SI Market + Oral,TRx (Adjusted),ADALIMUMAB,PRODUCT,N,2026-06-19,18717.099043
SI Market + Oral,TRx (Adjusted),CIMZIA,PRODUCT,N,2026-06-19,709.753779
SI Market + Oral,TRx (Adjusted),ENTYVIO SQ,PRODUCT,N,2026-06-19,3725.15584
SI Market + Oral,TRx (Adjusted),OMVOH SQ,PRODUCT,N,2026-06-19,423.132589
SI Market + Oral,TRx (Adjusted),RINVOQ,PRODUCT,N,2026-06-19,12219.656481
SI Market + Oral,TRx (Adjusted),SIMPONI SC,PRODUCT,N,2026-06-19,325.266963
SI Market + Oral,TRx (Adjusted),SKYRIZI OBI,PRODUCT,N,2026-06-19,17619.165322
SI Market + Oral,TRx (Adjusted),STELARA BIOSIMILARS TOTAL SQ,PRODUCT,N,2026-06-19,7312.916358
SI Market + Oral,TRx (Adjusted),STELARA SQ,PRODUCT,N,2026-06-19,8460.13236
SI Market + Oral,TRx (Adjusted),TREMFYA,PRODUCT,N,2026-06-19,7912.499827
SI Market + Oral,TRx (Adjusted),VELSIPITY,PRODUCT,N,2026-06-19,354.743944
SI Market + Oral,TRx (Adjusted),XELJANZ,PRODUCT,N,2026-06-19,1312.995425
SI Market + Oral,TRx (Adjusted),ZEPOSIA,PRODUCT,N,2026-06-19,363.435391
SI Market + Oral,TRx (Adjusted),ZYMFENTRA,PRODUCT,N,2026-06-19,740.423682
SI Market + Oral,TRx (Adjusted),Total Non-Approved Volume,PRODUCT,N,2026-06-19,133.473193
SI Market + Oral,TRx (Adjusted),ACTEMRA BIOSIMILARS SQ TOTAL,PRODUCT,Y,2026-06-19,0.883457
SI Market + Oral,TRx (Adjusted),ACTEMRA SQ,PRODUCT,Y,2026-06-19,1.381697
SI Market + Oral,TRx (Adjusted),BIMZELX,PRODUCT,Y,2026-06-19,5.427985
SI Market + Oral,TRx (Adjusted),COSENTYX SQ,PRODUCT,Y,2026-06-19,0.882656
SI Market + Oral,TRx (Adjusted),ENBREL,PRODUCT,Y,2026-06-19,39.086357
SI Market + Oral,TRx (Adjusted),ILUMYA,PRODUCT,Y,2026-06-19,56.734323
SI Market + Oral,TRx (Adjusted),KEVZARA,PRODUCT,Y,2026-06-19,1.094902
SI Market + Oral,TRx (Adjusted),KINERET,PRODUCT,Y,2026-06-19,0.896652
SI Market + Oral,TRx (Adjusted),OLUMIANT,PRODUCT,Y,2026-06-19,0.0
SI Market + Oral,TRx (Adjusted),ORENCIA SQ,PRODUCT,Y,2026-06-19,2.851449
SI Market + Oral,TRx (Adjusted),OTEZLA,PRODUCT,Y,2026-06-19,7.681468
SI Market + Oral,TRx (Adjusted),SILIQ,PRODUCT,Y,2026-06-19,0.0
SI Market + Oral,TRx (Adjusted),SKYRIZI,PRODUCT,Y,2026-06-19,12.240067
SI Market + Oral,TRx (Adjusted),SOTYKTU,PRODUCT,Y,2026-06-19,0.0
SI Market + Oral,TRx (Adjusted),TALTZ,PRODUCT,Y,2026-06-19,4.31218
SI Market + Oral,TRx (Adjusted),SI Market + Oral,MARKET_TOTAL,N,2026-06-26,90899.634479
SI Market + Oral,TRx (Adjusted),HUMIRA (Including Citrate Free),PRODUCT,N,2026-06-26,8963.18728
SI Market + Oral,TRx (Adjusted),ADALIMUMAB,PRODUCT,N,2026-06-26,19091.441023
SI Market + Oral,TRx (Adjusted),CIMZIA,PRODUCT,N,2026-06-26,723.948855
SI Market + Oral,TRx (Adjusted),ENTYVIO SQ,PRODUCT,N,2026-06-26,3799.658957
SI Market + Oral,TRx (Adjusted),OMVOH SQ,PRODUCT,N,2026-06-26,431.595241
SI Market + Oral,TRx (Adjusted),RINVOQ,PRODUCT,N,2026-06-26,12464.049611
SI Market + Oral,TRx (Adjusted),SIMPONI SC,PRODUCT,N,2026-06-26,331.772302
SI Market + Oral,TRx (Adjusted),SKYRIZI OBI,PRODUCT,N,2026-06-26,17971.548628
SI Market + Oral,TRx (Adjusted),STELARA BIOSIMILARS TOTAL SQ,PRODUCT,N,2026-06-26,7459.174685
SI Market + Oral,TRx (Adjusted),STELARA SQ,PRODUCT,N,2026-06-26,8629.335008
SI Market + Oral,TRx (Adjusted),TREMFYA,PRODUCT,N,2026-06-26,8070.749823
SI Market + Oral,TRx (Adjusted),VELSIPITY,PRODUCT,N,2026-06-26,361.838823
SI Market + Oral,TRx (Adjusted),XELJANZ,PRODUCT,N,2026-06-26,1339.255333
SI Market + Oral,TRx (Adjusted),ZEPOSIA,PRODUCT,N,2026-06-26,370.704099
SI Market + Oral,TRx (Adjusted),ZYMFENTRA,PRODUCT,N,2026-06-26,755.232156
SI Market + Oral,TRx (Adjusted),Total Non-Approved Volume,PRODUCT,N,2026-06-26,136.142657
SI Market + Oral,TRx (Adjusted),ACTEMRA BIOSIMILARS SQ TOTAL,PRODUCT,Y,2026-06-26,0.901126
SI Market + Oral,TRx (Adjusted),ACTEMRA SQ,PRODUCT,Y,2026-06-26,1.409331
SI Market + Oral,TRx (Adjusted),BIMZELX,PRODUCT,Y,2026-06-26,5.536545
SI Market + Oral,TRx (Adjusted),COSENTYX SQ,PRODUCT,Y,2026-06-26,0.900309
SI Market + Oral,TRx (Adjusted),ENBREL,PRODUCT,Y,2026-06-26,39.868084
SI Market + Oral,TRx (Adjusted),ILUMYA,PRODUCT,Y,2026-06-26,57.869009
SI Market + Oral,TRx (Adjusted),KEVZARA,PRODUCT,Y,2026-06-26,1.1168
SI Market + Oral,TRx (Adjusted),KINERET,PRODUCT,Y,2026-06-26,0.914585
SI Market + Oral,TRx (Adjusted),OLUMIANT,PRODUCT,Y,2026-06-26,0.0
SI Market + Oral,TRx (Adjusted),ORENCIA SQ,PRODUCT,Y,2026-06-26,2.908478
SI Market + Oral,TRx (Adjusted),OTEZLA,PRODUCT,Y,2026-06-26,7.835097
SI Market + Oral,TRx (Adjusted),SILIQ,PRODUCT,Y,2026-06-26,0.0
SI Market + Oral,TRx (Adjusted),SKYRIZI,PRODUCT,Y,2026-06-26,12.484868
SI Market + Oral,TRx (Adjusted),SOTYKTU,PRODUCT,Y,2026-06-26,0.0
SI Market + Oral,TRx (Adjusted),TALTZ,PRODUCT,Y,2026-06-26,4.398424
SI Market + Oral,TRx (Adjusted),SI Market + Oral,MARKET_TOTAL,N,2026-07-03,92717.627169
SI Market + Oral,TRx (Adjusted),HUMIRA (Including Citrate Free),PRODUCT,N,2026-07-03,9142.451026
SI Market + Oral,TRx (Adjusted),ADALIMUMAB,PRODUCT,N,2026-07-03,19473.269844
SI Market + Oral,TRx (Adjusted),CIMZIA,PRODUCT,N,2026-07-03,738.427832
SI Market + Oral,TRx (Adjusted),ENTYVIO SQ,PRODUCT,N,2026-07-03,3875.652136
SI Market + Oral,TRx (Adjusted),OMVOH SQ,PRODUCT,N,2026-07-03,440.227146
SI Market + Oral,TRx (Adjusted),RINVOQ,PRODUCT,N,2026-07-03,12713.330603
SI Market + Oral,TRx (Adjusted),SIMPONI SC,PRODUCT,N,2026-07-03,338.407748
SI Market + Oral,TRx (Adjusted),SKYRIZI OBI,PRODUCT,N,2026-07-03,18330.979601
SI Market + Oral,TRx (Adjusted),STELARA BIOSIMILARS TOTAL SQ,PRODUCT,N,2026-07-03,7608.358179
SI Market + Oral,TRx (Adjusted),STELARA SQ,PRODUCT,N,2026-07-03,8801.921708
SI Market + Oral,TRx (Adjusted),TREMFYA,PRODUCT,N,2026-07-03,8232.16482
SI Market + Oral,TRx (Adjusted),VELSIPITY,PRODUCT,N,2026-07-03,369.075599
SI Market + Oral,TRx (Adjusted),XELJANZ,PRODUCT,N,2026-07-03,1366.04044
SI Market + Oral,TRx (Adjusted),ZEPOSIA,PRODUCT,N,2026-07-03,378.118181
SI Market + Oral,TRx (Adjusted),ZYMFENTRA,PRODUCT,N,2026-07-03,770.336799
SI Market + Oral,TRx (Adjusted),Total Non-Approved Volume,PRODUCT,N,2026-07-03,138.86551
SI Market + Oral,TRx (Adjusted),ACTEMRA BIOSIMILARS SQ TOTAL,PRODUCT,Y,2026-07-03,0.919148
SI Market + Oral,TRx (Adjusted),ACTEMRA SQ,PRODUCT,Y,2026-07-03,1.437518
SI Market + Oral,TRx (Adjusted),BIMZELX,PRODUCT,Y,2026-07-03,5.647276
SI Market + Oral,TRx (Adjusted),COSENTYX SQ,PRODUCT,Y,2026-07-03,0.918315
SI Market + Oral,TRx (Adjusted),ENBREL,PRODUCT,Y,2026-07-03,40.665446
SI Market + Oral,TRx (Adjusted),ILUMYA,PRODUCT,Y,2026-07-03,59.02639
SI Market + Oral,TRx (Adjusted),KEVZARA,PRODUCT,Y,2026-07-03,1.139136
SI Market + Oral,TRx (Adjusted),KINERET,PRODUCT,Y,2026-07-03,0.932877
SI Market + Oral,TRx (Adjusted),OLUMIANT,PRODUCT,Y,2026-07-03,0.0
SI Market + Oral,TRx (Adjusted),ORENCIA SQ,PRODUCT,Y,2026-07-03,2.966648
SI Market + Oral,TRx (Adjusted),OTEZLA,PRODUCT,Y,2026-07-03,7.991799
SI Market + Oral,TRx (Adjusted),SILIQ,PRODUCT,Y,2026-07-03,0.0
SI Market + Oral,TRx (Adjusted),SKYRIZI,PRODUCT,Y,2026-07-03,12.734565
SI Market + Oral,TRx (Adjusted),SOTYKTU,PRODUCT,Y,2026-07-03,0.0
SI Market + Oral,TRx (Adjusted),TALTZ,PRODUCT,Y,2026-07-03,4.486392
